
IntegrationFirmware.elf:     file format elf32-avr

Sections:
Idx Name          Size      VMA       LMA       File off  Algn
  0 .data         0000006c  00800100  0000132e  000013c2  2**0
                  CONTENTS, ALLOC, LOAD, DATA
  1 .text         0000132e  00000000  00000000  00000094  2**1
                  CONTENTS, ALLOC, LOAD, READONLY, CODE
  2 .bss          00000013  0080016c  0080016c  0000142e  2**0
                  ALLOC
  3 .comment      00000030  00000000  00000000  0000142e  2**0
                  CONTENTS, READONLY
  4 .note.gnu.avr.deviceinfo 00000040  00000000  00000000  00001460  2**2
                  CONTENTS, READONLY
  5 .debug_aranges 000001d8  00000000  00000000  000014a0  2**0
                  CONTENTS, READONLY, DEBUGGING
  6 .debug_info   0000191d  00000000  00000000  00001678  2**0
                  CONTENTS, READONLY, DEBUGGING
  7 .debug_abbrev 00000d64  00000000  00000000  00002f95  2**0
                  CONTENTS, READONLY, DEBUGGING
  8 .debug_line   00000ddf  00000000  00000000  00003cf9  2**0
                  CONTENTS, READONLY, DEBUGGING
  9 .debug_frame  00000360  00000000  00000000  00004ad8  2**2
                  CONTENTS, READONLY, DEBUGGING
 10 .debug_str    000007e0  00000000  00000000  00004e38  2**0
                  CONTENTS, READONLY, DEBUGGING
 11 .debug_loc    00000834  00000000  00000000  00005618  2**0
                  CONTENTS, READONLY, DEBUGGING
 12 .debug_ranges 00000160  00000000  00000000  00005e4c  2**0
                  CONTENTS, READONLY, DEBUGGING

Disassembly of section .text:

00000000 <__vectors>:
       0:	0c 94 b1 00 	jmp	0x162	; 0x162 <__ctors_end>
       4:	0c 94 ce 00 	jmp	0x19c	; 0x19c <__bad_interrupt>
       8:	0c 94 ce 00 	jmp	0x19c	; 0x19c <__bad_interrupt>
       c:	0c 94 ce 00 	jmp	0x19c	; 0x19c <__bad_interrupt>
      10:	0c 94 ce 00 	jmp	0x19c	; 0x19c <__bad_interrupt>
      14:	0c 94 ce 00 	jmp	0x19c	; 0x19c <__bad_interrupt>
      18:	0c 94 ce 00 	jmp	0x19c	; 0x19c <__bad_interrupt>
      1c:	0c 94 ce 00 	jmp	0x19c	; 0x19c <__bad_interrupt>
      20:	0c 94 ce 00 	jmp	0x19c	; 0x19c <__bad_interrupt>
      24:	0c 94 ce 00 	jmp	0x19c	; 0x19c <__bad_interrupt>
      28:	0c 94 ce 00 	jmp	0x19c	; 0x19c <__bad_interrupt>
      2c:	0c 94 ce 00 	jmp	0x19c	; 0x19c <__bad_interrupt>
      30:	0c 94 ce 00 	jmp	0x19c	; 0x19c <__bad_interrupt>
      34:	0c 94 ce 00 	jmp	0x19c	; 0x19c <__bad_interrupt>
      38:	0c 94 0b 01 	jmp	0x216	; 0x216 <__vector_14>
      3c:	0c 94 ce 00 	jmp	0x19c	; 0x19c <__bad_interrupt>
      40:	0c 94 ce 00 	jmp	0x19c	; 0x19c <__bad_interrupt>
      44:	0c 94 ce 00 	jmp	0x19c	; 0x19c <__bad_interrupt>
      48:	0c 94 ce 00 	jmp	0x19c	; 0x19c <__bad_interrupt>
      4c:	0c 94 ce 00 	jmp	0x19c	; 0x19c <__bad_interrupt>
      50:	0c 94 ce 00 	jmp	0x19c	; 0x19c <__bad_interrupt>
      54:	0c 94 ce 00 	jmp	0x19c	; 0x19c <__bad_interrupt>
      58:	0c 94 ce 00 	jmp	0x19c	; 0x19c <__bad_interrupt>
      5c:	0c 94 ce 00 	jmp	0x19c	; 0x19c <__bad_interrupt>
      60:	0c 94 ce 00 	jmp	0x19c	; 0x19c <__bad_interrupt>
      64:	0c 94 ce 00 	jmp	0x19c	; 0x19c <__bad_interrupt>

00000068 <__trampolines_end>:
      68:	00 40       	sbci	r16, 0x00	; 0
      6a:	7a 10       	cpse	r7, r10
      6c:	f3 5a       	subi	r31, 0xA3	; 163
      6e:	00 a0       	ldd	r0, Z+32	; 0x20
      70:	72 4e       	sbci	r23, 0xE2	; 226
      72:	18 09       	sbc	r17, r8
      74:	00 10       	cpse	r0, r0
      76:	a5 d4       	rcall	.+2378   	; 0x9c2 <__addsf3+0x22>
      78:	e8 00       	.word	0x00e8	; ????
      7a:	00 e8       	ldi	r16, 0x80	; 128
      7c:	76 48       	sbci	r23, 0x86	; 134
      7e:	17 00       	.word	0x0017	; ????
      80:	00 e4       	ldi	r16, 0x40	; 64
      82:	0b 54       	subi	r16, 0x4B	; 75
      84:	02 00       	.word	0x0002	; ????
      86:	00 ca       	rjmp	.-3072   	; 0xfffff488 <__eeprom_end+0xff7ef488>
      88:	9a 3b       	cpi	r25, 0xBA	; 186
      8a:	00 00       	nop
      8c:	00 e1       	ldi	r16, 0x10	; 16
      8e:	f5 05       	cpc	r31, r5
      90:	00 00       	nop
      92:	80 96       	adiw	r24, 0x20	; 32
      94:	98 00       	.word	0x0098	; ????
      96:	00 00       	nop
      98:	40 42       	sbci	r20, 0x20	; 32
      9a:	0f 00       	.word	0x000f	; ????
      9c:	00 00       	nop
      9e:	a0 86       	std	Z+8, r10	; 0x08
      a0:	01 00       	.word	0x0001	; ????
      a2:	00 00       	nop
      a4:	10 27       	eor	r17, r16
      a6:	00 00       	nop
      a8:	00 00       	nop
      aa:	e8 03       	fmulsu	r22, r16
      ac:	00 00       	nop
      ae:	00 00       	nop
      b0:	64 00       	.word	0x0064	; ????
      b2:	00 00       	nop
      b4:	00 00       	nop
      b6:	0a 00       	.word	0x000a	; ????
      b8:	00 00       	nop
      ba:	00 00       	nop
      bc:	01 00       	.word	0x0001	; ????
      be:	00 00       	nop
      c0:	00 00       	nop
      c2:	2c 76       	andi	r18, 0x6C	; 108
      c4:	d8 88       	ldd	r13, Y+16	; 0x10
      c6:	dc 67       	ori	r29, 0x7C	; 124
      c8:	4f 08       	sbc	r4, r15
      ca:	23 df       	rcall	.-442    	; 0xffffff12 <__eeprom_end+0xff7eff12>
      cc:	c1 df       	rcall	.-126    	; 0x50 <__SREG__+0x11>
      ce:	ae 59       	subi	r26, 0x9E	; 158
      d0:	e1 b1       	in	r30, 0x01	; 1
      d2:	b7 96       	adiw	r30, 0x27	; 39
      d4:	e5 e3       	ldi	r30, 0x35	; 53
      d6:	e4 53       	subi	r30, 0x34	; 52
      d8:	c6 3a       	cpi	r28, 0xA6	; 166
      da:	e6 51       	subi	r30, 0x16	; 22
      dc:	99 76       	andi	r25, 0x69	; 105
      de:	96 e8       	ldi	r25, 0x86	; 134
      e0:	e6 c2       	rjmp	.+1484   	; 0x6ae <temperature_vts_to_celsius+0x36>
      e2:	84 26       	eor	r8, r20
      e4:	eb 89       	ldd	r30, Y+19	; 0x13
      e6:	8c 9b       	sbis	0x11, 4	; 17
      e8:	62 ed       	ldi	r22, 0xD2	; 210
      ea:	40 7c       	andi	r20, 0xC0	; 192
      ec:	6f fc       	.word	0xfc6f	; ????
      ee:	ef bc       	out	0x2f, r14	; 47
      f0:	9c 9f       	mul	r25, r28
      f2:	40 f2       	brcs	.-112    	; 0x84 <__trampolines_end+0x1c>
      f4:	ba a5       	ldd	r27, Y+42	; 0x2a
      f6:	6f a5       	ldd	r22, Y+47	; 0x2f
      f8:	f4 90       	lpm	r15, Z
      fa:	05 5a       	subi	r16, 0xA5	; 165
      fc:	2a f7       	brpl	.-54     	; 0xc8 <__trampolines_end+0x60>
      fe:	5c 93       	st	X, r21
     100:	6b 6c       	ori	r22, 0xCB	; 203
     102:	f9 67       	ori	r31, 0x79	; 121
     104:	6d c1       	rjmp	.+730    	; 0x3e0 <main+0x16e>
     106:	1b fc       	.word	0xfc1b	; ????
     108:	e0 e4       	ldi	r30, 0x40	; 64
     10a:	0d 47       	sbci	r16, 0x7D	; 125
     10c:	fe f5       	brtc	.+126    	; 0x18c <.do_clear_bss_loop>
     10e:	20 e6       	ldi	r18, 0x60	; 96
     110:	b5 00       	.word	0x00b5	; ????
     112:	d0 ed       	ldi	r29, 0xD0	; 208
     114:	90 2e       	mov	r9, r16
     116:	03 00       	.word	0x0003	; ????
     118:	94 35       	cpi	r25, 0x54	; 84
     11a:	77 05       	cpc	r23, r7
     11c:	00 80       	ld	r0, Z
     11e:	84 1e       	adc	r8, r20
     120:	08 00       	.word	0x0008	; ????
     122:	00 20       	and	r0, r0
     124:	4e 0a       	sbc	r4, r30
     126:	00 00       	nop
     128:	00 c8       	rjmp	.-4096   	; 0xfffff12a <__eeprom_end+0xff7ef12a>
     12a:	0c 33       	cpi	r16, 0x3C	; 60
     12c:	33 33       	cpi	r19, 0x33	; 51
     12e:	33 0f       	add	r19, r19
     130:	98 6e       	ori	r25, 0xE8	; 232
     132:	12 83       	std	Z+2, r17	; 0x02
     134:	11 41       	sbci	r17, 0x11	; 17
     136:	ef 8d       	ldd	r30, Y+31	; 0x1f
     138:	21 14       	cp	r2, r1
     13a:	89 3b       	cpi	r24, 0xB9	; 185
     13c:	e6 55       	subi	r30, 0x56	; 86
     13e:	16 cf       	rjmp	.-468    	; 0xffffff6c <__eeprom_end+0xff7eff6c>
     140:	fe e6       	ldi	r31, 0x6E	; 110
     142:	db 18       	sub	r13, r11
     144:	d1 84       	ldd	r13, Z+9	; 0x09
     146:	4b 38       	cpi	r20, 0x8B	; 139
     148:	1b f7       	brvc	.-58     	; 0x110 <__trampolines_end+0xa8>
     14a:	7c 1d       	adc	r23, r12
     14c:	90 1d       	adc	r25, r0
     14e:	a4 bb       	out	0x14, r26	; 20
     150:	e4 24       	eor	r14, r4
     152:	20 32       	cpi	r18, 0x20	; 32
     154:	84 72       	andi	r24, 0x24	; 36
     156:	5e 22       	and	r5, r30
     158:	81 00       	.word	0x0081	; ????
     15a:	c9 f1       	breq	.+114    	; 0x1ce <adc_read+0x20>
     15c:	24 ec       	ldi	r18, 0xC4	; 196
     15e:	a1 e5       	ldi	r26, 0x51	; 81
     160:	3d 27       	eor	r19, r29

00000162 <__ctors_end>:
     162:	11 24       	eor	r1, r1
     164:	1f be       	out	0x3f, r1	; 63
     166:	cf ef       	ldi	r28, 0xFF	; 255
     168:	d8 e0       	ldi	r29, 0x08	; 8
     16a:	de bf       	out	0x3e, r29	; 62
     16c:	cd bf       	out	0x3d, r28	; 61

0000016e <__do_copy_data>:
     16e:	11 e0       	ldi	r17, 0x01	; 1
     170:	a0 e0       	ldi	r26, 0x00	; 0
     172:	b1 e0       	ldi	r27, 0x01	; 1
     174:	ee e2       	ldi	r30, 0x2E	; 46
     176:	f3 e1       	ldi	r31, 0x13	; 19
     178:	02 c0       	rjmp	.+4      	; 0x17e <__do_copy_data+0x10>
     17a:	05 90       	lpm	r0, Z+
     17c:	0d 92       	st	X+, r0
     17e:	ac 36       	cpi	r26, 0x6C	; 108
     180:	b1 07       	cpc	r27, r17
     182:	d9 f7       	brne	.-10     	; 0x17a <__do_copy_data+0xc>

00000184 <__do_clear_bss>:
     184:	21 e0       	ldi	r18, 0x01	; 1
     186:	ac e6       	ldi	r26, 0x6C	; 108
     188:	b1 e0       	ldi	r27, 0x01	; 1
     18a:	01 c0       	rjmp	.+2      	; 0x18e <.do_clear_bss_start>

0000018c <.do_clear_bss_loop>:
     18c:	1d 92       	st	X+, r1

0000018e <.do_clear_bss_start>:
     18e:	af 37       	cpi	r26, 0x7F	; 127
     190:	b2 07       	cpc	r27, r18
     192:	e1 f7       	brne	.-8      	; 0x18c <.do_clear_bss_loop>
     194:	0e 94 39 01 	call	0x272	; 0x272 <main>
     198:	0c 94 95 09 	jmp	0x132a	; 0x132a <_exit>

0000019c <__bad_interrupt>:
     19c:	0c 94 00 00 	jmp	0	; 0x0 <__vectors>

000001a0 <adc_init>:


void adc_init(void)
{
	// AVcc reference
	ADMUX = (1 << REFS0);
     1a0:	80 e4       	ldi	r24, 0x40	; 64
     1a2:	80 93 7c 00 	sts	0x007C, r24	; 0x80007c <__TEXT_REGION_LENGTH__+0x7f807c>

	// Enable ADC
	// Prescaler = 128
	// 16 MHz / 128 = 125 kHz
	ADCSRA = (1 << ADEN)
     1a6:	87 e8       	ldi	r24, 0x87	; 135
     1a8:	80 93 7a 00 	sts	0x007A, r24	; 0x80007a <__TEXT_REGION_LENGTH__+0x7f807a>
     1ac:	08 95       	ret

000001ae <adc_read>:


uint16_t adc_read(uint8_t channel)
{
	// Keep AVcc reference, select ADC channel 0-7
	ADMUX = (1 << REFS0) | (channel & 0x07);
     1ae:	87 70       	andi	r24, 0x07	; 7
     1b0:	80 64       	ori	r24, 0x40	; 64
     1b2:	80 93 7c 00 	sts	0x007C, r24	; 0x80007c <__TEXT_REGION_LENGTH__+0x7f807c>

	// Dummy conversion after switching channel
	ADCSRA |= (1 << ADSC);
     1b6:	ea e7       	ldi	r30, 0x7A	; 122
     1b8:	f0 e0       	ldi	r31, 0x00	; 0
     1ba:	80 81       	ld	r24, Z
     1bc:	80 64       	ori	r24, 0x40	; 64
     1be:	80 83       	st	Z, r24

	while (ADCSRA & (1 << ADSC))
     1c0:	80 91 7a 00 	lds	r24, 0x007A	; 0x80007a <__TEXT_REGION_LENGTH__+0x7f807a>
     1c4:	86 fd       	sbrc	r24, 6
     1c6:	fc cf       	rjmp	.-8      	; 0x1c0 <adc_read+0x12>
	{
	}

	// Actual conversion
	ADCSRA |= (1 << ADSC);
     1c8:	ea e7       	ldi	r30, 0x7A	; 122
     1ca:	f0 e0       	ldi	r31, 0x00	; 0
     1cc:	80 81       	ld	r24, Z
     1ce:	80 64       	ori	r24, 0x40	; 64
     1d0:	80 83       	st	Z, r24

	while (ADCSRA & (1 << ADSC))
     1d2:	80 91 7a 00 	lds	r24, 0x007A	; 0x80007a <__TEXT_REGION_LENGTH__+0x7f807a>
     1d6:	86 fd       	sbrc	r24, 6
     1d8:	fc cf       	rjmp	.-8      	; 0x1d2 <adc_read+0x24>
	{
	}

	return ADC;
     1da:	80 91 78 00 	lds	r24, 0x0078	; 0x800078 <__TEXT_REGION_LENGTH__+0x7f8078>
     1de:	90 91 79 00 	lds	r25, 0x0079	; 0x800079 <__TEXT_REGION_LENGTH__+0x7f8079>
     1e2:	08 95       	ret

000001e4 <current_adc_to_vis>:
#define CURRENT_GAIN          100.0f


float current_adc_to_vis(uint16_t adc_value)
{
    return ((float)adc_value * ADC_REF_VOLTAGE) / 1023.0f;
     1e4:	bc 01       	movw	r22, r24
     1e6:	80 e0       	ldi	r24, 0x00	; 0
     1e8:	90 e0       	ldi	r25, 0x00	; 0
     1ea:	0e 94 b3 05 	call	0xb66	; 0xb66 <__floatunsisf>
     1ee:	20 e0       	ldi	r18, 0x00	; 0
     1f0:	30 e0       	ldi	r19, 0x00	; 0
     1f2:	40 ea       	ldi	r20, 0xA0	; 160
     1f4:	50 e4       	ldi	r21, 0x40	; 64
     1f6:	0e 94 6a 06 	call	0xcd4	; 0xcd4 <__mulsf3>
     1fa:	20 e0       	ldi	r18, 0x00	; 0
     1fc:	30 ec       	ldi	r19, 0xC0	; 192
     1fe:	4f e7       	ldi	r20, 0x7F	; 127
     200:	54 e4       	ldi	r21, 0x44	; 68
     202:	0e 94 41 05 	call	0xa82	; 0xa82 <__divsf3>
}
     206:	08 95       	ret

00000208 <current_vis_to_current>:
     *
     * Gain * Rshunt = 100 * 0.01 = 1
     */

    return
        (vis - CURRENT_ZERO_VOLTAGE)
     208:	20 e0       	ldi	r18, 0x00	; 0
     20a:	30 e0       	ldi	r19, 0x00	; 0
     20c:	40 e2       	ldi	r20, 0x20	; 32
     20e:	50 e4       	ldi	r21, 0x40	; 64
     210:	0e 94 cf 04 	call	0x99e	; 0x99e <__subsf3>
        /
        (CURRENT_GAIN * SHUNT_RESISTANCE);
     214:	08 95       	ret

00000216 <__vector_14>:
/* =========================================================
   TIMER0 1 ms SYSTEM TICK
   ========================================================= */

ISR(TIMER0_COMPA_vect)
{
     216:	1f 92       	push	r1
     218:	0f 92       	push	r0
     21a:	0f b6       	in	r0, 0x3f	; 63
     21c:	0f 92       	push	r0
     21e:	11 24       	eor	r1, r1
     220:	8f 93       	push	r24
     222:	9f 93       	push	r25
     224:	af 93       	push	r26
     226:	bf 93       	push	r27
    system_ms++;
     228:	80 91 6c 01 	lds	r24, 0x016C	; 0x80016c <__data_end>
     22c:	90 91 6d 01 	lds	r25, 0x016D	; 0x80016d <__data_end+0x1>
     230:	a0 91 6e 01 	lds	r26, 0x016E	; 0x80016e <__data_end+0x2>
     234:	b0 91 6f 01 	lds	r27, 0x016F	; 0x80016f <__data_end+0x3>
     238:	01 96       	adiw	r24, 0x01	; 1
     23a:	a1 1d       	adc	r26, r1
     23c:	b1 1d       	adc	r27, r1
     23e:	80 93 6c 01 	sts	0x016C, r24	; 0x80016c <__data_end>
     242:	90 93 6d 01 	sts	0x016D, r25	; 0x80016d <__data_end+0x1>
     246:	a0 93 6e 01 	sts	0x016E, r26	; 0x80016e <__data_end+0x2>
     24a:	b0 93 6f 01 	sts	0x016F, r27	; 0x80016f <__data_end+0x3>
}
     24e:	bf 91       	pop	r27
     250:	af 91       	pop	r26
     252:	9f 91       	pop	r25
     254:	8f 91       	pop	r24
     256:	0f 90       	pop	r0
     258:	0f be       	out	0x3f, r0	; 63
     25a:	0f 90       	pop	r0
     25c:	1f 90       	pop	r1
     25e:	18 95       	reti

00000260 <timer0_init>:


void timer0_init(void)
{
    // Timer0 CTC mode
    TCCR0A = (1 << WGM01);
     260:	82 e0       	ldi	r24, 0x02	; 2
     262:	84 bd       	out	0x24, r24	; 36
     *
     * 250 counts = 1 ms
     *
     * OCR0A = 249
     */
    OCR0A = 249;
     264:	99 ef       	ldi	r25, 0xF9	; 249
     266:	97 bd       	out	0x27, r25	; 39

    // Prescaler = 64
    TCCR0B = (1 << CS01) | (1 << CS00);
     268:	93 e0       	ldi	r25, 0x03	; 3
     26a:	95 bd       	out	0x25, r25	; 37

    // Enable Compare Match A interrupt
    TIMSK0 = (1 << OCIE0A);
     26c:	80 93 6e 00 	sts	0x006E, r24	; 0x80006e <__TEXT_REGION_LENGTH__+0x7f806e>
     270:	08 95       	ret

00000272 <main>:
/* =========================================================
   MAIN
   ========================================================= */

int main(void)
{
     272:	cf 93       	push	r28
     274:	df 93       	push	r29
     276:	cd b7       	in	r28, 0x3d	; 61
     278:	de b7       	in	r29, 0x3e	; 62
     27a:	6a 97       	sbiw	r28, 0x1a	; 26
     27c:	0f b6       	in	r0, 0x3f	; 63
     27e:	f8 94       	cli
     280:	de bf       	out	0x3e, r29	; 62
     282:	0f be       	out	0x3f, r0	; 63
     284:	cd bf       	out	0x3d, r28	; 61
    uart_init();
     286:	0e 94 52 04 	call	0x8a4	; 0x8a4 <uart_init>

    adc_init();
     28a:	0e 94 d0 00 	call	0x1a0	; 0x1a0 <adc_init>

    touch_init();
     28e:	0e 94 a9 03 	call	0x752	; 0x752 <touch_init>

    protection_init();
     292:	0e 94 5b 02 	call	0x4b6	; 0x4b6 <protection_init>

    timer0_init();
     296:	0e 94 30 01 	call	0x260	; 0x260 <timer0_init>

    sei();
     29a:	78 94       	sei


    uint32_t last_touch_time = 0;
    uint32_t last_uart_time = 0;
     29c:	41 2c       	mov	r4, r1
     29e:	51 2c       	mov	r5, r1
     2a0:	32 01       	movw	r6, r4
    timer0_init();

    sei();


    uint32_t last_touch_time = 0;
     2a2:	81 2c       	mov	r8, r1
     2a4:	91 2c       	mov	r9, r1
     2a6:	54 01       	movw	r10, r8
         * No delay.
         * No UART.
         * No floating point.
         */

        protection_update_fast();
     2a8:	0e 94 68 02 	call	0x4d0	; 0x4d0 <protection_update_fast>
         * TOUCH
         * every approximately 20 ms
         * ========================================
         */

        if ((system_ms - last_touch_time) >= 20)
     2ac:	80 91 6c 01 	lds	r24, 0x016C	; 0x80016c <__data_end>
     2b0:	90 91 6d 01 	lds	r25, 0x016D	; 0x80016d <__data_end+0x1>
     2b4:	a0 91 6e 01 	lds	r26, 0x016E	; 0x80016e <__data_end+0x2>
     2b8:	b0 91 6f 01 	lds	r27, 0x016F	; 0x80016f <__data_end+0x3>
     2bc:	88 19       	sub	r24, r8
     2be:	99 09       	sbc	r25, r9
     2c0:	aa 09       	sbc	r26, r10
     2c2:	bb 09       	sbc	r27, r11
     2c4:	44 97       	sbiw	r24, 0x14	; 20
     2c6:	a1 05       	cpc	r26, r1
     2c8:	b1 05       	cpc	r27, r1
     2ca:	50 f0       	brcs	.+20     	; 0x2e0 <main+0x6e>
        {
            last_touch_time = system_ms;
     2cc:	80 90 6c 01 	lds	r8, 0x016C	; 0x80016c <__data_end>
     2d0:	90 90 6d 01 	lds	r9, 0x016D	; 0x80016d <__data_end+0x1>
     2d4:	a0 90 6e 01 	lds	r10, 0x016E	; 0x80016e <__data_end+0x2>
     2d8:	b0 90 6f 01 	lds	r11, 0x016F	; 0x80016f <__data_end+0x3>

            touch_update();
     2dc:	0e 94 30 04 	call	0x860	; 0x860 <touch_update>
         * UART DIAGNOSTICS
         * every approximately 250 ms
         * ========================================
         */

        if ((system_ms - last_uart_time) >= 250)
     2e0:	80 91 6c 01 	lds	r24, 0x016C	; 0x80016c <__data_end>
     2e4:	90 91 6d 01 	lds	r25, 0x016D	; 0x80016d <__data_end+0x1>
     2e8:	a0 91 6e 01 	lds	r26, 0x016E	; 0x80016e <__data_end+0x2>
     2ec:	b0 91 6f 01 	lds	r27, 0x016F	; 0x80016f <__data_end+0x3>
     2f0:	84 19       	sub	r24, r4
     2f2:	95 09       	sbc	r25, r5
     2f4:	a6 09       	sbc	r26, r6
     2f6:	b7 09       	sbc	r27, r7
     2f8:	8a 3f       	cpi	r24, 0xFA	; 250
     2fa:	91 05       	cpc	r25, r1
     2fc:	a1 05       	cpc	r26, r1
     2fe:	b1 05       	cpc	r27, r1
     300:	98 f2       	brcs	.-90     	; 0x2a8 <main+0x36>
        {
            last_uart_time = system_ms;
     302:	40 90 6c 01 	lds	r4, 0x016C	; 0x80016c <__data_end>
     306:	50 90 6d 01 	lds	r5, 0x016D	; 0x80016d <__data_end+0x1>
     30a:	60 90 6e 01 	lds	r6, 0x016E	; 0x80016e <__data_end+0x2>
     30e:	70 90 6f 01 	lds	r7, 0x016F	; 0x80016f <__data_end+0x3>

            // -------------------------
            // Latest ADC readings
            // -------------------------

            uint16_t vvs_adc =
     312:	0e 94 dd 02 	call	0x5ba	; 0x5ba <protection_get_vvs_adc>
     316:	6c 01       	movw	r12, r24
                protection_get_vvs_adc();

            uint16_t vis_adc =
     318:	0e 94 e2 02 	call	0x5c4	; 0x5c4 <protection_get_vis_adc>
     31c:	7c 01       	movw	r14, r24
                protection_get_vis_adc();

            uint16_t vts_adc =
     31e:	0e 94 e7 02 	call	0x5ce	; 0x5ce <protection_get_vts_adc>
     322:	9e 8b       	std	Y+22, r25	; 0x16
     324:	8d 8b       	std	Y+21, r24	; 0x15

            // -------------------------
            // Voltage
            // -------------------------

            float vvs =
     326:	c6 01       	movw	r24, r12
     328:	0e 94 b0 04 	call	0x960	; 0x960 <voltage_adc_to_vvs>
     32c:	69 83       	std	Y+1, r22	; 0x01
     32e:	7a 83       	std	Y+2, r23	; 0x02
     330:	8b 83       	std	Y+3, r24	; 0x03
     332:	9c 83       	std	Y+4, r25	; 0x04
                voltage_adc_to_vvs(vvs_adc);

            float v_supercap =
     334:	0e 94 c2 04 	call	0x984	; 0x984 <voltage_vvs_to_supercap>
     338:	6d 83       	std	Y+5, r22	; 0x05
     33a:	7e 83       	std	Y+6, r23	; 0x06
     33c:	8f 83       	std	Y+7, r24	; 0x07
     33e:	98 87       	std	Y+8, r25	; 0x08

            // -------------------------
            // SoE
            // -------------------------

            float soe =
     340:	0e 94 ec 02 	call	0x5d8	; 0x5d8 <soe_calculate>
     344:	6d 87       	std	Y+13, r22	; 0x0d
     346:	7e 87       	std	Y+14, r23	; 0x0e
     348:	8f 87       	std	Y+15, r24	; 0x0f
     34a:	98 8b       	std	Y+16, r25	; 0x10

            // -------------------------
            // Current
            // -------------------------

            float vis =
     34c:	c7 01       	movw	r24, r14
     34e:	0e 94 f2 00 	call	0x1e4	; 0x1e4 <current_adc_to_vis>
     352:	69 87       	std	Y+9, r22	; 0x09
     354:	7a 87       	std	Y+10, r23	; 0x0a
     356:	8b 87       	std	Y+11, r24	; 0x0b
     358:	9c 87       	std	Y+12, r25	; 0x0c
                current_adc_to_vis(vis_adc);

            float current =
     35a:	0e 94 04 01 	call	0x208	; 0x208 <current_vis_to_current>
     35e:	69 8b       	std	Y+17, r22	; 0x11
     360:	7a 8b       	std	Y+18, r23	; 0x12
     362:	8b 8b       	std	Y+19, r24	; 0x13
     364:	9c 8b       	std	Y+20, r25	; 0x14

            // -------------------------
            // Temperature
            // -------------------------

            float vts =
     366:	8d 89       	ldd	r24, Y+21	; 0x15
     368:	9e 89       	ldd	r25, Y+22	; 0x16
     36a:	0e 94 2a 03 	call	0x654	; 0x654 <temperature_adc_to_vts>
     36e:	6b 01       	movw	r12, r22
     370:	7c 01       	movw	r14, r24
                temperature_adc_to_vts(vts_adc);

            float temperature =
     372:	0e 94 3c 03 	call	0x678	; 0x678 <temperature_vts_to_celsius>
     376:	6d 8b       	std	Y+21, r22	; 0x15
     378:	7e 8b       	std	Y+22, r23	; 0x16
     37a:	8f 8b       	std	Y+23, r24	; 0x17
     37c:	98 8f       	std	Y+24, r25	; 0x18

            // -------------------------
            // Touch
            // -------------------------

            uint16_t touch_count =
     37e:	0e 94 4d 04 	call	0x89a	; 0x89a <touch_get_count>
     382:	9a 8f       	std	Y+26, r25	; 0x1a
     384:	89 8f       	std	Y+25, r24	; 0x19

            // =================================================
            // UART
            // =================================================

            uart_send_string("Vsc=");
     386:	80 e0       	ldi	r24, 0x00	; 0
     388:	91 e0       	ldi	r25, 0x01	; 1
     38a:	0e 94 65 04 	call	0x8ca	; 0x8ca <uart_send_string>
            uart_send_float(v_supercap, 3);
     38e:	43 e0       	ldi	r20, 0x03	; 3
     390:	6d 81       	ldd	r22, Y+5	; 0x05
     392:	7e 81       	ldd	r23, Y+6	; 0x06
     394:	8f 81       	ldd	r24, Y+7	; 0x07
     396:	98 85       	ldd	r25, Y+8	; 0x08
     398:	0e 94 8f 04 	call	0x91e	; 0x91e <uart_send_float>
            uart_send_string("V");
     39c:	85 e0       	ldi	r24, 0x05	; 5
     39e:	91 e0       	ldi	r25, 0x01	; 1
     3a0:	0e 94 65 04 	call	0x8ca	; 0x8ca <uart_send_string>


            uart_send_string(" | SoE=");
     3a4:	87 e0       	ldi	r24, 0x07	; 7
     3a6:	91 e0       	ldi	r25, 0x01	; 1
     3a8:	0e 94 65 04 	call	0x8ca	; 0x8ca <uart_send_string>
            uart_send_float(soe, 1);
     3ac:	41 e0       	ldi	r20, 0x01	; 1
     3ae:	6d 85       	ldd	r22, Y+13	; 0x0d
     3b0:	7e 85       	ldd	r23, Y+14	; 0x0e
     3b2:	8f 85       	ldd	r24, Y+15	; 0x0f
     3b4:	98 89       	ldd	r25, Y+16	; 0x10
     3b6:	0e 94 8f 04 	call	0x91e	; 0x91e <uart_send_float>
            uart_send_string("%");
     3ba:	8f e0       	ldi	r24, 0x0F	; 15
     3bc:	91 e0       	ldi	r25, 0x01	; 1
     3be:	0e 94 65 04 	call	0x8ca	; 0x8ca <uart_send_string>


            uart_send_string(" | Vvs=");
     3c2:	81 e1       	ldi	r24, 0x11	; 17
     3c4:	91 e0       	ldi	r25, 0x01	; 1
     3c6:	0e 94 65 04 	call	0x8ca	; 0x8ca <uart_send_string>
            uart_send_float(vvs, 3);
     3ca:	43 e0       	ldi	r20, 0x03	; 3
     3cc:	69 81       	ldd	r22, Y+1	; 0x01
     3ce:	7a 81       	ldd	r23, Y+2	; 0x02
     3d0:	8b 81       	ldd	r24, Y+3	; 0x03
     3d2:	9c 81       	ldd	r25, Y+4	; 0x04
     3d4:	0e 94 8f 04 	call	0x91e	; 0x91e <uart_send_float>
            uart_send_string("V");
     3d8:	85 e0       	ldi	r24, 0x05	; 5
     3da:	91 e0       	ldi	r25, 0x01	; 1
     3dc:	0e 94 65 04 	call	0x8ca	; 0x8ca <uart_send_string>


            uart_send_string(" | I=");
     3e0:	89 e1       	ldi	r24, 0x19	; 25
     3e2:	91 e0       	ldi	r25, 0x01	; 1
     3e4:	0e 94 65 04 	call	0x8ca	; 0x8ca <uart_send_string>
            uart_send_float(current, 2);
     3e8:	42 e0       	ldi	r20, 0x02	; 2
     3ea:	69 89       	ldd	r22, Y+17	; 0x11
     3ec:	7a 89       	ldd	r23, Y+18	; 0x12
     3ee:	8b 89       	ldd	r24, Y+19	; 0x13
     3f0:	9c 89       	ldd	r25, Y+20	; 0x14
     3f2:	0e 94 8f 04 	call	0x91e	; 0x91e <uart_send_float>
            uart_send_string("A");
     3f6:	8f e1       	ldi	r24, 0x1F	; 31
     3f8:	91 e0       	ldi	r25, 0x01	; 1
     3fa:	0e 94 65 04 	call	0x8ca	; 0x8ca <uart_send_string>


            uart_send_string(" | Vis=");
     3fe:	81 e2       	ldi	r24, 0x21	; 33
     400:	91 e0       	ldi	r25, 0x01	; 1
     402:	0e 94 65 04 	call	0x8ca	; 0x8ca <uart_send_string>
            uart_send_float(vis, 3);
     406:	43 e0       	ldi	r20, 0x03	; 3
     408:	69 85       	ldd	r22, Y+9	; 0x09
     40a:	7a 85       	ldd	r23, Y+10	; 0x0a
     40c:	8b 85       	ldd	r24, Y+11	; 0x0b
     40e:	9c 85       	ldd	r25, Y+12	; 0x0c
     410:	0e 94 8f 04 	call	0x91e	; 0x91e <uart_send_float>
            uart_send_string("V");
     414:	85 e0       	ldi	r24, 0x05	; 5
     416:	91 e0       	ldi	r25, 0x01	; 1
     418:	0e 94 65 04 	call	0x8ca	; 0x8ca <uart_send_string>


            uart_send_string(" | Temp=");
     41c:	89 e2       	ldi	r24, 0x29	; 41
     41e:	91 e0       	ldi	r25, 0x01	; 1
     420:	0e 94 65 04 	call	0x8ca	; 0x8ca <uart_send_string>
            uart_send_float(temperature, 1);
     424:	41 e0       	ldi	r20, 0x01	; 1
     426:	6d 89       	ldd	r22, Y+21	; 0x15
     428:	7e 89       	ldd	r23, Y+22	; 0x16
     42a:	8f 89       	ldd	r24, Y+23	; 0x17
     42c:	98 8d       	ldd	r25, Y+24	; 0x18
     42e:	0e 94 8f 04 	call	0x91e	; 0x91e <uart_send_float>
            uart_send_string("C");
     432:	82 e3       	ldi	r24, 0x32	; 50
     434:	91 e0       	ldi	r25, 0x01	; 1
     436:	0e 94 65 04 	call	0x8ca	; 0x8ca <uart_send_string>


            uart_send_string(" | Vts=");
     43a:	84 e3       	ldi	r24, 0x34	; 52
     43c:	91 e0       	ldi	r25, 0x01	; 1
     43e:	0e 94 65 04 	call	0x8ca	; 0x8ca <uart_send_string>
            uart_send_float(vts, 3);
     442:	43 e0       	ldi	r20, 0x03	; 3
     444:	c7 01       	movw	r24, r14
     446:	b6 01       	movw	r22, r12
     448:	0e 94 8f 04 	call	0x91e	; 0x91e <uart_send_float>
            uart_send_string("V");
     44c:	85 e0       	ldi	r24, 0x05	; 5
     44e:	91 e0       	ldi	r25, 0x01	; 1
     450:	0e 94 65 04 	call	0x8ca	; 0x8ca <uart_send_string>


            uart_send_string(" | Touch=");
     454:	8c e3       	ldi	r24, 0x3C	; 60
     456:	91 e0       	ldi	r25, 0x01	; 1
     458:	0e 94 65 04 	call	0x8ca	; 0x8ca <uart_send_string>
            uart_send_uint16(touch_count);
     45c:	89 8d       	ldd	r24, Y+25	; 0x19
     45e:	9a 8d       	ldd	r25, Y+26	; 0x1a
     460:	0e 94 72 04 	call	0x8e4	; 0x8e4 <uart_send_uint16>

            // -------------------------
            // Fault diagnostics
            // -------------------------

            uart_send_string(" | OVP=");
     464:	86 e4       	ldi	r24, 0x46	; 70
     466:	91 e0       	ldi	r25, 0x01	; 1
     468:	0e 94 65 04 	call	0x8ca	; 0x8ca <uart_send_string>
            uart_send_uint16(
                protection_get_ovp()
     46c:	0e 94 d1 02 	call	0x5a2	; 0x5a2 <protection_get_ovp>
            // -------------------------
            // Fault diagnostics
            // -------------------------

            uart_send_string(" | OVP=");
            uart_send_uint16(
     470:	90 e0       	ldi	r25, 0x00	; 0
     472:	0e 94 72 04 	call	0x8e4	; 0x8e4 <uart_send_uint16>
                protection_get_ovp()
            );


            uart_send_string(" | BOCP=");
     476:	8e e4       	ldi	r24, 0x4E	; 78
     478:	91 e0       	ldi	r25, 0x01	; 1
     47a:	0e 94 65 04 	call	0x8ca	; 0x8ca <uart_send_string>
            uart_send_uint16(
                protection_get_boost_ocp()
     47e:	0e 94 d7 02 	call	0x5ae	; 0x5ae <protection_get_boost_ocp>
                protection_get_ovp()
            );


            uart_send_string(" | BOCP=");
            uart_send_uint16(
     482:	90 e0       	ldi	r25, 0x00	; 0
     484:	0e 94 72 04 	call	0x8e4	; 0x8e4 <uart_send_uint16>
                protection_get_boost_ocp()
            );


            uart_send_string(" | COCP=");
     488:	87 e5       	ldi	r24, 0x57	; 87
     48a:	91 e0       	ldi	r25, 0x01	; 1
     48c:	0e 94 65 04 	call	0x8ca	; 0x8ca <uart_send_string>
            uart_send_uint16(
                protection_get_charger_ocp()
     490:	0e 94 da 02 	call	0x5b4	; 0x5b4 <protection_get_charger_ocp>
                protection_get_boost_ocp()
            );


            uart_send_string(" | COCP=");
            uart_send_uint16(
     494:	90 e0       	ldi	r25, 0x00	; 0
     496:	0e 94 72 04 	call	0x8e4	; 0x8e4 <uart_send_uint16>
                protection_get_charger_ocp()
            );


            uart_send_string(" | OTP=");
     49a:	80 e6       	ldi	r24, 0x60	; 96
     49c:	91 e0       	ldi	r25, 0x01	; 1
     49e:	0e 94 65 04 	call	0x8ca	; 0x8ca <uart_send_string>
            uart_send_uint16(
                protection_get_otp()
     4a2:	0e 94 d4 02 	call	0x5a8	; 0x5a8 <protection_get_otp>
                protection_get_charger_ocp()
            );


            uart_send_string(" | OTP=");
            uart_send_uint16(
     4a6:	90 e0       	ldi	r25, 0x00	; 0
     4a8:	0e 94 72 04 	call	0x8e4	; 0x8e4 <uart_send_uint16>
                protection_get_otp()
            );


            uart_send_string("\r\n");
     4ac:	88 e6       	ldi	r24, 0x68	; 104
     4ae:	91 e0       	ldi	r25, 0x01	; 1
     4b0:	0e 94 65 04 	call	0x8ca	; 0x8ca <uart_send_string>
     4b4:	f9 ce       	rjmp	.-526    	; 0x2a8 <main+0x36>

000004b6 <protection_init>:


void protection_init(void)
{
    // PC3 = CHARGER_FAULT_FW
    DDRC |= (1 << PC3);
     4b6:	87 b1       	in	r24, 0x07	; 7
     4b8:	88 60       	ori	r24, 0x08	; 8
     4ba:	87 b9       	out	0x07, r24	; 7

    // PC4 = BOOST_FAULT_FW
    DDRC |= (1 << PC4);
     4bc:	87 b1       	in	r24, 0x07	; 7
     4be:	80 61       	ori	r24, 0x10	; 16
     4c0:	87 b9       	out	0x07, r24	; 7


    // Initially no firmware fault
    PORTC &= ~(1 << PC3);
     4c2:	88 b1       	in	r24, 0x08	; 8
     4c4:	87 7f       	andi	r24, 0xF7	; 247
     4c6:	88 b9       	out	0x08, r24	; 8
    PORTC &= ~(1 << PC4);
     4c8:	88 b1       	in	r24, 0x08	; 8
     4ca:	8f 7e       	andi	r24, 0xEF	; 239
     4cc:	88 b9       	out	0x08, r24	; 8
     4ce:	08 95       	ret

000004d0 <protection_update_fast>:
{
    // -------------------------
    // FAST SENSOR READS
    // -------------------------

    latest_vvs_adc = adc_read(0);    // PC0
     4d0:	80 e0       	ldi	r24, 0x00	; 0
     4d2:	0e 94 d7 00 	call	0x1ae	; 0x1ae <adc_read>
     4d6:	90 93 75 01 	sts	0x0175, r25	; 0x800175 <latest_vvs_adc+0x1>
     4da:	80 93 74 01 	sts	0x0174, r24	; 0x800174 <latest_vvs_adc>
    latest_vis_adc = adc_read(1);    // PC1
     4de:	81 e0       	ldi	r24, 0x01	; 1
     4e0:	0e 94 d7 00 	call	0x1ae	; 0x1ae <adc_read>
     4e4:	90 93 73 01 	sts	0x0173, r25	; 0x800173 <latest_vis_adc+0x1>
     4e8:	80 93 72 01 	sts	0x0172, r24	; 0x800172 <latest_vis_adc>
    latest_vts_adc = adc_read(2);    // PC2
     4ec:	82 e0       	ldi	r24, 0x02	; 2
     4ee:	0e 94 d7 00 	call	0x1ae	; 0x1ae <adc_read>
     4f2:	90 93 71 01 	sts	0x0171, r25	; 0x800171 <latest_vts_adc+0x1>
     4f6:	80 93 70 01 	sts	0x0170, r24	; 0x800170 <latest_vts_adc>

    // -------------------------
    // OVP
    // -------------------------

    if (latest_vvs_adc >= OVP_ADC_THRESHOLD)
     4fa:	20 91 74 01 	lds	r18, 0x0174	; 0x800174 <latest_vvs_adc>
     4fe:	30 91 75 01 	lds	r19, 0x0175	; 0x800175 <latest_vvs_adc+0x1>
     502:	22 38       	cpi	r18, 0x82	; 130
     504:	33 40       	sbci	r19, 0x03	; 3
     506:	20 f0       	brcs	.+8      	; 0x510 <protection_update_fast+0x40>
    {
        ovp_fault = 1;
     508:	21 e0       	ldi	r18, 0x01	; 1
     50a:	20 93 79 01 	sts	0x0179, r18	; 0x800179 <ovp_fault>
     50e:	02 c0       	rjmp	.+4      	; 0x514 <protection_update_fast+0x44>
    }
    else
    {
        ovp_fault = 0;
     510:	10 92 79 01 	sts	0x0179, r1	; 0x800179 <ovp_fault>

    // -------------------------
    // OTP
    // -------------------------

    if (latest_vts_adc <= OTP_ADC_THRESHOLD)
     514:	82 33       	cpi	r24, 0x32	; 50
     516:	92 40       	sbci	r25, 0x02	; 2
     518:	20 f4       	brcc	.+8      	; 0x522 <protection_update_fast+0x52>
    {
        otp_fault = 1;
     51a:	81 e0       	ldi	r24, 0x01	; 1
     51c:	80 93 78 01 	sts	0x0178, r24	; 0x800178 <otp_fault>
     520:	02 c0       	rjmp	.+4      	; 0x526 <protection_update_fast+0x56>
    }
    else
    {
        otp_fault = 0;
     522:	10 92 78 01 	sts	0x0178, r1	; 0x800178 <otp_fault>

    // -------------------------
    // BOOST OCP
    // -------------------------

    if (latest_vis_adc >= BOOST_OCP_ADC_THRESHOLD)
     526:	80 91 72 01 	lds	r24, 0x0172	; 0x800172 <latest_vis_adc>
     52a:	90 91 73 01 	lds	r25, 0x0173	; 0x800173 <latest_vis_adc+0x1>
     52e:	8b 3e       	cpi	r24, 0xEB	; 235
     530:	43 e0       	ldi	r20, 0x03	; 3
     532:	94 07       	cpc	r25, r20
     534:	20 f0       	brcs	.+8      	; 0x53e <protection_update_fast+0x6e>
    {
        boost_ocp_fault = 1;
     536:	21 e0       	ldi	r18, 0x01	; 1
     538:	20 93 77 01 	sts	0x0177, r18	; 0x800177 <boost_ocp_fault>
     53c:	02 c0       	rjmp	.+4      	; 0x542 <protection_update_fast+0x72>
    }
    else
    {
        boost_ocp_fault = 0;
     53e:	10 92 77 01 	sts	0x0177, r1	; 0x800177 <boost_ocp_fault>

    // -------------------------
    // CHARGER OCP
    // -------------------------

    if (latest_vis_adc <= CHARGER_OCP_ADC_THRESHOLD)
     542:	8f 3a       	cpi	r24, 0xAF	; 175
     544:	91 40       	sbci	r25, 0x01	; 1
     546:	20 f4       	brcc	.+8      	; 0x550 <protection_update_fast+0x80>
    {
        charger_ocp_fault = 1;
     548:	81 e0       	ldi	r24, 0x01	; 1
     54a:	80 93 76 01 	sts	0x0176, r24	; 0x800176 <charger_ocp_fault>
     54e:	02 c0       	rjmp	.+4      	; 0x554 <protection_update_fast+0x84>
    }
    else
    {
        charger_ocp_fault = 0;
     550:	10 92 76 01 	sts	0x0176, r1	; 0x800176 <charger_ocp_fault>

    // -------------------------
    // BOOST FAULT OUTPUT
    // -------------------------

    if (ovp_fault ||
     554:	80 91 79 01 	lds	r24, 0x0179	; 0x800179 <ovp_fault>
     558:	81 11       	cpse	r24, r1
     55a:	08 c0       	rjmp	.+16     	; 0x56c <protection_update_fast+0x9c>
     55c:	80 91 78 01 	lds	r24, 0x0178	; 0x800178 <otp_fault>
     560:	81 11       	cpse	r24, r1
     562:	04 c0       	rjmp	.+8      	; 0x56c <protection_update_fast+0x9c>
        otp_fault ||
     564:	80 91 77 01 	lds	r24, 0x0177	; 0x800177 <boost_ocp_fault>
     568:	88 23       	and	r24, r24
     56a:	21 f0       	breq	.+8      	; 0x574 <protection_update_fast+0xa4>
        boost_ocp_fault)
    {
        PORTC |= (1 << PC4);
     56c:	88 b1       	in	r24, 0x08	; 8
     56e:	80 61       	ori	r24, 0x10	; 16
     570:	88 b9       	out	0x08, r24	; 8
     572:	03 c0       	rjmp	.+6      	; 0x57a <protection_update_fast+0xaa>
    }
    else
    {
        PORTC &= ~(1 << PC4);
     574:	88 b1       	in	r24, 0x08	; 8
     576:	8f 7e       	andi	r24, 0xEF	; 239
     578:	88 b9       	out	0x08, r24	; 8

    // -------------------------
    // CHARGER FAULT OUTPUT
    // -------------------------

    if (ovp_fault ||
     57a:	80 91 79 01 	lds	r24, 0x0179	; 0x800179 <ovp_fault>
     57e:	81 11       	cpse	r24, r1
     580:	08 c0       	rjmp	.+16     	; 0x592 <protection_update_fast+0xc2>
     582:	80 91 78 01 	lds	r24, 0x0178	; 0x800178 <otp_fault>
     586:	81 11       	cpse	r24, r1
     588:	04 c0       	rjmp	.+8      	; 0x592 <protection_update_fast+0xc2>
        otp_fault ||
     58a:	80 91 76 01 	lds	r24, 0x0176	; 0x800176 <charger_ocp_fault>
     58e:	88 23       	and	r24, r24
     590:	21 f0       	breq	.+8      	; 0x59a <protection_update_fast+0xca>
        charger_ocp_fault)
    {
        PORTC |= (1 << PC3);
     592:	88 b1       	in	r24, 0x08	; 8
     594:	88 60       	ori	r24, 0x08	; 8
     596:	88 b9       	out	0x08, r24	; 8
     598:	08 95       	ret
    }
    else
    {
        PORTC &= ~(1 << PC3);
     59a:	88 b1       	in	r24, 0x08	; 8
     59c:	87 7f       	andi	r24, 0xF7	; 247
     59e:	88 b9       	out	0x08, r24	; 8
     5a0:	08 95       	ret

000005a2 <protection_get_ovp>:


uint8_t protection_get_ovp(void)
{
    return ovp_fault;
}
     5a2:	80 91 79 01 	lds	r24, 0x0179	; 0x800179 <ovp_fault>
     5a6:	08 95       	ret

000005a8 <protection_get_otp>:


uint8_t protection_get_otp(void)
{
    return otp_fault;
}
     5a8:	80 91 78 01 	lds	r24, 0x0178	; 0x800178 <otp_fault>
     5ac:	08 95       	ret

000005ae <protection_get_boost_ocp>:


uint8_t protection_get_boost_ocp(void)
{
    return boost_ocp_fault;
}
     5ae:	80 91 77 01 	lds	r24, 0x0177	; 0x800177 <boost_ocp_fault>
     5b2:	08 95       	ret

000005b4 <protection_get_charger_ocp>:


uint8_t protection_get_charger_ocp(void)
{
    return charger_ocp_fault;
}
     5b4:	80 91 76 01 	lds	r24, 0x0176	; 0x800176 <charger_ocp_fault>
     5b8:	08 95       	ret

000005ba <protection_get_vvs_adc>:


uint16_t protection_get_vvs_adc(void)
{
    return latest_vvs_adc;
}
     5ba:	80 91 74 01 	lds	r24, 0x0174	; 0x800174 <latest_vvs_adc>
     5be:	90 91 75 01 	lds	r25, 0x0175	; 0x800175 <latest_vvs_adc+0x1>
     5c2:	08 95       	ret

000005c4 <protection_get_vis_adc>:


uint16_t protection_get_vis_adc(void)
{
    return latest_vis_adc;
}
     5c4:	80 91 72 01 	lds	r24, 0x0172	; 0x800172 <latest_vis_adc>
     5c8:	90 91 73 01 	lds	r25, 0x0173	; 0x800173 <latest_vis_adc+0x1>
     5cc:	08 95       	ret

000005ce <protection_get_vts_adc>:


uint16_t protection_get_vts_adc(void)
{
    return latest_vts_adc;
     5ce:	80 91 70 01 	lds	r24, 0x0170	; 0x800170 <latest_vts_adc>
     5d2:	90 91 71 01 	lds	r25, 0x0171	; 0x800171 <latest_vts_adc+0x1>
     5d6:	08 95       	ret

000005d8 <soe_calculate>:

#include "soe.h"


float soe_calculate(float supercap_voltage)
{
     5d8:	cf 92       	push	r12
     5da:	df 92       	push	r13
     5dc:	ef 92       	push	r14
     5de:	ff 92       	push	r15
     5e0:	6b 01       	movw	r12, r22
     5e2:	7c 01       	movw	r14, r24
	if (supercap_voltage <= 2.5f)
     5e4:	20 e0       	ldi	r18, 0x00	; 0
     5e6:	30 e0       	ldi	r19, 0x00	; 0
     5e8:	40 e2       	ldi	r20, 0x20	; 32
     5ea:	50 e4       	ldi	r21, 0x40	; 64
     5ec:	0e 94 3c 05 	call	0xa78	; 0xa78 <__cmpsf2>
     5f0:	18 16       	cp	r1, r24
     5f2:	1c f5       	brge	.+70     	; 0x63a <soe_calculate+0x62>
	{
		return 0.0f;
	}

	if (supercap_voltage >= 3.5f)
     5f4:	20 e0       	ldi	r18, 0x00	; 0
     5f6:	30 e0       	ldi	r19, 0x00	; 0
     5f8:	40 e6       	ldi	r20, 0x60	; 96
     5fa:	50 e4       	ldi	r21, 0x40	; 64
     5fc:	c7 01       	movw	r24, r14
     5fe:	b6 01       	movw	r22, r12
     600:	0e 94 65 06 	call	0xcca	; 0xcca <__gesf2>
     604:	88 23       	and	r24, r24
     606:	ec f4       	brge	.+58     	; 0x642 <soe_calculate+0x6a>
	{
		return 100.0f;
	}

	float numerator =
	(supercap_voltage * supercap_voltage)
     608:	a7 01       	movw	r20, r14
     60a:	96 01       	movw	r18, r12
     60c:	c7 01       	movw	r24, r14
     60e:	b6 01       	movw	r22, r12
     610:	0e 94 6a 06 	call	0xcd4	; 0xcd4 <__mulsf3>
	if (supercap_voltage >= 3.5f)
	{
		return 100.0f;
	}

	float numerator =
     614:	20 e0       	ldi	r18, 0x00	; 0
     616:	30 e0       	ldi	r19, 0x00	; 0
     618:	48 ec       	ldi	r20, 0xC8	; 200
     61a:	50 e4       	ldi	r21, 0x40	; 64
     61c:	0e 94 cf 04 	call	0x99e	; 0x99e <__subsf3>

	float denominator =
	(3.5f * 3.5f)
	- (2.5f * 2.5f);

	return (numerator / denominator) * 100.0f;
     620:	20 e0       	ldi	r18, 0x00	; 0
     622:	30 e0       	ldi	r19, 0x00	; 0
     624:	40 ec       	ldi	r20, 0xC0	; 192
     626:	50 e4       	ldi	r21, 0x40	; 64
     628:	0e 94 41 05 	call	0xa82	; 0xa82 <__divsf3>
     62c:	20 e0       	ldi	r18, 0x00	; 0
     62e:	30 e0       	ldi	r19, 0x00	; 0
     630:	48 ec       	ldi	r20, 0xC8	; 200
     632:	52 e4       	ldi	r21, 0x42	; 66
     634:	0e 94 6a 06 	call	0xcd4	; 0xcd4 <__mulsf3>
     638:	08 c0       	rjmp	.+16     	; 0x64a <soe_calculate+0x72>

float soe_calculate(float supercap_voltage)
{
	if (supercap_voltage <= 2.5f)
	{
		return 0.0f;
     63a:	60 e0       	ldi	r22, 0x00	; 0
     63c:	70 e0       	ldi	r23, 0x00	; 0
     63e:	cb 01       	movw	r24, r22
     640:	04 c0       	rjmp	.+8      	; 0x64a <soe_calculate+0x72>
	}

	if (supercap_voltage >= 3.5f)
	{
		return 100.0f;
     642:	60 e0       	ldi	r22, 0x00	; 0
     644:	70 e0       	ldi	r23, 0x00	; 0
     646:	88 ec       	ldi	r24, 0xC8	; 200
     648:	92 e4       	ldi	r25, 0x42	; 66
	float denominator =
	(3.5f * 3.5f)
	- (2.5f * 2.5f);

	return (numerator / denominator) * 100.0f;
     64a:	ff 90       	pop	r15
     64c:	ef 90       	pop	r14
     64e:	df 90       	pop	r13
     650:	cf 90       	pop	r12
     652:	08 95       	ret

00000654 <temperature_adc_to_vts>:
#define ADC_REF_VOLTAGE 5.0f


float temperature_adc_to_vts(uint16_t adc_value)
{
    return ((float)adc_value * ADC_REF_VOLTAGE) / 1023.0f;
     654:	bc 01       	movw	r22, r24
     656:	80 e0       	ldi	r24, 0x00	; 0
     658:	90 e0       	ldi	r25, 0x00	; 0
     65a:	0e 94 b3 05 	call	0xb66	; 0xb66 <__floatunsisf>
     65e:	20 e0       	ldi	r18, 0x00	; 0
     660:	30 e0       	ldi	r19, 0x00	; 0
     662:	40 ea       	ldi	r20, 0xA0	; 160
     664:	50 e4       	ldi	r21, 0x40	; 64
     666:	0e 94 6a 06 	call	0xcd4	; 0xcd4 <__mulsf3>
     66a:	20 e0       	ldi	r18, 0x00	; 0
     66c:	30 ec       	ldi	r19, 0xC0	; 192
     66e:	4f e7       	ldi	r20, 0x7F	; 127
     670:	54 e4       	ldi	r21, 0x44	; 68
     672:	0e 94 41 05 	call	0xa82	; 0xa82 <__divsf3>
}
     676:	08 95       	ret

00000678 <temperature_vts_to_celsius>:


float temperature_vts_to_celsius(float vts)
{
     678:	cf 92       	push	r12
     67a:	df 92       	push	r13
     67c:	ef 92       	push	r14
     67e:	ff 92       	push	r15
     680:	6b 01       	movw	r12, r22
     682:	7c 01       	movw	r14, r24
     * 65 C -> 2.74 V
     * 70 C -> 2.51 V
     * 85 C -> 1.78 V
     */

    if (vts >= 2.74f)
     684:	29 e2       	ldi	r18, 0x29	; 41
     686:	3c e5       	ldi	r19, 0x5C	; 92
     688:	4f e2       	ldi	r20, 0x2F	; 47
     68a:	50 e4       	ldi	r21, 0x40	; 64
     68c:	0e 94 65 06 	call	0xcca	; 0xcca <__gesf2>
     690:	88 23       	and	r24, r24
     692:	dc f0       	brlt	.+54     	; 0x6ca <temperature_vts_to_celsius+0x52>
    {
        temperature =
            25.0f +
            (4.37f - vts)
     694:	a7 01       	movw	r20, r14
     696:	96 01       	movw	r18, r12
     698:	6a e0       	ldi	r22, 0x0A	; 10
     69a:	77 ed       	ldi	r23, 0xD7	; 215
     69c:	8b e8       	ldi	r24, 0x8B	; 139
     69e:	90 e4       	ldi	r25, 0x40	; 64
     6a0:	0e 94 cf 04 	call	0x99e	; 0x99e <__subsf3>
            * 40.0f
     6a4:	20 e0       	ldi	r18, 0x00	; 0
     6a6:	30 e0       	ldi	r19, 0x00	; 0
     6a8:	40 e2       	ldi	r20, 0x20	; 32
     6aa:	52 e4       	ldi	r21, 0x42	; 66
     6ac:	0e 94 6a 06 	call	0xcd4	; 0xcd4 <__mulsf3>
            / (4.37f - 2.74f);
     6b0:	26 ed       	ldi	r18, 0xD6	; 214
     6b2:	33 ea       	ldi	r19, 0xA3	; 163
     6b4:	40 ed       	ldi	r20, 0xD0	; 208
     6b6:	5f e3       	ldi	r21, 0x3F	; 63
     6b8:	0e 94 41 05 	call	0xa82	; 0xa82 <__divsf3>
     * 85 C -> 1.78 V
     */

    if (vts >= 2.74f)
    {
        temperature =
     6bc:	20 e0       	ldi	r18, 0x00	; 0
     6be:	30 e0       	ldi	r19, 0x00	; 0
     6c0:	48 ec       	ldi	r20, 0xC8	; 200
     6c2:	51 e4       	ldi	r21, 0x41	; 65
     6c4:	0e 94 d0 04 	call	0x9a0	; 0x9a0 <__addsf3>
     6c8:	3f c0       	rjmp	.+126    	; 0x748 <temperature_vts_to_celsius+0xd0>
            25.0f +
            (4.37f - vts)
            * 40.0f
            / (4.37f - 2.74f);
    }
    else if (vts >= 2.51f)
     6ca:	27 ed       	ldi	r18, 0xD7	; 215
     6cc:	33 ea       	ldi	r19, 0xA3	; 163
     6ce:	40 e2       	ldi	r20, 0x20	; 32
     6d0:	50 e4       	ldi	r21, 0x40	; 64
     6d2:	c7 01       	movw	r24, r14
     6d4:	b6 01       	movw	r22, r12
     6d6:	0e 94 65 06 	call	0xcca	; 0xcca <__gesf2>
     6da:	88 23       	and	r24, r24
     6dc:	dc f0       	brlt	.+54     	; 0x714 <temperature_vts_to_celsius+0x9c>
    {
        temperature =
            65.0f +
            (2.74f - vts)
     6de:	a7 01       	movw	r20, r14
     6e0:	96 01       	movw	r18, r12
     6e2:	69 e2       	ldi	r22, 0x29	; 41
     6e4:	7c e5       	ldi	r23, 0x5C	; 92
     6e6:	8f e2       	ldi	r24, 0x2F	; 47
     6e8:	90 e4       	ldi	r25, 0x40	; 64
     6ea:	0e 94 cf 04 	call	0x99e	; 0x99e <__subsf3>
            * 5.0f
     6ee:	20 e0       	ldi	r18, 0x00	; 0
     6f0:	30 e0       	ldi	r19, 0x00	; 0
     6f2:	40 ea       	ldi	r20, 0xA0	; 160
     6f4:	50 e4       	ldi	r21, 0x40	; 64
     6f6:	0e 94 6a 06 	call	0xcd4	; 0xcd4 <__mulsf3>
            / (2.74f - 2.51f);
     6fa:	20 e2       	ldi	r18, 0x20	; 32
     6fc:	35 e8       	ldi	r19, 0x85	; 133
     6fe:	4b e6       	ldi	r20, 0x6B	; 107
     700:	5e e3       	ldi	r21, 0x3E	; 62
     702:	0e 94 41 05 	call	0xa82	; 0xa82 <__divsf3>
            * 40.0f
            / (4.37f - 2.74f);
    }
    else if (vts >= 2.51f)
    {
        temperature =
     706:	20 e0       	ldi	r18, 0x00	; 0
     708:	30 e0       	ldi	r19, 0x00	; 0
     70a:	42 e8       	ldi	r20, 0x82	; 130
     70c:	52 e4       	ldi	r21, 0x42	; 66
     70e:	0e 94 d0 04 	call	0x9a0	; 0x9a0 <__addsf3>
     712:	1a c0       	rjmp	.+52     	; 0x748 <temperature_vts_to_celsius+0xd0>
    }
    else
    {
        temperature =
            70.0f +
            (2.51f - vts)
     714:	a7 01       	movw	r20, r14
     716:	96 01       	movw	r18, r12
     718:	67 ed       	ldi	r22, 0xD7	; 215
     71a:	73 ea       	ldi	r23, 0xA3	; 163
     71c:	80 e2       	ldi	r24, 0x20	; 32
     71e:	90 e4       	ldi	r25, 0x40	; 64
     720:	0e 94 cf 04 	call	0x99e	; 0x99e <__subsf3>
            * 15.0f
     724:	20 e0       	ldi	r18, 0x00	; 0
     726:	30 e0       	ldi	r19, 0x00	; 0
     728:	40 e7       	ldi	r20, 0x70	; 112
     72a:	51 e4       	ldi	r21, 0x41	; 65
     72c:	0e 94 6a 06 	call	0xcd4	; 0xcd4 <__mulsf3>
            / (2.51f - 1.78f);
     730:	28 e4       	ldi	r18, 0x48	; 72
     732:	31 ee       	ldi	r19, 0xE1	; 225
     734:	4a e3       	ldi	r20, 0x3A	; 58
     736:	5f e3       	ldi	r21, 0x3F	; 63
     738:	0e 94 41 05 	call	0xa82	; 0xa82 <__divsf3>
            * 5.0f
            / (2.74f - 2.51f);
    }
    else
    {
        temperature =
     73c:	20 e0       	ldi	r18, 0x00	; 0
     73e:	30 e0       	ldi	r19, 0x00	; 0
     740:	4c e8       	ldi	r20, 0x8C	; 140
     742:	52 e4       	ldi	r21, 0x42	; 66
     744:	0e 94 d0 04 	call	0x9a0	; 0x9a0 <__addsf3>
            * 15.0f
            / (2.51f - 1.78f);
    }

    return temperature;
     748:	ff 90       	pop	r15
     74a:	ef 90       	pop	r14
     74c:	df 90       	pop	r13
     74e:	cf 90       	pop	r12
     750:	08 95       	ret

00000752 <touch_init>:


uint8_t touch_get_state(void)
{
	return touch_state;
}
     752:	87 b1       	in	r24, 0x07	; 7
     754:	8f 7d       	andi	r24, 0xDF	; 223
     756:	87 b9       	out	0x07, r24	; 7
     758:	88 b1       	in	r24, 0x08	; 8
     75a:	8f 7d       	andi	r24, 0xDF	; 223
     75c:	88 b9       	out	0x08, r24	; 8
     75e:	84 b1       	in	r24, 0x04	; 4
     760:	84 60       	ori	r24, 0x04	; 4
     762:	84 b9       	out	0x04, r24	; 4
     764:	85 b1       	in	r24, 0x05	; 5
     766:	8b 7f       	andi	r24, 0xFB	; 251
     768:	85 b9       	out	0x05, r24	; 5
     76a:	10 92 80 00 	sts	0x0080, r1	; 0x800080 <__TEXT_REGION_LENGTH__+0x7f8080>
     76e:	10 92 81 00 	sts	0x0081, r1	; 0x800081 <__TEXT_REGION_LENGTH__+0x7f8081>
     772:	10 92 85 00 	sts	0x0085, r1	; 0x800085 <__TEXT_REGION_LENGTH__+0x7f8085>
     776:	10 92 84 00 	sts	0x0084, r1	; 0x800084 <__TEXT_REGION_LENGTH__+0x7f8084>
     77a:	08 95       	ret

0000077c <touch_measure_raw>:
     77c:	87 b1       	in	r24, 0x07	; 7
     77e:	80 62       	ori	r24, 0x20	; 32
     780:	87 b9       	out	0x07, r24	; 7
     782:	88 b1       	in	r24, 0x08	; 8
     784:	8f 7d       	andi	r24, 0xDF	; 223
     786:	88 b9       	out	0x08, r24	; 8
     788:	2a e6       	ldi	r18, 0x6A	; 106
     78a:	2a 95       	dec	r18
     78c:	f1 f7       	brne	.-4      	; 0x78a <touch_measure_raw+0xe>
     78e:	00 c0       	rjmp	.+0      	; 0x790 <touch_measure_raw+0x14>
     790:	87 b1       	in	r24, 0x07	; 7
     792:	8f 7d       	andi	r24, 0xDF	; 223
     794:	87 b9       	out	0x07, r24	; 7
     796:	88 b1       	in	r24, 0x08	; 8
     798:	8f 7d       	andi	r24, 0xDF	; 223
     79a:	88 b9       	out	0x08, r24	; 8
     79c:	10 92 85 00 	sts	0x0085, r1	; 0x800085 <__TEXT_REGION_LENGTH__+0x7f8085>
     7a0:	10 92 84 00 	sts	0x0084, r1	; 0x800084 <__TEXT_REGION_LENGTH__+0x7f8084>
     7a4:	82 e0       	ldi	r24, 0x02	; 2
     7a6:	80 93 81 00 	sts	0x0081, r24	; 0x800081 <__TEXT_REGION_LENGTH__+0x7f8081>
     7aa:	0c c0       	rjmp	.+24     	; 0x7c4 <touch_measure_raw+0x48>
     7ac:	80 91 84 00 	lds	r24, 0x0084	; 0x800084 <__TEXT_REGION_LENGTH__+0x7f8084>
     7b0:	90 91 85 00 	lds	r25, 0x0085	; 0x800085 <__TEXT_REGION_LENGTH__+0x7f8085>
     7b4:	88 3e       	cpi	r24, 0xE8	; 232
     7b6:	93 40       	sbci	r25, 0x03	; 3
     7b8:	28 f0       	brcs	.+10     	; 0x7c4 <touch_measure_raw+0x48>
     7ba:	10 92 81 00 	sts	0x0081, r1	; 0x800081 <__TEXT_REGION_LENGTH__+0x7f8081>
     7be:	88 ee       	ldi	r24, 0xE8	; 232
     7c0:	93 e0       	ldi	r25, 0x03	; 3
     7c2:	08 95       	ret
     7c4:	35 9b       	sbis	0x06, 5	; 6
     7c6:	f2 cf       	rjmp	.-28     	; 0x7ac <touch_measure_raw+0x30>
     7c8:	80 91 84 00 	lds	r24, 0x0084	; 0x800084 <__TEXT_REGION_LENGTH__+0x7f8084>
     7cc:	90 91 85 00 	lds	r25, 0x0085	; 0x800085 <__TEXT_REGION_LENGTH__+0x7f8085>
     7d0:	10 92 81 00 	sts	0x0081, r1	; 0x800081 <__TEXT_REGION_LENGTH__+0x7f8081>
     7d4:	08 95       	ret

000007d6 <touch_measure_average>:
     7d6:	cf 92       	push	r12
     7d8:	df 92       	push	r13
     7da:	ef 92       	push	r14
     7dc:	ff 92       	push	r15
     7de:	cf 93       	push	r28
     7e0:	c0 e0       	ldi	r28, 0x00	; 0
     7e2:	c1 2c       	mov	r12, r1
     7e4:	d1 2c       	mov	r13, r1
     7e6:	76 01       	movw	r14, r12
     7e8:	23 c0       	rjmp	.+70     	; 0x830 <__DATA_REGION_LENGTH__+0x30>
     7ea:	0e 94 be 03 	call	0x77c	; 0x77c <touch_measure_raw>
     7ee:	90 93 7d 01 	sts	0x017D, r25	; 0x80017d <raw_count+0x1>
     7f2:	80 93 7c 01 	sts	0x017C, r24	; 0x80017c <raw_count>
     7f6:	80 91 7c 01 	lds	r24, 0x017C	; 0x80017c <raw_count>
     7fa:	90 91 7d 01 	lds	r25, 0x017D	; 0x80017d <raw_count+0x1>
     7fe:	88 3e       	cpi	r24, 0xE8	; 232
     800:	93 40       	sbci	r25, 0x03	; 3
     802:	38 f0       	brcs	.+14     	; 0x812 <__DATA_REGION_LENGTH__+0x12>
     804:	88 ee       	ldi	r24, 0xE8	; 232
     806:	93 e0       	ldi	r25, 0x03	; 3
     808:	90 93 7b 01 	sts	0x017B, r25	; 0x80017b <average_count+0x1>
     80c:	80 93 7a 01 	sts	0x017A, r24	; 0x80017a <average_count>
     810:	21 c0       	rjmp	.+66     	; 0x854 <__DATA_REGION_LENGTH__+0x54>
     812:	80 91 7c 01 	lds	r24, 0x017C	; 0x80017c <raw_count>
     816:	90 91 7d 01 	lds	r25, 0x017D	; 0x80017d <raw_count+0x1>
     81a:	c8 0e       	add	r12, r24
     81c:	d9 1e       	adc	r13, r25
     81e:	e1 1c       	adc	r14, r1
     820:	f1 1c       	adc	r15, r1
     822:	8f e9       	ldi	r24, 0x9F	; 159
     824:	9f e0       	ldi	r25, 0x0F	; 15
     826:	01 97       	sbiw	r24, 0x01	; 1
     828:	f1 f7       	brne	.-4      	; 0x826 <__DATA_REGION_LENGTH__+0x26>
     82a:	00 c0       	rjmp	.+0      	; 0x82c <__DATA_REGION_LENGTH__+0x2c>
     82c:	00 00       	nop
     82e:	cf 5f       	subi	r28, 0xFF	; 255
     830:	c8 30       	cpi	r28, 0x08	; 8
     832:	d8 f2       	brcs	.-74     	; 0x7ea <touch_measure_average+0x14>
     834:	68 94       	set
     836:	12 f8       	bld	r1, 2
     838:	f6 94       	lsr	r15
     83a:	e7 94       	ror	r14
     83c:	d7 94       	ror	r13
     83e:	c7 94       	ror	r12
     840:	16 94       	lsr	r1
     842:	d1 f7       	brne	.-12     	; 0x838 <__DATA_REGION_LENGTH__+0x38>
     844:	d0 92 7b 01 	sts	0x017B, r13	; 0x80017b <average_count+0x1>
     848:	c0 92 7a 01 	sts	0x017A, r12	; 0x80017a <average_count>
     84c:	80 91 7a 01 	lds	r24, 0x017A	; 0x80017a <average_count>
     850:	90 91 7b 01 	lds	r25, 0x017B	; 0x80017b <average_count+0x1>
     854:	cf 91       	pop	r28
     856:	ff 90       	pop	r15
     858:	ef 90       	pop	r14
     85a:	df 90       	pop	r13
     85c:	cf 90       	pop	r12
     85e:	08 95       	ret

00000860 <touch_update>:
     860:	0e 94 eb 03 	call	0x7d6	; 0x7d6 <touch_measure_average>
     864:	88 3e       	cpi	r24, 0xE8	; 232
     866:	23 e0       	ldi	r18, 0x03	; 3
     868:	92 07       	cpc	r25, r18
     86a:	b0 f4       	brcc	.+44     	; 0x898 <touch_update+0x38>
     86c:	20 91 7e 01 	lds	r18, 0x017E	; 0x80017e <touch_state>
     870:	21 11       	cpse	r18, r1
     872:	0a c0       	rjmp	.+20     	; 0x888 <touch_update+0x28>
     874:	8f 36       	cpi	r24, 0x6F	; 111
     876:	91 05       	cpc	r25, r1
     878:	78 f0       	brcs	.+30     	; 0x898 <touch_update+0x38>
     87a:	81 e0       	ldi	r24, 0x01	; 1
     87c:	80 93 7e 01 	sts	0x017E, r24	; 0x80017e <touch_state>
     880:	85 b1       	in	r24, 0x05	; 5
     882:	84 60       	ori	r24, 0x04	; 4
     884:	85 b9       	out	0x05, r24	; 5
     886:	08 95       	ret
     888:	80 35       	cpi	r24, 0x50	; 80
     88a:	91 05       	cpc	r25, r1
     88c:	28 f4       	brcc	.+10     	; 0x898 <touch_update+0x38>
     88e:	10 92 7e 01 	sts	0x017E, r1	; 0x80017e <touch_state>
     892:	85 b1       	in	r24, 0x05	; 5
     894:	8b 7f       	andi	r24, 0xFB	; 251
     896:	85 b9       	out	0x05, r24	; 5
     898:	08 95       	ret

0000089a <touch_get_count>:


uint16_t touch_get_count(void)
{
	return average_count;
     89a:	80 91 7a 01 	lds	r24, 0x017A	; 0x80017a <average_count>
     89e:	90 91 7b 01 	lds	r25, 0x017B	; 0x80017b <average_count+0x1>
     8a2:	08 95       	ret

000008a4 <uart_init>:


void uart_init(void)
{
	// Set baud rate
	UBRR0H = (uint8_t)(UBRR_VALUE >> 8);
     8a4:	10 92 c5 00 	sts	0x00C5, r1	; 0x8000c5 <__TEXT_REGION_LENGTH__+0x7f80c5>
	UBRR0L = (uint8_t)UBRR_VALUE;
     8a8:	87 e6       	ldi	r24, 0x67	; 103
     8aa:	80 93 c4 00 	sts	0x00C4, r24	; 0x8000c4 <__TEXT_REGION_LENGTH__+0x7f80c4>

	// Enable transmitter
	UCSR0B = (1 << TXEN0);
     8ae:	88 e0       	ldi	r24, 0x08	; 8
     8b0:	80 93 c1 00 	sts	0x00C1, r24	; 0x8000c1 <__TEXT_REGION_LENGTH__+0x7f80c1>

	// 8 data bits, 1 stop bit, no parity
	UCSR0C = (1 << UCSZ01) | (1 << UCSZ00);
     8b4:	86 e0       	ldi	r24, 0x06	; 6
     8b6:	80 93 c2 00 	sts	0x00C2, r24	; 0x8000c2 <__TEXT_REGION_LENGTH__+0x7f80c2>
     8ba:	08 95       	ret

000008bc <uart_send_char>:
}


void uart_send_char(char data)
{
	while (!(UCSR0A & (1 << UDRE0)))
     8bc:	90 91 c0 00 	lds	r25, 0x00C0	; 0x8000c0 <__TEXT_REGION_LENGTH__+0x7f80c0>
     8c0:	95 ff       	sbrs	r25, 5
     8c2:	fc cf       	rjmp	.-8      	; 0x8bc <uart_send_char>
	{
	}

	UDR0 = data;
     8c4:	80 93 c6 00 	sts	0x00C6, r24	; 0x8000c6 <__TEXT_REGION_LENGTH__+0x7f80c6>
     8c8:	08 95       	ret

000008ca <uart_send_string>:
}


void uart_send_string(const char *str)
{
     8ca:	cf 93       	push	r28
     8cc:	df 93       	push	r29
     8ce:	ec 01       	movw	r28, r24
	while (*str)
     8d0:	03 c0       	rjmp	.+6      	; 0x8d8 <uart_send_string+0xe>
	{
		uart_send_char(*str);
     8d2:	0e 94 5e 04 	call	0x8bc	; 0x8bc <uart_send_char>
		str++;
     8d6:	21 96       	adiw	r28, 0x01	; 1
}


void uart_send_string(const char *str)
{
	while (*str)
     8d8:	88 81       	ld	r24, Y
     8da:	81 11       	cpse	r24, r1
     8dc:	fa cf       	rjmp	.-12     	; 0x8d2 <uart_send_string+0x8>
	{
		uart_send_char(*str);
		str++;
	}
}
     8de:	df 91       	pop	r29
     8e0:	cf 91       	pop	r28
     8e2:	08 95       	ret

000008e4 <uart_send_uint16>:


void uart_send_uint16(uint16_t value)
{
     8e4:	cf 93       	push	r28
     8e6:	df 93       	push	r29
     8e8:	cd b7       	in	r28, 0x3d	; 61
     8ea:	de b7       	in	r29, 0x3e	; 62
     8ec:	28 97       	sbiw	r28, 0x08	; 8
     8ee:	0f b6       	in	r0, 0x3f	; 63
     8f0:	f8 94       	cli
     8f2:	de bf       	out	0x3e, r29	; 62
     8f4:	0f be       	out	0x3f, r0	; 63
     8f6:	cd bf       	out	0x3d, r28	; 61
    } else if (__radix < 2 || __radix > 36) {
	*__s = 0;
	return __s;
    } else {
	extern char *__itoa_ncheck (int, char *, unsigned char);
	return __itoa_ncheck (__val, __s, __radix);
     8f8:	4a e0       	ldi	r20, 0x0A	; 10
     8fa:	be 01       	movw	r22, r28
     8fc:	6f 5f       	subi	r22, 0xFF	; 255
     8fe:	7f 4f       	sbci	r23, 0xFF	; 255
     900:	0e 94 f7 06 	call	0xdee	; 0xdee <__itoa_ncheck>
	char buffer[8];

	itoa(value, buffer, 10);

	uart_send_string(buffer);
     904:	ce 01       	movw	r24, r28
     906:	01 96       	adiw	r24, 0x01	; 1
     908:	0e 94 65 04 	call	0x8ca	; 0x8ca <uart_send_string>
}
     90c:	28 96       	adiw	r28, 0x08	; 8
     90e:	0f b6       	in	r0, 0x3f	; 63
     910:	f8 94       	cli
     912:	de bf       	out	0x3e, r29	; 62
     914:	0f be       	out	0x3f, r0	; 63
     916:	cd bf       	out	0x3d, r28	; 61
     918:	df 91       	pop	r29
     91a:	cf 91       	pop	r28
     91c:	08 95       	ret

0000091e <uart_send_float>:


void uart_send_float(float value, uint8_t decimal_places)
{
     91e:	0f 93       	push	r16
     920:	1f 93       	push	r17
     922:	cf 93       	push	r28
     924:	df 93       	push	r29
     926:	cd b7       	in	r28, 0x3d	; 61
     928:	de b7       	in	r29, 0x3e	; 62
     92a:	60 97       	sbiw	r28, 0x10	; 16
     92c:	0f b6       	in	r0, 0x3f	; 63
     92e:	f8 94       	cli
     930:	de bf       	out	0x3e, r29	; 62
     932:	0f be       	out	0x3f, r0	; 63
     934:	cd bf       	out	0x3d, r28	; 61
     936:	24 2f       	mov	r18, r20
	char buffer[16];

	dtostrf(value, 1, decimal_places, buffer);
     938:	8e 01       	movw	r16, r28
     93a:	0f 5f       	subi	r16, 0xFF	; 255
     93c:	1f 4f       	sbci	r17, 0xFF	; 255
     93e:	41 e0       	ldi	r20, 0x01	; 1
     940:	0e 94 d7 06 	call	0xdae	; 0xdae <dtostrf>

	uart_send_string(buffer);
     944:	c8 01       	movw	r24, r16
     946:	0e 94 65 04 	call	0x8ca	; 0x8ca <uart_send_string>
     94a:	60 96       	adiw	r28, 0x10	; 16
     94c:	0f b6       	in	r0, 0x3f	; 63
     94e:	f8 94       	cli
     950:	de bf       	out	0x3e, r29	; 62
     952:	0f be       	out	0x3f, r0	; 63
     954:	cd bf       	out	0x3d, r28	; 61
     956:	df 91       	pop	r29
     958:	cf 91       	pop	r28
     95a:	1f 91       	pop	r17
     95c:	0f 91       	pop	r16
     95e:	08 95       	ret

00000960 <voltage_adc_to_vvs>:
 * if necessary for better calibration.
 */

float voltage_adc_to_vvs(uint16_t adc_value)
{
    return ((float)adc_value * ADC_REF_VOLTAGE) / 1023.0f;
     960:	bc 01       	movw	r22, r24
     962:	80 e0       	ldi	r24, 0x00	; 0
     964:	90 e0       	ldi	r25, 0x00	; 0
     966:	0e 94 b3 05 	call	0xb66	; 0xb66 <__floatunsisf>
     96a:	20 e0       	ldi	r18, 0x00	; 0
     96c:	30 e0       	ldi	r19, 0x00	; 0
     96e:	40 ea       	ldi	r20, 0xA0	; 160
     970:	50 e4       	ldi	r21, 0x40	; 64
     972:	0e 94 6a 06 	call	0xcd4	; 0xcd4 <__mulsf3>
     976:	20 e0       	ldi	r18, 0x00	; 0
     978:	30 ec       	ldi	r19, 0xC0	; 192
     97a:	4f e7       	ldi	r20, 0x7F	; 127
     97c:	54 e4       	ldi	r21, 0x44	; 68
     97e:	0e 94 41 05 	call	0xa82	; 0xa82 <__divsf3>
}
     982:	08 95       	ret

00000984 <voltage_vvs_to_supercap>:
 *      (Vvs + 9.6034) / 3.9987
 */

float voltage_vvs_to_supercap(float vvs)
{
    return (vvs + 9.6034f) / 3.9987f;
     984:	27 e8       	ldi	r18, 0x87	; 135
     986:	37 ea       	ldi	r19, 0xA7	; 167
     988:	49 e1       	ldi	r20, 0x19	; 25
     98a:	51 e4       	ldi	r21, 0x41	; 65
     98c:	0e 94 d0 04 	call	0x9a0	; 0x9a0 <__addsf3>
     990:	23 eb       	ldi	r18, 0xB3	; 179
     992:	3a ee       	ldi	r19, 0xEA	; 234
     994:	4f e7       	ldi	r20, 0x7F	; 127
     996:	50 e4       	ldi	r21, 0x40	; 64
     998:	0e 94 41 05 	call	0xa82	; 0xa82 <__divsf3>
     99c:	08 95       	ret

0000099e <__subsf3>:
     99e:	50 58       	subi	r21, 0x80	; 128

000009a0 <__addsf3>:
     9a0:	bb 27       	eor	r27, r27
     9a2:	aa 27       	eor	r26, r26
     9a4:	0e 94 e7 04 	call	0x9ce	; 0x9ce <__addsf3x>
     9a8:	0c 94 2b 06 	jmp	0xc56	; 0xc56 <__fp_round>
     9ac:	0e 94 1d 06 	call	0xc3a	; 0xc3a <__fp_pscA>
     9b0:	38 f0       	brcs	.+14     	; 0x9c0 <__addsf3+0x20>
     9b2:	0e 94 24 06 	call	0xc48	; 0xc48 <__fp_pscB>
     9b6:	20 f0       	brcs	.+8      	; 0x9c0 <__addsf3+0x20>
     9b8:	39 f4       	brne	.+14     	; 0x9c8 <__addsf3+0x28>
     9ba:	9f 3f       	cpi	r25, 0xFF	; 255
     9bc:	19 f4       	brne	.+6      	; 0x9c4 <__addsf3+0x24>
     9be:	26 f4       	brtc	.+8      	; 0x9c8 <__addsf3+0x28>
     9c0:	0c 94 1a 06 	jmp	0xc34	; 0xc34 <__fp_nan>
     9c4:	0e f4       	brtc	.+2      	; 0x9c8 <__addsf3+0x28>
     9c6:	e0 95       	com	r30
     9c8:	e7 fb       	bst	r30, 7
     9ca:	0c 94 14 06 	jmp	0xc28	; 0xc28 <__fp_inf>

000009ce <__addsf3x>:
     9ce:	e9 2f       	mov	r30, r25
     9d0:	0e 94 3c 06 	call	0xc78	; 0xc78 <__fp_split3>
     9d4:	58 f3       	brcs	.-42     	; 0x9ac <__addsf3+0xc>
     9d6:	ba 17       	cp	r27, r26
     9d8:	62 07       	cpc	r22, r18
     9da:	73 07       	cpc	r23, r19
     9dc:	84 07       	cpc	r24, r20
     9de:	95 07       	cpc	r25, r21
     9e0:	20 f0       	brcs	.+8      	; 0x9ea <__addsf3x+0x1c>
     9e2:	79 f4       	brne	.+30     	; 0xa02 <__addsf3x+0x34>
     9e4:	a6 f5       	brtc	.+104    	; 0xa4e <__addsf3x+0x80>
     9e6:	0c 94 5e 06 	jmp	0xcbc	; 0xcbc <__fp_zero>
     9ea:	0e f4       	brtc	.+2      	; 0x9ee <__addsf3x+0x20>
     9ec:	e0 95       	com	r30
     9ee:	0b 2e       	mov	r0, r27
     9f0:	ba 2f       	mov	r27, r26
     9f2:	a0 2d       	mov	r26, r0
     9f4:	0b 01       	movw	r0, r22
     9f6:	b9 01       	movw	r22, r18
     9f8:	90 01       	movw	r18, r0
     9fa:	0c 01       	movw	r0, r24
     9fc:	ca 01       	movw	r24, r20
     9fe:	a0 01       	movw	r20, r0
     a00:	11 24       	eor	r1, r1
     a02:	ff 27       	eor	r31, r31
     a04:	59 1b       	sub	r21, r25
     a06:	99 f0       	breq	.+38     	; 0xa2e <__addsf3x+0x60>
     a08:	59 3f       	cpi	r21, 0xF9	; 249
     a0a:	50 f4       	brcc	.+20     	; 0xa20 <__addsf3x+0x52>
     a0c:	50 3e       	cpi	r21, 0xE0	; 224
     a0e:	68 f1       	brcs	.+90     	; 0xa6a <__addsf3x+0x9c>
     a10:	1a 16       	cp	r1, r26
     a12:	f0 40       	sbci	r31, 0x00	; 0
     a14:	a2 2f       	mov	r26, r18
     a16:	23 2f       	mov	r18, r19
     a18:	34 2f       	mov	r19, r20
     a1a:	44 27       	eor	r20, r20
     a1c:	58 5f       	subi	r21, 0xF8	; 248
     a1e:	f3 cf       	rjmp	.-26     	; 0xa06 <__addsf3x+0x38>
     a20:	46 95       	lsr	r20
     a22:	37 95       	ror	r19
     a24:	27 95       	ror	r18
     a26:	a7 95       	ror	r26
     a28:	f0 40       	sbci	r31, 0x00	; 0
     a2a:	53 95       	inc	r21
     a2c:	c9 f7       	brne	.-14     	; 0xa20 <__addsf3x+0x52>
     a2e:	7e f4       	brtc	.+30     	; 0xa4e <__addsf3x+0x80>
     a30:	1f 16       	cp	r1, r31
     a32:	ba 0b       	sbc	r27, r26
     a34:	62 0b       	sbc	r22, r18
     a36:	73 0b       	sbc	r23, r19
     a38:	84 0b       	sbc	r24, r20
     a3a:	ba f0       	brmi	.+46     	; 0xa6a <__addsf3x+0x9c>
     a3c:	91 50       	subi	r25, 0x01	; 1
     a3e:	a1 f0       	breq	.+40     	; 0xa68 <__addsf3x+0x9a>
     a40:	ff 0f       	add	r31, r31
     a42:	bb 1f       	adc	r27, r27
     a44:	66 1f       	adc	r22, r22
     a46:	77 1f       	adc	r23, r23
     a48:	88 1f       	adc	r24, r24
     a4a:	c2 f7       	brpl	.-16     	; 0xa3c <__addsf3x+0x6e>
     a4c:	0e c0       	rjmp	.+28     	; 0xa6a <__addsf3x+0x9c>
     a4e:	ba 0f       	add	r27, r26
     a50:	62 1f       	adc	r22, r18
     a52:	73 1f       	adc	r23, r19
     a54:	84 1f       	adc	r24, r20
     a56:	48 f4       	brcc	.+18     	; 0xa6a <__addsf3x+0x9c>
     a58:	87 95       	ror	r24
     a5a:	77 95       	ror	r23
     a5c:	67 95       	ror	r22
     a5e:	b7 95       	ror	r27
     a60:	f7 95       	ror	r31
     a62:	9e 3f       	cpi	r25, 0xFE	; 254
     a64:	08 f0       	brcs	.+2      	; 0xa68 <__addsf3x+0x9a>
     a66:	b0 cf       	rjmp	.-160    	; 0x9c8 <__addsf3+0x28>
     a68:	93 95       	inc	r25
     a6a:	88 0f       	add	r24, r24
     a6c:	08 f0       	brcs	.+2      	; 0xa70 <__addsf3x+0xa2>
     a6e:	99 27       	eor	r25, r25
     a70:	ee 0f       	add	r30, r30
     a72:	97 95       	ror	r25
     a74:	87 95       	ror	r24
     a76:	08 95       	ret

00000a78 <__cmpsf2>:
     a78:	0e 94 f0 05 	call	0xbe0	; 0xbe0 <__fp_cmp>
     a7c:	08 f4       	brcc	.+2      	; 0xa80 <__cmpsf2+0x8>
     a7e:	81 e0       	ldi	r24, 0x01	; 1
     a80:	08 95       	ret

00000a82 <__divsf3>:
     a82:	0e 94 55 05 	call	0xaaa	; 0xaaa <__divsf3x>
     a86:	0c 94 2b 06 	jmp	0xc56	; 0xc56 <__fp_round>
     a8a:	0e 94 24 06 	call	0xc48	; 0xc48 <__fp_pscB>
     a8e:	58 f0       	brcs	.+22     	; 0xaa6 <__divsf3+0x24>
     a90:	0e 94 1d 06 	call	0xc3a	; 0xc3a <__fp_pscA>
     a94:	40 f0       	brcs	.+16     	; 0xaa6 <__divsf3+0x24>
     a96:	29 f4       	brne	.+10     	; 0xaa2 <__divsf3+0x20>
     a98:	5f 3f       	cpi	r21, 0xFF	; 255
     a9a:	29 f0       	breq	.+10     	; 0xaa6 <__divsf3+0x24>
     a9c:	0c 94 14 06 	jmp	0xc28	; 0xc28 <__fp_inf>
     aa0:	51 11       	cpse	r21, r1
     aa2:	0c 94 5f 06 	jmp	0xcbe	; 0xcbe <__fp_szero>
     aa6:	0c 94 1a 06 	jmp	0xc34	; 0xc34 <__fp_nan>

00000aaa <__divsf3x>:
     aaa:	0e 94 3c 06 	call	0xc78	; 0xc78 <__fp_split3>
     aae:	68 f3       	brcs	.-38     	; 0xa8a <__divsf3+0x8>

00000ab0 <__divsf3_pse>:
     ab0:	99 23       	and	r25, r25
     ab2:	b1 f3       	breq	.-20     	; 0xaa0 <__divsf3+0x1e>
     ab4:	55 23       	and	r21, r21
     ab6:	91 f3       	breq	.-28     	; 0xa9c <__divsf3+0x1a>
     ab8:	95 1b       	sub	r25, r21
     aba:	55 0b       	sbc	r21, r21
     abc:	bb 27       	eor	r27, r27
     abe:	aa 27       	eor	r26, r26
     ac0:	62 17       	cp	r22, r18
     ac2:	73 07       	cpc	r23, r19
     ac4:	84 07       	cpc	r24, r20
     ac6:	38 f0       	brcs	.+14     	; 0xad6 <__divsf3_pse+0x26>
     ac8:	9f 5f       	subi	r25, 0xFF	; 255
     aca:	5f 4f       	sbci	r21, 0xFF	; 255
     acc:	22 0f       	add	r18, r18
     ace:	33 1f       	adc	r19, r19
     ad0:	44 1f       	adc	r20, r20
     ad2:	aa 1f       	adc	r26, r26
     ad4:	a9 f3       	breq	.-22     	; 0xac0 <__divsf3_pse+0x10>
     ad6:	35 d0       	rcall	.+106    	; 0xb42 <__divsf3_pse+0x92>
     ad8:	0e 2e       	mov	r0, r30
     ada:	3a f0       	brmi	.+14     	; 0xaea <__divsf3_pse+0x3a>
     adc:	e0 e8       	ldi	r30, 0x80	; 128
     ade:	32 d0       	rcall	.+100    	; 0xb44 <__divsf3_pse+0x94>
     ae0:	91 50       	subi	r25, 0x01	; 1
     ae2:	50 40       	sbci	r21, 0x00	; 0
     ae4:	e6 95       	lsr	r30
     ae6:	00 1c       	adc	r0, r0
     ae8:	ca f7       	brpl	.-14     	; 0xadc <__divsf3_pse+0x2c>
     aea:	2b d0       	rcall	.+86     	; 0xb42 <__divsf3_pse+0x92>
     aec:	fe 2f       	mov	r31, r30
     aee:	29 d0       	rcall	.+82     	; 0xb42 <__divsf3_pse+0x92>
     af0:	66 0f       	add	r22, r22
     af2:	77 1f       	adc	r23, r23
     af4:	88 1f       	adc	r24, r24
     af6:	bb 1f       	adc	r27, r27
     af8:	26 17       	cp	r18, r22
     afa:	37 07       	cpc	r19, r23
     afc:	48 07       	cpc	r20, r24
     afe:	ab 07       	cpc	r26, r27
     b00:	b0 e8       	ldi	r27, 0x80	; 128
     b02:	09 f0       	breq	.+2      	; 0xb06 <__divsf3_pse+0x56>
     b04:	bb 0b       	sbc	r27, r27
     b06:	80 2d       	mov	r24, r0
     b08:	bf 01       	movw	r22, r30
     b0a:	ff 27       	eor	r31, r31
     b0c:	93 58       	subi	r25, 0x83	; 131
     b0e:	5f 4f       	sbci	r21, 0xFF	; 255
     b10:	3a f0       	brmi	.+14     	; 0xb20 <__divsf3_pse+0x70>
     b12:	9e 3f       	cpi	r25, 0xFE	; 254
     b14:	51 05       	cpc	r21, r1
     b16:	78 f0       	brcs	.+30     	; 0xb36 <__divsf3_pse+0x86>
     b18:	0c 94 14 06 	jmp	0xc28	; 0xc28 <__fp_inf>
     b1c:	0c 94 5f 06 	jmp	0xcbe	; 0xcbe <__fp_szero>
     b20:	5f 3f       	cpi	r21, 0xFF	; 255
     b22:	e4 f3       	brlt	.-8      	; 0xb1c <__divsf3_pse+0x6c>
     b24:	98 3e       	cpi	r25, 0xE8	; 232
     b26:	d4 f3       	brlt	.-12     	; 0xb1c <__divsf3_pse+0x6c>
     b28:	86 95       	lsr	r24
     b2a:	77 95       	ror	r23
     b2c:	67 95       	ror	r22
     b2e:	b7 95       	ror	r27
     b30:	f7 95       	ror	r31
     b32:	9f 5f       	subi	r25, 0xFF	; 255
     b34:	c9 f7       	brne	.-14     	; 0xb28 <__divsf3_pse+0x78>
     b36:	88 0f       	add	r24, r24
     b38:	91 1d       	adc	r25, r1
     b3a:	96 95       	lsr	r25
     b3c:	87 95       	ror	r24
     b3e:	97 f9       	bld	r25, 7
     b40:	08 95       	ret
     b42:	e1 e0       	ldi	r30, 0x01	; 1
     b44:	66 0f       	add	r22, r22
     b46:	77 1f       	adc	r23, r23
     b48:	88 1f       	adc	r24, r24
     b4a:	bb 1f       	adc	r27, r27
     b4c:	62 17       	cp	r22, r18
     b4e:	73 07       	cpc	r23, r19
     b50:	84 07       	cpc	r24, r20
     b52:	ba 07       	cpc	r27, r26
     b54:	20 f0       	brcs	.+8      	; 0xb5e <__divsf3_pse+0xae>
     b56:	62 1b       	sub	r22, r18
     b58:	73 0b       	sbc	r23, r19
     b5a:	84 0b       	sbc	r24, r20
     b5c:	ba 0b       	sbc	r27, r26
     b5e:	ee 1f       	adc	r30, r30
     b60:	88 f7       	brcc	.-30     	; 0xb44 <__divsf3_pse+0x94>
     b62:	e0 95       	com	r30
     b64:	08 95       	ret

00000b66 <__floatunsisf>:
     b66:	e8 94       	clt
     b68:	09 c0       	rjmp	.+18     	; 0xb7c <__floatsisf+0x12>

00000b6a <__floatsisf>:
     b6a:	97 fb       	bst	r25, 7
     b6c:	3e f4       	brtc	.+14     	; 0xb7c <__floatsisf+0x12>
     b6e:	90 95       	com	r25
     b70:	80 95       	com	r24
     b72:	70 95       	com	r23
     b74:	61 95       	neg	r22
     b76:	7f 4f       	sbci	r23, 0xFF	; 255
     b78:	8f 4f       	sbci	r24, 0xFF	; 255
     b7a:	9f 4f       	sbci	r25, 0xFF	; 255
     b7c:	99 23       	and	r25, r25
     b7e:	a9 f0       	breq	.+42     	; 0xbaa <__floatsisf+0x40>
     b80:	f9 2f       	mov	r31, r25
     b82:	96 e9       	ldi	r25, 0x96	; 150
     b84:	bb 27       	eor	r27, r27
     b86:	93 95       	inc	r25
     b88:	f6 95       	lsr	r31
     b8a:	87 95       	ror	r24
     b8c:	77 95       	ror	r23
     b8e:	67 95       	ror	r22
     b90:	b7 95       	ror	r27
     b92:	f1 11       	cpse	r31, r1
     b94:	f8 cf       	rjmp	.-16     	; 0xb86 <__floatsisf+0x1c>
     b96:	fa f4       	brpl	.+62     	; 0xbd6 <__floatsisf+0x6c>
     b98:	bb 0f       	add	r27, r27
     b9a:	11 f4       	brne	.+4      	; 0xba0 <__floatsisf+0x36>
     b9c:	60 ff       	sbrs	r22, 0
     b9e:	1b c0       	rjmp	.+54     	; 0xbd6 <__floatsisf+0x6c>
     ba0:	6f 5f       	subi	r22, 0xFF	; 255
     ba2:	7f 4f       	sbci	r23, 0xFF	; 255
     ba4:	8f 4f       	sbci	r24, 0xFF	; 255
     ba6:	9f 4f       	sbci	r25, 0xFF	; 255
     ba8:	16 c0       	rjmp	.+44     	; 0xbd6 <__floatsisf+0x6c>
     baa:	88 23       	and	r24, r24
     bac:	11 f0       	breq	.+4      	; 0xbb2 <__floatsisf+0x48>
     bae:	96 e9       	ldi	r25, 0x96	; 150
     bb0:	11 c0       	rjmp	.+34     	; 0xbd4 <__floatsisf+0x6a>
     bb2:	77 23       	and	r23, r23
     bb4:	21 f0       	breq	.+8      	; 0xbbe <__floatsisf+0x54>
     bb6:	9e e8       	ldi	r25, 0x8E	; 142
     bb8:	87 2f       	mov	r24, r23
     bba:	76 2f       	mov	r23, r22
     bbc:	05 c0       	rjmp	.+10     	; 0xbc8 <__floatsisf+0x5e>
     bbe:	66 23       	and	r22, r22
     bc0:	71 f0       	breq	.+28     	; 0xbde <__floatsisf+0x74>
     bc2:	96 e8       	ldi	r25, 0x86	; 134
     bc4:	86 2f       	mov	r24, r22
     bc6:	70 e0       	ldi	r23, 0x00	; 0
     bc8:	60 e0       	ldi	r22, 0x00	; 0
     bca:	2a f0       	brmi	.+10     	; 0xbd6 <__floatsisf+0x6c>
     bcc:	9a 95       	dec	r25
     bce:	66 0f       	add	r22, r22
     bd0:	77 1f       	adc	r23, r23
     bd2:	88 1f       	adc	r24, r24
     bd4:	da f7       	brpl	.-10     	; 0xbcc <__floatsisf+0x62>
     bd6:	88 0f       	add	r24, r24
     bd8:	96 95       	lsr	r25
     bda:	87 95       	ror	r24
     bdc:	97 f9       	bld	r25, 7
     bde:	08 95       	ret

00000be0 <__fp_cmp>:
     be0:	99 0f       	add	r25, r25
     be2:	00 08       	sbc	r0, r0
     be4:	55 0f       	add	r21, r21
     be6:	aa 0b       	sbc	r26, r26
     be8:	e0 e8       	ldi	r30, 0x80	; 128
     bea:	fe ef       	ldi	r31, 0xFE	; 254
     bec:	16 16       	cp	r1, r22
     bee:	17 06       	cpc	r1, r23
     bf0:	e8 07       	cpc	r30, r24
     bf2:	f9 07       	cpc	r31, r25
     bf4:	c0 f0       	brcs	.+48     	; 0xc26 <__fp_cmp+0x46>
     bf6:	12 16       	cp	r1, r18
     bf8:	13 06       	cpc	r1, r19
     bfa:	e4 07       	cpc	r30, r20
     bfc:	f5 07       	cpc	r31, r21
     bfe:	98 f0       	brcs	.+38     	; 0xc26 <__fp_cmp+0x46>
     c00:	62 1b       	sub	r22, r18
     c02:	73 0b       	sbc	r23, r19
     c04:	84 0b       	sbc	r24, r20
     c06:	95 0b       	sbc	r25, r21
     c08:	39 f4       	brne	.+14     	; 0xc18 <__fp_cmp+0x38>
     c0a:	0a 26       	eor	r0, r26
     c0c:	61 f0       	breq	.+24     	; 0xc26 <__fp_cmp+0x46>
     c0e:	23 2b       	or	r18, r19
     c10:	24 2b       	or	r18, r20
     c12:	25 2b       	or	r18, r21
     c14:	21 f4       	brne	.+8      	; 0xc1e <__fp_cmp+0x3e>
     c16:	08 95       	ret
     c18:	0a 26       	eor	r0, r26
     c1a:	09 f4       	brne	.+2      	; 0xc1e <__fp_cmp+0x3e>
     c1c:	a1 40       	sbci	r26, 0x01	; 1
     c1e:	a6 95       	lsr	r26
     c20:	8f ef       	ldi	r24, 0xFF	; 255
     c22:	81 1d       	adc	r24, r1
     c24:	81 1d       	adc	r24, r1
     c26:	08 95       	ret

00000c28 <__fp_inf>:
     c28:	97 f9       	bld	r25, 7
     c2a:	9f 67       	ori	r25, 0x7F	; 127
     c2c:	80 e8       	ldi	r24, 0x80	; 128
     c2e:	70 e0       	ldi	r23, 0x00	; 0
     c30:	60 e0       	ldi	r22, 0x00	; 0
     c32:	08 95       	ret

00000c34 <__fp_nan>:
     c34:	9f ef       	ldi	r25, 0xFF	; 255
     c36:	80 ec       	ldi	r24, 0xC0	; 192
     c38:	08 95       	ret

00000c3a <__fp_pscA>:
     c3a:	00 24       	eor	r0, r0
     c3c:	0a 94       	dec	r0
     c3e:	16 16       	cp	r1, r22
     c40:	17 06       	cpc	r1, r23
     c42:	18 06       	cpc	r1, r24
     c44:	09 06       	cpc	r0, r25
     c46:	08 95       	ret

00000c48 <__fp_pscB>:
     c48:	00 24       	eor	r0, r0
     c4a:	0a 94       	dec	r0
     c4c:	12 16       	cp	r1, r18
     c4e:	13 06       	cpc	r1, r19
     c50:	14 06       	cpc	r1, r20
     c52:	05 06       	cpc	r0, r21
     c54:	08 95       	ret

00000c56 <__fp_round>:
     c56:	09 2e       	mov	r0, r25
     c58:	03 94       	inc	r0
     c5a:	00 0c       	add	r0, r0
     c5c:	11 f4       	brne	.+4      	; 0xc62 <__fp_round+0xc>
     c5e:	88 23       	and	r24, r24
     c60:	52 f0       	brmi	.+20     	; 0xc76 <__fp_round+0x20>
     c62:	bb 0f       	add	r27, r27
     c64:	40 f4       	brcc	.+16     	; 0xc76 <__fp_round+0x20>
     c66:	bf 2b       	or	r27, r31
     c68:	11 f4       	brne	.+4      	; 0xc6e <__fp_round+0x18>
     c6a:	60 ff       	sbrs	r22, 0
     c6c:	04 c0       	rjmp	.+8      	; 0xc76 <__fp_round+0x20>
     c6e:	6f 5f       	subi	r22, 0xFF	; 255
     c70:	7f 4f       	sbci	r23, 0xFF	; 255
     c72:	8f 4f       	sbci	r24, 0xFF	; 255
     c74:	9f 4f       	sbci	r25, 0xFF	; 255
     c76:	08 95       	ret

00000c78 <__fp_split3>:
     c78:	57 fd       	sbrc	r21, 7
     c7a:	90 58       	subi	r25, 0x80	; 128
     c7c:	44 0f       	add	r20, r20
     c7e:	55 1f       	adc	r21, r21
     c80:	59 f0       	breq	.+22     	; 0xc98 <__fp_splitA+0x10>
     c82:	5f 3f       	cpi	r21, 0xFF	; 255
     c84:	71 f0       	breq	.+28     	; 0xca2 <__fp_splitA+0x1a>
     c86:	47 95       	ror	r20

00000c88 <__fp_splitA>:
     c88:	88 0f       	add	r24, r24
     c8a:	97 fb       	bst	r25, 7
     c8c:	99 1f       	adc	r25, r25
     c8e:	61 f0       	breq	.+24     	; 0xca8 <__fp_splitA+0x20>
     c90:	9f 3f       	cpi	r25, 0xFF	; 255
     c92:	79 f0       	breq	.+30     	; 0xcb2 <__fp_splitA+0x2a>
     c94:	87 95       	ror	r24
     c96:	08 95       	ret
     c98:	12 16       	cp	r1, r18
     c9a:	13 06       	cpc	r1, r19
     c9c:	14 06       	cpc	r1, r20
     c9e:	55 1f       	adc	r21, r21
     ca0:	f2 cf       	rjmp	.-28     	; 0xc86 <__fp_split3+0xe>
     ca2:	46 95       	lsr	r20
     ca4:	f1 df       	rcall	.-30     	; 0xc88 <__fp_splitA>
     ca6:	08 c0       	rjmp	.+16     	; 0xcb8 <__fp_splitA+0x30>
     ca8:	16 16       	cp	r1, r22
     caa:	17 06       	cpc	r1, r23
     cac:	18 06       	cpc	r1, r24
     cae:	99 1f       	adc	r25, r25
     cb0:	f1 cf       	rjmp	.-30     	; 0xc94 <__fp_splitA+0xc>
     cb2:	86 95       	lsr	r24
     cb4:	71 05       	cpc	r23, r1
     cb6:	61 05       	cpc	r22, r1
     cb8:	08 94       	sec
     cba:	08 95       	ret

00000cbc <__fp_zero>:
     cbc:	e8 94       	clt

00000cbe <__fp_szero>:
     cbe:	bb 27       	eor	r27, r27
     cc0:	66 27       	eor	r22, r22
     cc2:	77 27       	eor	r23, r23
     cc4:	cb 01       	movw	r24, r22
     cc6:	97 f9       	bld	r25, 7
     cc8:	08 95       	ret

00000cca <__gesf2>:
     cca:	0e 94 f0 05 	call	0xbe0	; 0xbe0 <__fp_cmp>
     cce:	08 f4       	brcc	.+2      	; 0xcd2 <__gesf2+0x8>
     cd0:	8f ef       	ldi	r24, 0xFF	; 255
     cd2:	08 95       	ret

00000cd4 <__mulsf3>:
     cd4:	0e 94 7d 06 	call	0xcfa	; 0xcfa <__mulsf3x>
     cd8:	0c 94 2b 06 	jmp	0xc56	; 0xc56 <__fp_round>
     cdc:	0e 94 1d 06 	call	0xc3a	; 0xc3a <__fp_pscA>
     ce0:	38 f0       	brcs	.+14     	; 0xcf0 <__mulsf3+0x1c>
     ce2:	0e 94 24 06 	call	0xc48	; 0xc48 <__fp_pscB>
     ce6:	20 f0       	brcs	.+8      	; 0xcf0 <__mulsf3+0x1c>
     ce8:	95 23       	and	r25, r21
     cea:	11 f0       	breq	.+4      	; 0xcf0 <__mulsf3+0x1c>
     cec:	0c 94 14 06 	jmp	0xc28	; 0xc28 <__fp_inf>
     cf0:	0c 94 1a 06 	jmp	0xc34	; 0xc34 <__fp_nan>
     cf4:	11 24       	eor	r1, r1
     cf6:	0c 94 5f 06 	jmp	0xcbe	; 0xcbe <__fp_szero>

00000cfa <__mulsf3x>:
     cfa:	0e 94 3c 06 	call	0xc78	; 0xc78 <__fp_split3>
     cfe:	70 f3       	brcs	.-36     	; 0xcdc <__mulsf3+0x8>

00000d00 <__mulsf3_pse>:
     d00:	95 9f       	mul	r25, r21
     d02:	c1 f3       	breq	.-16     	; 0xcf4 <__mulsf3+0x20>
     d04:	95 0f       	add	r25, r21
     d06:	50 e0       	ldi	r21, 0x00	; 0
     d08:	55 1f       	adc	r21, r21
     d0a:	62 9f       	mul	r22, r18
     d0c:	f0 01       	movw	r30, r0
     d0e:	72 9f       	mul	r23, r18
     d10:	bb 27       	eor	r27, r27
     d12:	f0 0d       	add	r31, r0
     d14:	b1 1d       	adc	r27, r1
     d16:	63 9f       	mul	r22, r19
     d18:	aa 27       	eor	r26, r26
     d1a:	f0 0d       	add	r31, r0
     d1c:	b1 1d       	adc	r27, r1
     d1e:	aa 1f       	adc	r26, r26
     d20:	64 9f       	mul	r22, r20
     d22:	66 27       	eor	r22, r22
     d24:	b0 0d       	add	r27, r0
     d26:	a1 1d       	adc	r26, r1
     d28:	66 1f       	adc	r22, r22
     d2a:	82 9f       	mul	r24, r18
     d2c:	22 27       	eor	r18, r18
     d2e:	b0 0d       	add	r27, r0
     d30:	a1 1d       	adc	r26, r1
     d32:	62 1f       	adc	r22, r18
     d34:	73 9f       	mul	r23, r19
     d36:	b0 0d       	add	r27, r0
     d38:	a1 1d       	adc	r26, r1
     d3a:	62 1f       	adc	r22, r18
     d3c:	83 9f       	mul	r24, r19
     d3e:	a0 0d       	add	r26, r0
     d40:	61 1d       	adc	r22, r1
     d42:	22 1f       	adc	r18, r18
     d44:	74 9f       	mul	r23, r20
     d46:	33 27       	eor	r19, r19
     d48:	a0 0d       	add	r26, r0
     d4a:	61 1d       	adc	r22, r1
     d4c:	23 1f       	adc	r18, r19
     d4e:	84 9f       	mul	r24, r20
     d50:	60 0d       	add	r22, r0
     d52:	21 1d       	adc	r18, r1
     d54:	82 2f       	mov	r24, r18
     d56:	76 2f       	mov	r23, r22
     d58:	6a 2f       	mov	r22, r26
     d5a:	11 24       	eor	r1, r1
     d5c:	9f 57       	subi	r25, 0x7F	; 127
     d5e:	50 40       	sbci	r21, 0x00	; 0
     d60:	9a f0       	brmi	.+38     	; 0xd88 <__mulsf3_pse+0x88>
     d62:	f1 f0       	breq	.+60     	; 0xda0 <__mulsf3_pse+0xa0>
     d64:	88 23       	and	r24, r24
     d66:	4a f0       	brmi	.+18     	; 0xd7a <__mulsf3_pse+0x7a>
     d68:	ee 0f       	add	r30, r30
     d6a:	ff 1f       	adc	r31, r31
     d6c:	bb 1f       	adc	r27, r27
     d6e:	66 1f       	adc	r22, r22
     d70:	77 1f       	adc	r23, r23
     d72:	88 1f       	adc	r24, r24
     d74:	91 50       	subi	r25, 0x01	; 1
     d76:	50 40       	sbci	r21, 0x00	; 0
     d78:	a9 f7       	brne	.-22     	; 0xd64 <__mulsf3_pse+0x64>
     d7a:	9e 3f       	cpi	r25, 0xFE	; 254
     d7c:	51 05       	cpc	r21, r1
     d7e:	80 f0       	brcs	.+32     	; 0xda0 <__mulsf3_pse+0xa0>
     d80:	0c 94 14 06 	jmp	0xc28	; 0xc28 <__fp_inf>
     d84:	0c 94 5f 06 	jmp	0xcbe	; 0xcbe <__fp_szero>
     d88:	5f 3f       	cpi	r21, 0xFF	; 255
     d8a:	e4 f3       	brlt	.-8      	; 0xd84 <__mulsf3_pse+0x84>
     d8c:	98 3e       	cpi	r25, 0xE8	; 232
     d8e:	d4 f3       	brlt	.-12     	; 0xd84 <__mulsf3_pse+0x84>
     d90:	86 95       	lsr	r24
     d92:	77 95       	ror	r23
     d94:	67 95       	ror	r22
     d96:	b7 95       	ror	r27
     d98:	f7 95       	ror	r31
     d9a:	e7 95       	ror	r30
     d9c:	9f 5f       	subi	r25, 0xFF	; 255
     d9e:	c1 f7       	brne	.-16     	; 0xd90 <__mulsf3_pse+0x90>
     da0:	fe 2b       	or	r31, r30
     da2:	88 0f       	add	r24, r24
     da4:	91 1d       	adc	r25, r1
     da6:	96 95       	lsr	r25
     da8:	87 95       	ror	r24
     daa:	97 f9       	bld	r25, 7
     dac:	08 95       	ret

00000dae <dtostrf>:
     dae:	ef 92       	push	r14
     db0:	0f 93       	push	r16
     db2:	1f 93       	push	r17
     db4:	cf 93       	push	r28
     db6:	df 93       	push	r29
     db8:	e8 01       	movw	r28, r16
     dba:	47 fd       	sbrc	r20, 7
     dbc:	02 c0       	rjmp	.+4      	; 0xdc2 <dtostrf+0x14>
     dbe:	34 e0       	ldi	r19, 0x04	; 4
     dc0:	01 c0       	rjmp	.+2      	; 0xdc4 <dtostrf+0x16>
     dc2:	34 e1       	ldi	r19, 0x14	; 20
     dc4:	04 2e       	mov	r0, r20
     dc6:	00 0c       	add	r0, r0
     dc8:	55 0b       	sbc	r21, r21
     dca:	57 ff       	sbrs	r21, 7
     dcc:	03 c0       	rjmp	.+6      	; 0xdd4 <dtostrf+0x26>
     dce:	51 95       	neg	r21
     dd0:	41 95       	neg	r20
     dd2:	51 09       	sbc	r21, r1
     dd4:	e3 2e       	mov	r14, r19
     dd6:	02 2f       	mov	r16, r18
     dd8:	24 2f       	mov	r18, r20
     dda:	ae 01       	movw	r20, r28
     ddc:	0e 94 1c 07 	call	0xe38	; 0xe38 <dtoa_prf>
     de0:	ce 01       	movw	r24, r28
     de2:	df 91       	pop	r29
     de4:	cf 91       	pop	r28
     de6:	1f 91       	pop	r17
     de8:	0f 91       	pop	r16
     dea:	ef 90       	pop	r14
     dec:	08 95       	ret

00000dee <__itoa_ncheck>:
     dee:	bb 27       	eor	r27, r27
     df0:	4a 30       	cpi	r20, 0x0A	; 10
     df2:	31 f4       	brne	.+12     	; 0xe00 <__itoa_ncheck+0x12>
     df4:	99 23       	and	r25, r25
     df6:	22 f4       	brpl	.+8      	; 0xe00 <__itoa_ncheck+0x12>
     df8:	bd e2       	ldi	r27, 0x2D	; 45
     dfa:	90 95       	com	r25
     dfc:	81 95       	neg	r24
     dfe:	9f 4f       	sbci	r25, 0xFF	; 255
     e00:	0c 94 03 07 	jmp	0xe06	; 0xe06 <__utoa_common>

00000e04 <__utoa_ncheck>:
     e04:	bb 27       	eor	r27, r27

00000e06 <__utoa_common>:
     e06:	fb 01       	movw	r30, r22
     e08:	55 27       	eor	r21, r21
     e0a:	aa 27       	eor	r26, r26
     e0c:	88 0f       	add	r24, r24
     e0e:	99 1f       	adc	r25, r25
     e10:	aa 1f       	adc	r26, r26
     e12:	a4 17       	cp	r26, r20
     e14:	10 f0       	brcs	.+4      	; 0xe1a <__utoa_common+0x14>
     e16:	a4 1b       	sub	r26, r20
     e18:	83 95       	inc	r24
     e1a:	50 51       	subi	r21, 0x10	; 16
     e1c:	b9 f7       	brne	.-18     	; 0xe0c <__utoa_common+0x6>
     e1e:	a0 5d       	subi	r26, 0xD0	; 208
     e20:	aa 33       	cpi	r26, 0x3A	; 58
     e22:	08 f0       	brcs	.+2      	; 0xe26 <__utoa_common+0x20>
     e24:	a9 5d       	subi	r26, 0xD9	; 217
     e26:	a1 93       	st	Z+, r26
     e28:	00 97       	sbiw	r24, 0x00	; 0
     e2a:	79 f7       	brne	.-34     	; 0xe0a <__utoa_common+0x4>
     e2c:	b1 11       	cpse	r27, r1
     e2e:	b1 93       	st	Z+, r27
     e30:	11 92       	st	Z+, r1
     e32:	cb 01       	movw	r24, r22
     e34:	0c 94 4e 09 	jmp	0x129c	; 0x129c <strrev>

00000e38 <dtoa_prf>:
     e38:	a9 e0       	ldi	r26, 0x09	; 9
     e3a:	b0 e0       	ldi	r27, 0x00	; 0
     e3c:	e2 e2       	ldi	r30, 0x22	; 34
     e3e:	f7 e0       	ldi	r31, 0x07	; 7
     e40:	0c 94 64 09 	jmp	0x12c8	; 0x12c8 <__prologue_saves__+0xc>
     e44:	6a 01       	movw	r12, r20
     e46:	12 2f       	mov	r17, r18
     e48:	b0 2e       	mov	r11, r16
     e4a:	2b e3       	ldi	r18, 0x3B	; 59
     e4c:	20 17       	cp	r18, r16
     e4e:	20 f0       	brcs	.+8      	; 0xe58 <dtoa_prf+0x20>
     e50:	ff 24       	eor	r15, r15
     e52:	f3 94       	inc	r15
     e54:	f0 0e       	add	r15, r16
     e56:	02 c0       	rjmp	.+4      	; 0xe5c <dtoa_prf+0x24>
     e58:	2c e3       	ldi	r18, 0x3C	; 60
     e5a:	f2 2e       	mov	r15, r18
     e5c:	0f 2d       	mov	r16, r15
     e5e:	27 e0       	ldi	r18, 0x07	; 7
     e60:	ae 01       	movw	r20, r28
     e62:	4f 5f       	subi	r20, 0xFF	; 255
     e64:	5f 4f       	sbci	r21, 0xFF	; 255
     e66:	0e 94 76 08 	call	0x10ec	; 0x10ec <__ftoa_engine>
     e6a:	bc 01       	movw	r22, r24
     e6c:	49 81       	ldd	r20, Y+1	; 0x01
     e6e:	84 2f       	mov	r24, r20
     e70:	89 70       	andi	r24, 0x09	; 9
     e72:	81 30       	cpi	r24, 0x01	; 1
     e74:	31 f0       	breq	.+12     	; 0xe82 <dtoa_prf+0x4a>
     e76:	e1 fc       	sbrc	r14, 1
     e78:	06 c0       	rjmp	.+12     	; 0xe86 <dtoa_prf+0x4e>
     e7a:	e0 fe       	sbrs	r14, 0
     e7c:	06 c0       	rjmp	.+12     	; 0xe8a <dtoa_prf+0x52>
     e7e:	90 e2       	ldi	r25, 0x20	; 32
     e80:	05 c0       	rjmp	.+10     	; 0xe8c <dtoa_prf+0x54>
     e82:	9d e2       	ldi	r25, 0x2D	; 45
     e84:	03 c0       	rjmp	.+6      	; 0xe8c <dtoa_prf+0x54>
     e86:	9b e2       	ldi	r25, 0x2B	; 43
     e88:	01 c0       	rjmp	.+2      	; 0xe8c <dtoa_prf+0x54>
     e8a:	90 e0       	ldi	r25, 0x00	; 0
     e8c:	5e 2d       	mov	r21, r14
     e8e:	50 71       	andi	r21, 0x10	; 16
     e90:	43 ff       	sbrs	r20, 3
     e92:	3c c0       	rjmp	.+120    	; 0xf0c <dtoa_prf+0xd4>
     e94:	91 11       	cpse	r25, r1
     e96:	02 c0       	rjmp	.+4      	; 0xe9c <dtoa_prf+0x64>
     e98:	83 e0       	ldi	r24, 0x03	; 3
     e9a:	01 c0       	rjmp	.+2      	; 0xe9e <dtoa_prf+0x66>
     e9c:	84 e0       	ldi	r24, 0x04	; 4
     e9e:	81 17       	cp	r24, r17
     ea0:	18 f4       	brcc	.+6      	; 0xea8 <dtoa_prf+0x70>
     ea2:	21 2f       	mov	r18, r17
     ea4:	28 1b       	sub	r18, r24
     ea6:	01 c0       	rjmp	.+2      	; 0xeaa <dtoa_prf+0x72>
     ea8:	20 e0       	ldi	r18, 0x00	; 0
     eaa:	51 11       	cpse	r21, r1
     eac:	0b c0       	rjmp	.+22     	; 0xec4 <dtoa_prf+0x8c>
     eae:	f6 01       	movw	r30, r12
     eb0:	82 2f       	mov	r24, r18
     eb2:	30 e2       	ldi	r19, 0x20	; 32
     eb4:	88 23       	and	r24, r24
     eb6:	19 f0       	breq	.+6      	; 0xebe <dtoa_prf+0x86>
     eb8:	31 93       	st	Z+, r19
     eba:	81 50       	subi	r24, 0x01	; 1
     ebc:	fb cf       	rjmp	.-10     	; 0xeb4 <dtoa_prf+0x7c>
     ebe:	c2 0e       	add	r12, r18
     ec0:	d1 1c       	adc	r13, r1
     ec2:	20 e0       	ldi	r18, 0x00	; 0
     ec4:	99 23       	and	r25, r25
     ec6:	29 f0       	breq	.+10     	; 0xed2 <dtoa_prf+0x9a>
     ec8:	d6 01       	movw	r26, r12
     eca:	9c 93       	st	X, r25
     ecc:	f6 01       	movw	r30, r12
     ece:	31 96       	adiw	r30, 0x01	; 1
     ed0:	6f 01       	movw	r12, r30
     ed2:	c6 01       	movw	r24, r12
     ed4:	03 96       	adiw	r24, 0x03	; 3
     ed6:	e2 fe       	sbrs	r14, 2
     ed8:	0a c0       	rjmp	.+20     	; 0xeee <dtoa_prf+0xb6>
     eda:	3e e4       	ldi	r19, 0x4E	; 78
     edc:	d6 01       	movw	r26, r12
     ede:	3c 93       	st	X, r19
     ee0:	41 e4       	ldi	r20, 0x41	; 65
     ee2:	11 96       	adiw	r26, 0x01	; 1
     ee4:	4c 93       	st	X, r20
     ee6:	11 97       	sbiw	r26, 0x01	; 1
     ee8:	12 96       	adiw	r26, 0x02	; 2
     eea:	3c 93       	st	X, r19
     eec:	06 c0       	rjmp	.+12     	; 0xefa <dtoa_prf+0xc2>
     eee:	3e e6       	ldi	r19, 0x6E	; 110
     ef0:	f6 01       	movw	r30, r12
     ef2:	30 83       	st	Z, r19
     ef4:	41 e6       	ldi	r20, 0x61	; 97
     ef6:	41 83       	std	Z+1, r20	; 0x01
     ef8:	32 83       	std	Z+2, r19	; 0x02
     efa:	fc 01       	movw	r30, r24
     efc:	32 2f       	mov	r19, r18
     efe:	40 e2       	ldi	r20, 0x20	; 32
     f00:	33 23       	and	r19, r19
     f02:	09 f4       	brne	.+2      	; 0xf06 <dtoa_prf+0xce>
     f04:	42 c0       	rjmp	.+132    	; 0xf8a <dtoa_prf+0x152>
     f06:	41 93       	st	Z+, r20
     f08:	31 50       	subi	r19, 0x01	; 1
     f0a:	fa cf       	rjmp	.-12     	; 0xf00 <dtoa_prf+0xc8>
     f0c:	42 ff       	sbrs	r20, 2
     f0e:	44 c0       	rjmp	.+136    	; 0xf98 <dtoa_prf+0x160>
     f10:	91 11       	cpse	r25, r1
     f12:	02 c0       	rjmp	.+4      	; 0xf18 <dtoa_prf+0xe0>
     f14:	83 e0       	ldi	r24, 0x03	; 3
     f16:	01 c0       	rjmp	.+2      	; 0xf1a <dtoa_prf+0xe2>
     f18:	84 e0       	ldi	r24, 0x04	; 4
     f1a:	81 17       	cp	r24, r17
     f1c:	18 f4       	brcc	.+6      	; 0xf24 <dtoa_prf+0xec>
     f1e:	21 2f       	mov	r18, r17
     f20:	28 1b       	sub	r18, r24
     f22:	01 c0       	rjmp	.+2      	; 0xf26 <dtoa_prf+0xee>
     f24:	20 e0       	ldi	r18, 0x00	; 0
     f26:	51 11       	cpse	r21, r1
     f28:	0b c0       	rjmp	.+22     	; 0xf40 <dtoa_prf+0x108>
     f2a:	f6 01       	movw	r30, r12
     f2c:	82 2f       	mov	r24, r18
     f2e:	30 e2       	ldi	r19, 0x20	; 32
     f30:	88 23       	and	r24, r24
     f32:	19 f0       	breq	.+6      	; 0xf3a <dtoa_prf+0x102>
     f34:	31 93       	st	Z+, r19
     f36:	81 50       	subi	r24, 0x01	; 1
     f38:	fb cf       	rjmp	.-10     	; 0xf30 <dtoa_prf+0xf8>
     f3a:	c2 0e       	add	r12, r18
     f3c:	d1 1c       	adc	r13, r1
     f3e:	20 e0       	ldi	r18, 0x00	; 0
     f40:	99 23       	and	r25, r25
     f42:	29 f0       	breq	.+10     	; 0xf4e <dtoa_prf+0x116>
     f44:	d6 01       	movw	r26, r12
     f46:	9c 93       	st	X, r25
     f48:	f6 01       	movw	r30, r12
     f4a:	31 96       	adiw	r30, 0x01	; 1
     f4c:	6f 01       	movw	r12, r30
     f4e:	c6 01       	movw	r24, r12
     f50:	03 96       	adiw	r24, 0x03	; 3
     f52:	e2 fe       	sbrs	r14, 2
     f54:	0b c0       	rjmp	.+22     	; 0xf6c <dtoa_prf+0x134>
     f56:	39 e4       	ldi	r19, 0x49	; 73
     f58:	d6 01       	movw	r26, r12
     f5a:	3c 93       	st	X, r19
     f5c:	3e e4       	ldi	r19, 0x4E	; 78
     f5e:	11 96       	adiw	r26, 0x01	; 1
     f60:	3c 93       	st	X, r19
     f62:	11 97       	sbiw	r26, 0x01	; 1
     f64:	36 e4       	ldi	r19, 0x46	; 70
     f66:	12 96       	adiw	r26, 0x02	; 2
     f68:	3c 93       	st	X, r19
     f6a:	07 c0       	rjmp	.+14     	; 0xf7a <dtoa_prf+0x142>
     f6c:	39 e6       	ldi	r19, 0x69	; 105
     f6e:	f6 01       	movw	r30, r12
     f70:	30 83       	st	Z, r19
     f72:	3e e6       	ldi	r19, 0x6E	; 110
     f74:	31 83       	std	Z+1, r19	; 0x01
     f76:	36 e6       	ldi	r19, 0x66	; 102
     f78:	32 83       	std	Z+2, r19	; 0x02
     f7a:	fc 01       	movw	r30, r24
     f7c:	32 2f       	mov	r19, r18
     f7e:	40 e2       	ldi	r20, 0x20	; 32
     f80:	33 23       	and	r19, r19
     f82:	19 f0       	breq	.+6      	; 0xf8a <dtoa_prf+0x152>
     f84:	41 93       	st	Z+, r20
     f86:	31 50       	subi	r19, 0x01	; 1
     f88:	fb cf       	rjmp	.-10     	; 0xf80 <dtoa_prf+0x148>
     f8a:	fc 01       	movw	r30, r24
     f8c:	e2 0f       	add	r30, r18
     f8e:	f1 1d       	adc	r31, r1
     f90:	10 82       	st	Z, r1
     f92:	8e ef       	ldi	r24, 0xFE	; 254
     f94:	9f ef       	ldi	r25, 0xFF	; 255
     f96:	a6 c0       	rjmp	.+332    	; 0x10e4 <dtoa_prf+0x2ac>
     f98:	21 e0       	ldi	r18, 0x01	; 1
     f9a:	30 e0       	ldi	r19, 0x00	; 0
     f9c:	91 11       	cpse	r25, r1
     f9e:	02 c0       	rjmp	.+4      	; 0xfa4 <dtoa_prf+0x16c>
     fa0:	20 e0       	ldi	r18, 0x00	; 0
     fa2:	30 e0       	ldi	r19, 0x00	; 0
     fa4:	16 16       	cp	r1, r22
     fa6:	17 06       	cpc	r1, r23
     fa8:	1c f4       	brge	.+6      	; 0xfb0 <dtoa_prf+0x178>
     faa:	fb 01       	movw	r30, r22
     fac:	31 96       	adiw	r30, 0x01	; 1
     fae:	02 c0       	rjmp	.+4      	; 0xfb4 <dtoa_prf+0x17c>
     fb0:	e1 e0       	ldi	r30, 0x01	; 1
     fb2:	f0 e0       	ldi	r31, 0x00	; 0
     fb4:	2e 0f       	add	r18, r30
     fb6:	3f 1f       	adc	r19, r31
     fb8:	bb 20       	and	r11, r11
     fba:	21 f0       	breq	.+8      	; 0xfc4 <dtoa_prf+0x18c>
     fbc:	eb 2d       	mov	r30, r11
     fbe:	f0 e0       	ldi	r31, 0x00	; 0
     fc0:	31 96       	adiw	r30, 0x01	; 1
     fc2:	02 c0       	rjmp	.+4      	; 0xfc8 <dtoa_prf+0x190>
     fc4:	e0 e0       	ldi	r30, 0x00	; 0
     fc6:	f0 e0       	ldi	r31, 0x00	; 0
     fc8:	2e 0f       	add	r18, r30
     fca:	3f 1f       	adc	r19, r31
     fcc:	e1 2f       	mov	r30, r17
     fce:	f0 e0       	ldi	r31, 0x00	; 0
     fd0:	2e 17       	cp	r18, r30
     fd2:	3f 07       	cpc	r19, r31
     fd4:	1c f4       	brge	.+6      	; 0xfdc <dtoa_prf+0x1a4>
     fd6:	12 1b       	sub	r17, r18
     fd8:	21 2f       	mov	r18, r17
     fda:	01 c0       	rjmp	.+2      	; 0xfde <dtoa_prf+0x1a6>
     fdc:	20 e0       	ldi	r18, 0x00	; 0
     fde:	8e 2d       	mov	r24, r14
     fe0:	88 71       	andi	r24, 0x18	; 24
     fe2:	59 f4       	brne	.+22     	; 0xffa <dtoa_prf+0x1c2>
     fe4:	f6 01       	movw	r30, r12
     fe6:	82 2f       	mov	r24, r18
     fe8:	30 e2       	ldi	r19, 0x20	; 32
     fea:	88 23       	and	r24, r24
     fec:	19 f0       	breq	.+6      	; 0xff4 <dtoa_prf+0x1bc>
     fee:	31 93       	st	Z+, r19
     ff0:	81 50       	subi	r24, 0x01	; 1
     ff2:	fb cf       	rjmp	.-10     	; 0xfea <dtoa_prf+0x1b2>
     ff4:	c2 0e       	add	r12, r18
     ff6:	d1 1c       	adc	r13, r1
     ff8:	20 e0       	ldi	r18, 0x00	; 0
     ffa:	99 23       	and	r25, r25
     ffc:	29 f0       	breq	.+10     	; 0x1008 <dtoa_prf+0x1d0>
     ffe:	d6 01       	movw	r26, r12
    1000:	9c 93       	st	X, r25
    1002:	f6 01       	movw	r30, r12
    1004:	31 96       	adiw	r30, 0x01	; 1
    1006:	6f 01       	movw	r12, r30
    1008:	51 11       	cpse	r21, r1
    100a:	0b c0       	rjmp	.+22     	; 0x1022 <dtoa_prf+0x1ea>
    100c:	f6 01       	movw	r30, r12
    100e:	82 2f       	mov	r24, r18
    1010:	90 e3       	ldi	r25, 0x30	; 48
    1012:	88 23       	and	r24, r24
    1014:	19 f0       	breq	.+6      	; 0x101c <dtoa_prf+0x1e4>
    1016:	91 93       	st	Z+, r25
    1018:	81 50       	subi	r24, 0x01	; 1
    101a:	fb cf       	rjmp	.-10     	; 0x1012 <dtoa_prf+0x1da>
    101c:	c2 0e       	add	r12, r18
    101e:	d1 1c       	adc	r13, r1
    1020:	20 e0       	ldi	r18, 0x00	; 0
    1022:	0f 2d       	mov	r16, r15
    1024:	06 0f       	add	r16, r22
    1026:	9a 81       	ldd	r25, Y+2	; 0x02
    1028:	34 2f       	mov	r19, r20
    102a:	30 71       	andi	r19, 0x10	; 16
    102c:	44 ff       	sbrs	r20, 4
    102e:	03 c0       	rjmp	.+6      	; 0x1036 <dtoa_prf+0x1fe>
    1030:	91 33       	cpi	r25, 0x31	; 49
    1032:	09 f4       	brne	.+2      	; 0x1036 <dtoa_prf+0x1fe>
    1034:	01 50       	subi	r16, 0x01	; 1
    1036:	10 16       	cp	r1, r16
    1038:	24 f4       	brge	.+8      	; 0x1042 <dtoa_prf+0x20a>
    103a:	09 30       	cpi	r16, 0x09	; 9
    103c:	18 f0       	brcs	.+6      	; 0x1044 <dtoa_prf+0x20c>
    103e:	08 e0       	ldi	r16, 0x08	; 8
    1040:	01 c0       	rjmp	.+2      	; 0x1044 <dtoa_prf+0x20c>
    1042:	01 e0       	ldi	r16, 0x01	; 1
    1044:	ab 01       	movw	r20, r22
    1046:	77 ff       	sbrs	r23, 7
    1048:	02 c0       	rjmp	.+4      	; 0x104e <dtoa_prf+0x216>
    104a:	40 e0       	ldi	r20, 0x00	; 0
    104c:	50 e0       	ldi	r21, 0x00	; 0
    104e:	fb 01       	movw	r30, r22
    1050:	e4 1b       	sub	r30, r20
    1052:	f5 0b       	sbc	r31, r21
    1054:	a1 e0       	ldi	r26, 0x01	; 1
    1056:	b0 e0       	ldi	r27, 0x00	; 0
    1058:	ac 0f       	add	r26, r28
    105a:	bd 1f       	adc	r27, r29
    105c:	ea 0f       	add	r30, r26
    105e:	fb 1f       	adc	r31, r27
    1060:	8e e2       	ldi	r24, 0x2E	; 46
    1062:	a8 2e       	mov	r10, r24
    1064:	4b 01       	movw	r8, r22
    1066:	80 1a       	sub	r8, r16
    1068:	91 08       	sbc	r9, r1
    106a:	0b 2d       	mov	r16, r11
    106c:	10 e0       	ldi	r17, 0x00	; 0
    106e:	11 95       	neg	r17
    1070:	01 95       	neg	r16
    1072:	11 09       	sbc	r17, r1
    1074:	4f 3f       	cpi	r20, 0xFF	; 255
    1076:	bf ef       	ldi	r27, 0xFF	; 255
    1078:	5b 07       	cpc	r21, r27
    107a:	21 f4       	brne	.+8      	; 0x1084 <dtoa_prf+0x24c>
    107c:	d6 01       	movw	r26, r12
    107e:	ac 92       	st	X, r10
    1080:	11 96       	adiw	r26, 0x01	; 1
    1082:	6d 01       	movw	r12, r26
    1084:	64 17       	cp	r22, r20
    1086:	75 07       	cpc	r23, r21
    1088:	2c f0       	brlt	.+10     	; 0x1094 <dtoa_prf+0x25c>
    108a:	84 16       	cp	r8, r20
    108c:	95 06       	cpc	r9, r21
    108e:	14 f4       	brge	.+4      	; 0x1094 <dtoa_prf+0x25c>
    1090:	81 81       	ldd	r24, Z+1	; 0x01
    1092:	01 c0       	rjmp	.+2      	; 0x1096 <dtoa_prf+0x25e>
    1094:	80 e3       	ldi	r24, 0x30	; 48
    1096:	41 50       	subi	r20, 0x01	; 1
    1098:	51 09       	sbc	r21, r1
    109a:	31 96       	adiw	r30, 0x01	; 1
    109c:	d6 01       	movw	r26, r12
    109e:	11 96       	adiw	r26, 0x01	; 1
    10a0:	7d 01       	movw	r14, r26
    10a2:	40 17       	cp	r20, r16
    10a4:	51 07       	cpc	r21, r17
    10a6:	24 f0       	brlt	.+8      	; 0x10b0 <dtoa_prf+0x278>
    10a8:	d6 01       	movw	r26, r12
    10aa:	8c 93       	st	X, r24
    10ac:	67 01       	movw	r12, r14
    10ae:	e2 cf       	rjmp	.-60     	; 0x1074 <dtoa_prf+0x23c>
    10b0:	64 17       	cp	r22, r20
    10b2:	75 07       	cpc	r23, r21
    10b4:	39 f4       	brne	.+14     	; 0x10c4 <dtoa_prf+0x28c>
    10b6:	96 33       	cpi	r25, 0x36	; 54
    10b8:	20 f4       	brcc	.+8      	; 0x10c2 <dtoa_prf+0x28a>
    10ba:	95 33       	cpi	r25, 0x35	; 53
    10bc:	19 f4       	brne	.+6      	; 0x10c4 <dtoa_prf+0x28c>
    10be:	31 11       	cpse	r19, r1
    10c0:	01 c0       	rjmp	.+2      	; 0x10c4 <dtoa_prf+0x28c>
    10c2:	81 e3       	ldi	r24, 0x31	; 49
    10c4:	f6 01       	movw	r30, r12
    10c6:	80 83       	st	Z, r24
    10c8:	f7 01       	movw	r30, r14
    10ca:	82 2f       	mov	r24, r18
    10cc:	90 e2       	ldi	r25, 0x20	; 32
    10ce:	88 23       	and	r24, r24
    10d0:	19 f0       	breq	.+6      	; 0x10d8 <dtoa_prf+0x2a0>
    10d2:	91 93       	st	Z+, r25
    10d4:	81 50       	subi	r24, 0x01	; 1
    10d6:	fb cf       	rjmp	.-10     	; 0x10ce <dtoa_prf+0x296>
    10d8:	f7 01       	movw	r30, r14
    10da:	e2 0f       	add	r30, r18
    10dc:	f1 1d       	adc	r31, r1
    10de:	10 82       	st	Z, r1
    10e0:	80 e0       	ldi	r24, 0x00	; 0
    10e2:	90 e0       	ldi	r25, 0x00	; 0
    10e4:	29 96       	adiw	r28, 0x09	; 9
    10e6:	ec e0       	ldi	r30, 0x0C	; 12
    10e8:	0c 94 80 09 	jmp	0x1300	; 0x1300 <__epilogue_restores__+0xc>

000010ec <__ftoa_engine>:
    10ec:	28 30       	cpi	r18, 0x08	; 8
    10ee:	08 f0       	brcs	.+2      	; 0x10f2 <__ftoa_engine+0x6>
    10f0:	27 e0       	ldi	r18, 0x07	; 7
    10f2:	33 27       	eor	r19, r19
    10f4:	da 01       	movw	r26, r20
    10f6:	99 0f       	add	r25, r25
    10f8:	31 1d       	adc	r19, r1
    10fa:	87 fd       	sbrc	r24, 7
    10fc:	91 60       	ori	r25, 0x01	; 1
    10fe:	00 96       	adiw	r24, 0x00	; 0
    1100:	61 05       	cpc	r22, r1
    1102:	71 05       	cpc	r23, r1
    1104:	39 f4       	brne	.+14     	; 0x1114 <__ftoa_engine+0x28>
    1106:	32 60       	ori	r19, 0x02	; 2
    1108:	2e 5f       	subi	r18, 0xFE	; 254
    110a:	3d 93       	st	X+, r19
    110c:	30 e3       	ldi	r19, 0x30	; 48
    110e:	2a 95       	dec	r18
    1110:	e1 f7       	brne	.-8      	; 0x110a <__ftoa_engine+0x1e>
    1112:	08 95       	ret
    1114:	9f 3f       	cpi	r25, 0xFF	; 255
    1116:	30 f0       	brcs	.+12     	; 0x1124 <__ftoa_engine+0x38>
    1118:	80 38       	cpi	r24, 0x80	; 128
    111a:	71 05       	cpc	r23, r1
    111c:	61 05       	cpc	r22, r1
    111e:	09 f0       	breq	.+2      	; 0x1122 <__ftoa_engine+0x36>
    1120:	3c 5f       	subi	r19, 0xFC	; 252
    1122:	3c 5f       	subi	r19, 0xFC	; 252
    1124:	3d 93       	st	X+, r19
    1126:	91 30       	cpi	r25, 0x01	; 1
    1128:	08 f0       	brcs	.+2      	; 0x112c <__ftoa_engine+0x40>
    112a:	80 68       	ori	r24, 0x80	; 128
    112c:	91 1d       	adc	r25, r1
    112e:	df 93       	push	r29
    1130:	cf 93       	push	r28
    1132:	1f 93       	push	r17
    1134:	0f 93       	push	r16
    1136:	ff 92       	push	r15
    1138:	ef 92       	push	r14
    113a:	19 2f       	mov	r17, r25
    113c:	98 7f       	andi	r25, 0xF8	; 248
    113e:	96 95       	lsr	r25
    1140:	e9 2f       	mov	r30, r25
    1142:	96 95       	lsr	r25
    1144:	96 95       	lsr	r25
    1146:	e9 0f       	add	r30, r25
    1148:	ff 27       	eor	r31, r31
    114a:	ee 53       	subi	r30, 0x3E	; 62
    114c:	ff 4f       	sbci	r31, 0xFF	; 255
    114e:	99 27       	eor	r25, r25
    1150:	33 27       	eor	r19, r19
    1152:	ee 24       	eor	r14, r14
    1154:	ff 24       	eor	r15, r15
    1156:	a7 01       	movw	r20, r14
    1158:	e7 01       	movw	r28, r14
    115a:	05 90       	lpm	r0, Z+
    115c:	08 94       	sec
    115e:	07 94       	ror	r0
    1160:	28 f4       	brcc	.+10     	; 0x116c <__ftoa_engine+0x80>
    1162:	36 0f       	add	r19, r22
    1164:	e7 1e       	adc	r14, r23
    1166:	f8 1e       	adc	r15, r24
    1168:	49 1f       	adc	r20, r25
    116a:	51 1d       	adc	r21, r1
    116c:	66 0f       	add	r22, r22
    116e:	77 1f       	adc	r23, r23
    1170:	88 1f       	adc	r24, r24
    1172:	99 1f       	adc	r25, r25
    1174:	06 94       	lsr	r0
    1176:	a1 f7       	brne	.-24     	; 0x1160 <__ftoa_engine+0x74>
    1178:	05 90       	lpm	r0, Z+
    117a:	07 94       	ror	r0
    117c:	28 f4       	brcc	.+10     	; 0x1188 <__ftoa_engine+0x9c>
    117e:	e7 0e       	add	r14, r23
    1180:	f8 1e       	adc	r15, r24
    1182:	49 1f       	adc	r20, r25
    1184:	56 1f       	adc	r21, r22
    1186:	c1 1d       	adc	r28, r1
    1188:	77 0f       	add	r23, r23
    118a:	88 1f       	adc	r24, r24
    118c:	99 1f       	adc	r25, r25
    118e:	66 1f       	adc	r22, r22
    1190:	06 94       	lsr	r0
    1192:	a1 f7       	brne	.-24     	; 0x117c <__ftoa_engine+0x90>
    1194:	05 90       	lpm	r0, Z+
    1196:	07 94       	ror	r0
    1198:	28 f4       	brcc	.+10     	; 0x11a4 <__ftoa_engine+0xb8>
    119a:	f8 0e       	add	r15, r24
    119c:	49 1f       	adc	r20, r25
    119e:	56 1f       	adc	r21, r22
    11a0:	c7 1f       	adc	r28, r23
    11a2:	d1 1d       	adc	r29, r1
    11a4:	88 0f       	add	r24, r24
    11a6:	99 1f       	adc	r25, r25
    11a8:	66 1f       	adc	r22, r22
    11aa:	77 1f       	adc	r23, r23
    11ac:	06 94       	lsr	r0
    11ae:	a1 f7       	brne	.-24     	; 0x1198 <__ftoa_engine+0xac>
    11b0:	05 90       	lpm	r0, Z+
    11b2:	07 94       	ror	r0
    11b4:	20 f4       	brcc	.+8      	; 0x11be <__ftoa_engine+0xd2>
    11b6:	49 0f       	add	r20, r25
    11b8:	56 1f       	adc	r21, r22
    11ba:	c7 1f       	adc	r28, r23
    11bc:	d8 1f       	adc	r29, r24
    11be:	99 0f       	add	r25, r25
    11c0:	66 1f       	adc	r22, r22
    11c2:	77 1f       	adc	r23, r23
    11c4:	88 1f       	adc	r24, r24
    11c6:	06 94       	lsr	r0
    11c8:	a9 f7       	brne	.-22     	; 0x11b4 <__ftoa_engine+0xc8>
    11ca:	84 91       	lpm	r24, Z
    11cc:	10 95       	com	r17
    11ce:	17 70       	andi	r17, 0x07	; 7
    11d0:	41 f0       	breq	.+16     	; 0x11e2 <__ftoa_engine+0xf6>
    11d2:	d6 95       	lsr	r29
    11d4:	c7 95       	ror	r28
    11d6:	57 95       	ror	r21
    11d8:	47 95       	ror	r20
    11da:	f7 94       	ror	r15
    11dc:	e7 94       	ror	r14
    11de:	1a 95       	dec	r17
    11e0:	c1 f7       	brne	.-16     	; 0x11d2 <__ftoa_engine+0xe6>
    11e2:	e8 e6       	ldi	r30, 0x68	; 104
    11e4:	f0 e0       	ldi	r31, 0x00	; 0
    11e6:	68 94       	set
    11e8:	15 90       	lpm	r1, Z+
    11ea:	15 91       	lpm	r17, Z+
    11ec:	35 91       	lpm	r19, Z+
    11ee:	65 91       	lpm	r22, Z+
    11f0:	95 91       	lpm	r25, Z+
    11f2:	05 90       	lpm	r0, Z+
    11f4:	7f e2       	ldi	r23, 0x2F	; 47
    11f6:	73 95       	inc	r23
    11f8:	e1 18       	sub	r14, r1
    11fa:	f1 0a       	sbc	r15, r17
    11fc:	43 0b       	sbc	r20, r19
    11fe:	56 0b       	sbc	r21, r22
    1200:	c9 0b       	sbc	r28, r25
    1202:	d0 09       	sbc	r29, r0
    1204:	c0 f7       	brcc	.-16     	; 0x11f6 <__ftoa_engine+0x10a>
    1206:	e1 0c       	add	r14, r1
    1208:	f1 1e       	adc	r15, r17
    120a:	43 1f       	adc	r20, r19
    120c:	56 1f       	adc	r21, r22
    120e:	c9 1f       	adc	r28, r25
    1210:	d0 1d       	adc	r29, r0
    1212:	7e f4       	brtc	.+30     	; 0x1232 <__ftoa_engine+0x146>
    1214:	70 33       	cpi	r23, 0x30	; 48
    1216:	11 f4       	brne	.+4      	; 0x121c <__ftoa_engine+0x130>
    1218:	8a 95       	dec	r24
    121a:	e6 cf       	rjmp	.-52     	; 0x11e8 <__ftoa_engine+0xfc>
    121c:	e8 94       	clt
    121e:	01 50       	subi	r16, 0x01	; 1
    1220:	30 f0       	brcs	.+12     	; 0x122e <__ftoa_engine+0x142>
    1222:	08 0f       	add	r16, r24
    1224:	0a f4       	brpl	.+2      	; 0x1228 <__ftoa_engine+0x13c>
    1226:	00 27       	eor	r16, r16
    1228:	02 17       	cp	r16, r18
    122a:	08 f4       	brcc	.+2      	; 0x122e <__ftoa_engine+0x142>
    122c:	20 2f       	mov	r18, r16
    122e:	23 95       	inc	r18
    1230:	02 2f       	mov	r16, r18
    1232:	7a 33       	cpi	r23, 0x3A	; 58
    1234:	28 f0       	brcs	.+10     	; 0x1240 <__ftoa_engine+0x154>
    1236:	79 e3       	ldi	r23, 0x39	; 57
    1238:	7d 93       	st	X+, r23
    123a:	2a 95       	dec	r18
    123c:	e9 f7       	brne	.-6      	; 0x1238 <__ftoa_engine+0x14c>
    123e:	10 c0       	rjmp	.+32     	; 0x1260 <__ftoa_engine+0x174>
    1240:	7d 93       	st	X+, r23
    1242:	2a 95       	dec	r18
    1244:	89 f6       	brne	.-94     	; 0x11e8 <__ftoa_engine+0xfc>
    1246:	06 94       	lsr	r0
    1248:	97 95       	ror	r25
    124a:	67 95       	ror	r22
    124c:	37 95       	ror	r19
    124e:	17 95       	ror	r17
    1250:	17 94       	ror	r1
    1252:	e1 18       	sub	r14, r1
    1254:	f1 0a       	sbc	r15, r17
    1256:	43 0b       	sbc	r20, r19
    1258:	56 0b       	sbc	r21, r22
    125a:	c9 0b       	sbc	r28, r25
    125c:	d0 09       	sbc	r29, r0
    125e:	98 f0       	brcs	.+38     	; 0x1286 <__ftoa_engine+0x19a>
    1260:	23 95       	inc	r18
    1262:	7e 91       	ld	r23, -X
    1264:	73 95       	inc	r23
    1266:	7a 33       	cpi	r23, 0x3A	; 58
    1268:	08 f0       	brcs	.+2      	; 0x126c <__ftoa_engine+0x180>
    126a:	70 e3       	ldi	r23, 0x30	; 48
    126c:	7c 93       	st	X, r23
    126e:	20 13       	cpse	r18, r16
    1270:	b8 f7       	brcc	.-18     	; 0x1260 <__ftoa_engine+0x174>
    1272:	7e 91       	ld	r23, -X
    1274:	70 61       	ori	r23, 0x10	; 16
    1276:	7d 93       	st	X+, r23
    1278:	30 f0       	brcs	.+12     	; 0x1286 <__ftoa_engine+0x19a>
    127a:	83 95       	inc	r24
    127c:	71 e3       	ldi	r23, 0x31	; 49
    127e:	7d 93       	st	X+, r23
    1280:	70 e3       	ldi	r23, 0x30	; 48
    1282:	2a 95       	dec	r18
    1284:	e1 f7       	brne	.-8      	; 0x127e <__ftoa_engine+0x192>
    1286:	11 24       	eor	r1, r1
    1288:	ef 90       	pop	r14
    128a:	ff 90       	pop	r15
    128c:	0f 91       	pop	r16
    128e:	1f 91       	pop	r17
    1290:	cf 91       	pop	r28
    1292:	df 91       	pop	r29
    1294:	99 27       	eor	r25, r25
    1296:	87 fd       	sbrc	r24, 7
    1298:	90 95       	com	r25
    129a:	08 95       	ret

0000129c <strrev>:
    129c:	dc 01       	movw	r26, r24
    129e:	fc 01       	movw	r30, r24
    12a0:	67 2f       	mov	r22, r23
    12a2:	71 91       	ld	r23, Z+
    12a4:	77 23       	and	r23, r23
    12a6:	e1 f7       	brne	.-8      	; 0x12a0 <strrev+0x4>
    12a8:	32 97       	sbiw	r30, 0x02	; 2
    12aa:	04 c0       	rjmp	.+8      	; 0x12b4 <strrev+0x18>
    12ac:	7c 91       	ld	r23, X
    12ae:	6d 93       	st	X+, r22
    12b0:	70 83       	st	Z, r23
    12b2:	62 91       	ld	r22, -Z
    12b4:	ae 17       	cp	r26, r30
    12b6:	bf 07       	cpc	r27, r31
    12b8:	c8 f3       	brcs	.-14     	; 0x12ac <strrev+0x10>
    12ba:	08 95       	ret

000012bc <__prologue_saves__>:
    12bc:	2f 92       	push	r2
    12be:	3f 92       	push	r3
    12c0:	4f 92       	push	r4
    12c2:	5f 92       	push	r5
    12c4:	6f 92       	push	r6
    12c6:	7f 92       	push	r7
    12c8:	8f 92       	push	r8
    12ca:	9f 92       	push	r9
    12cc:	af 92       	push	r10
    12ce:	bf 92       	push	r11
    12d0:	cf 92       	push	r12
    12d2:	df 92       	push	r13
    12d4:	ef 92       	push	r14
    12d6:	ff 92       	push	r15
    12d8:	0f 93       	push	r16
    12da:	1f 93       	push	r17
    12dc:	cf 93       	push	r28
    12de:	df 93       	push	r29
    12e0:	cd b7       	in	r28, 0x3d	; 61
    12e2:	de b7       	in	r29, 0x3e	; 62
    12e4:	ca 1b       	sub	r28, r26
    12e6:	db 0b       	sbc	r29, r27
    12e8:	0f b6       	in	r0, 0x3f	; 63
    12ea:	f8 94       	cli
    12ec:	de bf       	out	0x3e, r29	; 62
    12ee:	0f be       	out	0x3f, r0	; 63
    12f0:	cd bf       	out	0x3d, r28	; 61
    12f2:	09 94       	ijmp

000012f4 <__epilogue_restores__>:
    12f4:	2a 88       	ldd	r2, Y+18	; 0x12
    12f6:	39 88       	ldd	r3, Y+17	; 0x11
    12f8:	48 88       	ldd	r4, Y+16	; 0x10
    12fa:	5f 84       	ldd	r5, Y+15	; 0x0f
    12fc:	6e 84       	ldd	r6, Y+14	; 0x0e
    12fe:	7d 84       	ldd	r7, Y+13	; 0x0d
    1300:	8c 84       	ldd	r8, Y+12	; 0x0c
    1302:	9b 84       	ldd	r9, Y+11	; 0x0b
    1304:	aa 84       	ldd	r10, Y+10	; 0x0a
    1306:	b9 84       	ldd	r11, Y+9	; 0x09
    1308:	c8 84       	ldd	r12, Y+8	; 0x08
    130a:	df 80       	ldd	r13, Y+7	; 0x07
    130c:	ee 80       	ldd	r14, Y+6	; 0x06
    130e:	fd 80       	ldd	r15, Y+5	; 0x05
    1310:	0c 81       	ldd	r16, Y+4	; 0x04
    1312:	1b 81       	ldd	r17, Y+3	; 0x03
    1314:	aa 81       	ldd	r26, Y+2	; 0x02
    1316:	b9 81       	ldd	r27, Y+1	; 0x01
    1318:	ce 0f       	add	r28, r30
    131a:	d1 1d       	adc	r29, r1
    131c:	0f b6       	in	r0, 0x3f	; 63
    131e:	f8 94       	cli
    1320:	de bf       	out	0x3e, r29	; 62
    1322:	0f be       	out	0x3f, r0	; 63
    1324:	cd bf       	out	0x3d, r28	; 61
    1326:	ed 01       	movw	r28, r26
    1328:	08 95       	ret

0000132a <_exit>:
    132a:	f8 94       	cli

0000132c <__stop_program>:
    132c:	ff cf       	rjmp	.-2      	; 0x132c <__stop_program>
