ISO-10303-21;
HEADER;
FILE_DESCRIPTION (( 'STEP AP214' ),
    '1' );
FILE_NAME ('B57164K0104J000.STEP',
    '2022-07-15T11:09:18',
    ( '' ),
    ( '' ),
    'SwSTEP 2.0',
    'SolidWorks 2018',
    '' );
FILE_SCHEMA (( 'AUTOMOTIVE_DESIGN' ));
ENDSEC;

DATA;
#1 = COLOUR_RGB ( '',1.000000000000000000, 1.000000000000000000, 1.000000000000000000 ) ;
#2 = CARTESIAN_POINT ( 'NONE',  ( -1.527083327024264969, -2.347270455050207261, 1.883827708407720847 ) ) ;
#3 = LINE ( 'NONE', #1956, #3611 ) ;
#4 = ORIENTED_EDGE ( 'NONE', *, *, #4799, .T. ) ;
#5 = SURFACE_STYLE_FILL_AREA ( #3191 ) ;
#6 = DIRECTION ( 'NONE',  ( 0.000000000000000000, 0.000000000000000000, -1.000000000000000000 ) ) ;
#7 = ORIENTED_EDGE ( 'NONE', *, *, #2889, .T. ) ;
#8 = ADVANCED_FACE ( 'NONE', ( #2808 ), #2026, .T. ) ;
#9 = ORIENTED_EDGE ( 'NONE', *, *, #4281, .F. ) ;
#10 = FILL_AREA_STYLE ('',( #4044 ) ) ;
#11 = DIRECTION ( 'NONE',  ( 0.000000000000000000, 0.000000000000000000, 1.000000000000000000 ) ) ;
#12 = EDGE_CURVE ( 'NONE', #2976, #4720, #233, .T. ) ;
#13 = VERTEX_POINT ( 'NONE', #2589 ) ;
#14 =( NAMED_UNIT ( * ) SI_UNIT ( $, .STERADIAN. ) SOLID_ANGLE_UNIT ( ) );
#15 = CARTESIAN_POINT ( 'NONE',  ( -2.444636631028637375, -1.480599362693919563, 1.655287767959415568 ) ) ;
#16 = ORIENTED_EDGE ( 'NONE', *, *, #2366, .T. ) ;
#17 = SURFACE_SIDE_STYLE ('',( #5072 ) ) ;
#18 = ORIENTED_EDGE ( 'NONE', *, *, #2579, .F. ) ;
#19 = CARTESIAN_POINT ( 'NONE',  ( 2.053398016093347156, -1.794169467520343231, -1.252963866583127528 ) ) ;
#20 = ORIENTED_EDGE ( 'NONE', *, *, #4970, .F. ) ;
#21 = CARTESIAN_POINT ( 'NONE',  ( -2.279999999999999361, -2.120000000000000107, 3.749999999999996447 ) ) ;
#22 = ORIENTED_EDGE ( 'NONE', *, *, #1730, .F. ) ;
#23 = ORIENTED_EDGE ( 'NONE', *, *, #167, .F. ) ;
#24 = PRESENTATION_STYLE_ASSIGNMENT (( #4646 ) ) ;
#25 = VERTEX_POINT ( 'NONE', #2568 ) ;
#26 =( BOUNDED_CURVE ( )  B_SPLINE_CURVE ( 3, ( #2499, #3459, #538, #3376 ),
 .UNSPECIFIED., .F., .T. ) 
 B_SPLINE_CURVE_WITH_KNOTS ( ( 4, 4 ),
 ( 0.000000000000000000, 2.068926391771557238 ),
 .UNSPECIFIED. ) 
 CURVE ( )  GEOMETRIC_REPRESENTATION_ITEM ( )  RATIONAL_B_SPLINE_CURVE ( ( 1.000000000000000000, 0.6739916244896329012, 0.6739916244896329012, 1.000000000000000000 ) ) 
 REPRESENTATION_ITEM ( '' )  );
#27 = FACE_OUTER_BOUND ( 'NONE', #1433, .T. ) ;
#28 = CARTESIAN_POINT ( 'NONE',  ( 2.716008807648083501, 2.499933720857093089, 2.749624112301811252 ) ) ;
#29 = AXIS2_PLACEMENT_3D ( 'NONE', #2005, #2029, #1564 ) ;
#30 = CARTESIAN_POINT ( 'NONE',  ( -2.051543289325509889, -1.299999999999999600, 2.362670273047615233 ) ) ;
#31 = CARTESIAN_POINT ( 'NONE',  ( 1.607529992821278952, 2.089614208624059444, 2.456058130245155180 ) ) ;
#32 = ADVANCED_FACE ( 'NONE', ( #1839 ), #147, .T. ) ;
#33 = CARTESIAN_POINT ( 'NONE',  ( -2.703960780543711362, -1.299999999999999378, 3.749999999999996447 ) ) ;
#34 = DIRECTION ( 'NONE',  ( 0.000000000000000000, 0.000000000000000000, 1.000000000000000000 ) ) ;
#35 = COLOUR_RGB ( '',1.000000000000000000, 1.000000000000000000, 1.000000000000000000 ) ;
#36 =( GEOMETRIC_REPRESENTATION_CONTEXT ( 3 ) GLOBAL_UNCERTAINTY_ASSIGNED_CONTEXT ( ( #2106 ) ) GLOBAL_UNIT_ASSIGNED_CONTEXT ( ( #1534, #3472, #2957 ) ) REPRESENTATION_CONTEXT ( 'NONE', 'WORKASPACE' ) );
#37 = UNCERTAINTY_MEASURE_WITH_UNIT (LENGTH_MEASURE( 1.000000000000000082E-05 ), #325, 'distance_accuracy_value', 'NONE');
#38 = CARTESIAN_POINT ( 'NONE',  ( 2.293024721980610359, 2.096742985080965127, 1.310340954907832867 ) ) ;
#39 = SURFACE_STYLE_FILL_AREA ( #2242 ) ;
#40 = FILL_AREA_STYLE ('',( #5196 ) ) ;
#41 = DIRECTION ( 'NONE',  ( -0.000000000000000000, 1.000000000000000000, -0.000000000000000000 ) ) ;
#42 = AXIS2_PLACEMENT_3D ( 'NONE', #4335, #1540, #2525 ) ;
#43 = CARTESIAN_POINT ( 'NONE',  ( 1.899999999999999911, 2.120000000000000107, 3.369999999999996110 ) ) ;
#44 = AXIS2_PLACEMENT_3D ( 'NONE', #1596, #3653, #6058 ) ;
#45 = VERTEX_POINT ( 'NONE', #1159 ) ;
#46 =( LENGTH_UNIT ( ) NAMED_UNIT ( * ) SI_UNIT ( .MILLI., .METRE. ) );
#47 = ADVANCED_FACE ( 'NONE', ( #1680 ), #4098, .T. ) ;
#48 = CARTESIAN_POINT ( 'NONE',  ( 4.174438572590588750E-15, 1.588484854837449722, -2.419459271066770167 ) ) ;
#49 = EDGE_CURVE ( 'NONE', #2441, #4765, #2727, .T. ) ;
#50 = MECHANICAL_DESIGN_GEOMETRIC_PRESENTATION_REPRESENTATION (  '', ( #5317 ), #1731 ) ;
#51 = FILL_AREA_STYLE ('',( #4785 ) ) ;
#52 = DIRECTION ( 'NONE',  ( 0.000000000000000000, 0.000000000000000000, 1.000000000000000000 ) ) ;
#53 = SURFACE_STYLE_USAGE ( .BOTH. , #1465 ) ;
#54 = CARTESIAN_POINT ( 'NONE',  ( 2.445621208660145651, 1.958228451127392189, 1.597093071236309392 ) ) ;
#55 = CARTESIAN_POINT ( 'NONE',  ( -1.899999999999999245, -1.696039219456288549, 3.369999999999996110 ) ) ;
#56 = CARTESIAN_POINT ( 'NONE',  ( -1.313905159147055191, -1.511920575779874598, 2.415813161808411991 ) ) ;
#57 = CARTESIAN_POINT ( 'NONE',  ( -1.433351036997312367, 2.500000000000000000, 2.635432565014466544 ) ) ;
#58 = CARTESIAN_POINT ( 'NONE',  ( -1.496939041224877975, -2.322276459780242330, 1.742079717433545838 ) ) ;
#59 = CARTESIAN_POINT ( 'NONE',  ( 2.454340369896321317, 1.908542105401166866, 1.605812232472484169 ) ) ;
#60 = EDGE_CURVE ( 'NONE', #5300, #5310, #5283, .T. ) ;
#61 = FILL_AREA_STYLE ('',( #5709 ) ) ;
#62 = UNCERTAINTY_MEASURE_WITH_UNIT (LENGTH_MEASURE( 1.000000000000000082E-05 ), #96, 'distance_accuracy_value', 'NONE');
#63 = LINE ( 'NONE', #73, #4905 ) ;
#64 = PRESENTATION_LAYER_ASSIGNMENT (  '', '', ( #297 ) ) ;
#65 = SURFACE_STYLE_FILL_AREA ( #1215 ) ;
#66 = SURFACE_SIDE_STYLE ('',( #1561 ) ) ;
#67 = ORIENTED_EDGE ( 'NONE', *, *, #691, .T. ) ;
#68 =( GEOMETRIC_REPRESENTATION_CONTEXT ( 3 ) GLOBAL_UNCERTAINTY_ASSIGNED_CONTEXT ( ( #1005 ) ) GLOBAL_UNIT_ASSIGNED_CONTEXT ( ( #5736, #3398, #2969 ) ) REPRESENTATION_CONTEXT ( 'NONE', 'WORKASPACE' ) );
#69 = ADVANCED_FACE ( 'NONE', ( #4774 ), #2064, .T. ) ;
#70 = DIRECTION ( 'NONE',  ( -0.000000000000000000, -1.000000000000000000, -0.000000000000000000 ) ) ;
#71 = MECHANICAL_DESIGN_GEOMETRIC_PRESENTATION_REPRESENTATION (  '', ( #4949 ), #1750 ) ;
#72 = COLOUR_RGB ( '',1.000000000000000000, 1.000000000000000000, 1.000000000000000000 ) ;
#73 = CARTESIAN_POINT ( 'NONE',  ( -2.660755880302346554, -1.996162498223767123, 1.812227742878513848 ) ) ;
#74 = VECTOR ( 'NONE', #3911, 1000.000000000000000 ) ;
#75 = CARTESIAN_POINT ( 'NONE',  ( 2.227268474648810059, 2.114511457589715704, 1.436002985914708097 ) ) ;
#76 = ORIENTED_EDGE ( 'NONE', *, *, #1576, .F. ) ;
#77 = CARTESIAN_POINT ( 'NONE',  ( -2.719999999999999751, -2.500000000000000000, 3.749999999999996447 ) ) ;
#78 = CARTESIAN_POINT ( 'NONE',  ( 2.631370849898482689, 1.300000000000000044, 1.782842712474647540 ) ) ;
#79 = CARTESIAN_POINT ( 'NONE',  ( -2.797874563579549001, -2.177439546388784120, 3.109001547301663670 ) ) ;
#80 = SURFACE_SIDE_STYLE ('',( #3980 ) ) ;
#81 = COLOUR_RGB ( '',1.000000000000000000, 1.000000000000000000, 1.000000000000000000 ) ;
#82 = EDGE_CURVE ( 'NONE', #3179, #2133, #5583, .T. ) ;
#83 = ORIENTED_EDGE ( 'NONE', *, *, #5327, .T. ) ;
#84 = B_SPLINE_CURVE_WITH_KNOTS ( 'NONE', 3,
 ( #3058, #3091, #1632, #2537, #3999, #3020, #661, #5409 ),
 .UNSPECIFIED., .F., .F.,
 ( 4, 2, 2, 4 ),
 ( 0.000000000000000000, 0.0002169962354347354354, 0.0004339924708694708707, 0.0008679849417389405488 ),
 .UNSPECIFIED. ) ;
#85 = SURFACE_STYLE_FILL_AREA ( #1121 ) ;
#86 = EDGE_CURVE ( 'NONE', #4413, #3289, #5365, .T. ) ;
#87 = CARTESIAN_POINT ( 'NONE',  ( -0.6151075367824359041, 1.599269755907702262, -2.358295057700668718 ) ) ;
#88 = PLANE ( 'NONE',  #2506 ) ;
#89 = MECHANICAL_DESIGN_GEOMETRIC_PRESENTATION_REPRESENTATION (  '', ( #2284 ), #1341 ) ;
#90 = MECHANICAL_DESIGN_GEOMETRIC_PRESENTATION_REPRESENTATION (  '', ( #3372 ), #3677 ) ;
#91 = ORIENTED_EDGE ( 'NONE', *, *, #3130, .F. ) ;
#92 = DIRECTION ( 'NONE',  ( 0.000000000000000000, 0.000000000000000000, -1.000000000000000000 ) ) ;
#93 = SURFACE_STYLE_FILL_AREA ( #1177 ) ;
#94 = TOROIDAL_SURFACE ( 'NONE', #4542, 0.7800000000000014699, 0.3800000000000000044 ) ;
#95 = CARTESIAN_POINT ( 'NONE',  ( 2.631370849898481357, 1.300000000000000044, 1.782842712474647984 ) ) ;
#96 =( LENGTH_UNIT ( ) NAMED_UNIT ( * ) SI_UNIT ( .MILLI., .METRE. ) );
#97 =( NAMED_UNIT ( * ) SI_UNIT ( $, .STERADIAN. ) SOLID_ANGLE_UNIT ( ) );
#98 = ORIENTED_EDGE ( 'NONE', *, *, #2564, .F. ) ;
#99 = DIRECTION ( 'NONE',  ( -0.000000000000000000, 0.000000000000000000, 1.000000000000000000 ) ) ;
#100 = ADVANCED_FACE ( 'NONE', ( #804 ), #285, .T. ) ;
#101 = VECTOR ( 'NONE', #4679, 1000.000000000000000 ) ;
#102 = SURFACE_SIDE_STYLE ('',( #400 ) ) ;
#103 = FILL_AREA_STYLE ('',( #2407 ) ) ;
#104 =( BOUNDED_SURFACE ( )  B_SPLINE_SURFACE ( 3, 2, ( 
 ( #3106, #738, #3598 ),
 ( #5025, #324, #4076 ),
 ( #1231, #5854, #1712 ),
 ( #2606, #3071, #2190 ) ),
 .UNSPECIFIED., .F., .F., .F. ) 
 B_SPLINE_SURFACE_WITH_KNOTS ( ( 4, 4 ),
 ( 3, 3 ),
 ( 3.926990816987246280, 4.635705407045398907 ),
 ( 0.000000000000000000, 1.000000000000000000 ),
 .UNSPECIFIED. ) 
 GEOMETRIC_REPRESENTATION_ITEM ( )  RATIONAL_B_SPLINE_SURFACE ( (
 ( 1.000000000000000000, 0.7492622384615975628, 1.000000000000000000),
 ( 1.000000000000000000, 0.7396108874023908930, 1.000000000000000000),
 ( 1.000000000000000000, 0.7261855905527437871, 1.000000000000000000),
 ( 1.000000000000000000, 0.7117945336044324556, 1.000000000000000000) ) ) 
 REPRESENTATION_ITEM ( '' )  SURFACE ( )  );
#105 = DIRECTION ( 'NONE',  ( -0.7071067811865439090, 0.000000000000000000, -0.7071067811865511255 ) ) ;
#106 = VERTEX_POINT ( 'NONE', #4015 ) ;
#107 = DIRECTION ( 'NONE',  ( -0.000000000000000000, -1.000000000000000000, -0.000000000000000000 ) ) ;
#108 = LINE ( 'NONE', #4728, #326 ) ;
#109 = ADVANCED_FACE ( 'NONE', ( #574 ), #3982, .T. ) ;
#110 = CARTESIAN_POINT ( 'NONE',  ( 1.899999999999999689, 2.070046751700288734, 3.370000104329627710 ) ) ;
#111 = SURFACE_STYLE_FILL_AREA ( #5269 ) ;
#112 = SURFACE_SIDE_STYLE ('',( #4834 ) ) ;
#113 = CARTESIAN_POINT ( 'NONE',  ( -2.251808660694804232, -2.469466974948796079, 2.576838610129168039 ) ) ;
#114 = VERTEX_POINT ( 'NONE', #1352 ) ;
#115 = CARTESIAN_POINT ( 'NONE',  ( -2.267074819026165589, -2.137339092095567050, 0.6932477863154502540 ) ) ;
#116 = AXIS2_PLACEMENT_3D ( 'NONE', #3717, #4640, #1826 ) ;
#117 = CARTESIAN_POINT ( 'NONE',  ( 2.685919875595609074, 2.136726007345480571, 3.749999999999996447 ) ) ;
#118 = DIRECTION ( 'NONE',  ( -0.000000000000000000, -1.000000000000000000, -0.000000000000000000 ) ) ;
#119 = MECHANICAL_DESIGN_GEOMETRIC_PRESENTATION_REPRESENTATION (  '', ( #312 ), #2632 ) ;
#120 = ORIENTED_EDGE ( 'NONE', *, *, #5390, .F. ) ;
#121 = DIRECTION ( 'NONE',  ( 1.141265444721583314E-15, 1.141265444721583314E-15, 1.000000000000000000 ) ) ;
#122 = SURFACE_SIDE_STYLE ('',( #5084 ) ) ;
#123 = CARTESIAN_POINT ( 'NONE',  ( -2.279999999999999361, 0.000000000000000000, 3.749999999999996447 ) ) ;
#124 = AXIS2_PLACEMENT_3D ( 'NONE', #3908, #3936, #3417 ) ;
#125 = SURFACE_SIDE_STYLE ('',( #5582 ) ) ;
#126 = CARTESIAN_POINT ( 'NONE',  ( -2.499999999999999556, -1.899999999999999689, 3.749999999999996447 ) ) ;
#127 = STYLED_ITEM ( 'NONE', ( #1721 ), #3295 ) ;
#128 = DIRECTION ( 'NONE',  ( 0.000000000000000000, 0.000000000000000000, 1.000000000000000000 ) ) ;
#129 = CARTESIAN_POINT ( 'NONE',  ( 1.899999999999999689, 2.059295065381189449, 3.716900407159888342 ) ) ;
#130 = B_SPLINE_CURVE_WITH_KNOTS ( 'NONE', 3,
 ( #309, #1762, #750, #4082, #1242, #5942 ),
 .UNSPECIFIED., .F., .F.,
 ( 4, 2, 4 ),
 ( -1.083746562910431607E-05, 0.0002861891102514375440, 0.0005832156861319793498 ),
 .UNSPECIFIED. ) ;
#131 =( NAMED_UNIT ( * ) SI_UNIT ( $, .STERADIAN. ) SOLID_ANGLE_UNIT ( ) );
#132 = EDGE_CURVE ( 'NONE', #3962, #4963, #5355, .T. ) ;
#133 =( NAMED_UNIT ( * ) PLANE_ANGLE_UNIT ( ) SI_UNIT ( $, .RADIAN. ) );
#134 = CARTESIAN_POINT ( 'NONE',  ( -1.899999999999999467, -2.059295065381188561, 3.716900407159888342 ) ) ;
#135 = CARTESIAN_POINT ( 'NONE',  ( -0.4462779166065758973, -1.588484854839000704, -2.419459271057981198 ) ) ;
#136 = ADVANCED_FACE ( 'NONE', ( #4252 ), #4762, .T. ) ;
#137 = LINE ( 'NONE', #460, #1660 ) ;
#138 = CARTESIAN_POINT ( 'NONE',  ( -3.100000000000000089, -2.500000000000000000, 3.369999999999996110 ) ) ;
#139 = CARTESIAN_POINT ( 'NONE',  ( 1.268061414988697067, 2.449238918939921295, 2.462119603839602267 ) ) ;
#140 = SURFACE_STYLE_FILL_AREA ( #3894 ) ;
#141 = UNCERTAINTY_MEASURE_WITH_UNIT (LENGTH_MEASURE( 1.000000000000000082E-05 ), #2477, 'distance_accuracy_value', 'NONE');
#142 = FACE_OUTER_BOUND ( 'NONE', #2028, .T. ) ;
#143 = EDGE_CURVE ( 'NONE', #2986, #2219, #950, .T. ) ;
#144 = CARTESIAN_POINT ( 'NONE',  ( 1.900000000000028555, 2.086216341497777460, 3.733548926643224686 ) ) ;
#145 = SURFACE_STYLE_FILL_AREA ( #836 ) ;
#146 =( LENGTH_UNIT ( ) NAMED_UNIT ( * ) SI_UNIT ( .MILLI., .METRE. ) );
#147 = PLANE ( 'NONE',  #2917 ) ;
#148 = EDGE_LOOP ( 'NONE', ( #3799, #2430, #3618, #5876, #3630 ) ) ;
#149 = MECHANICAL_DESIGN_GEOMETRIC_PRESENTATION_REPRESENTATION (  '', ( #1509 ), #4048 ) ;
#150 = DIRECTION ( 'NONE',  ( 0.000000000000000000, 1.000000000000000000, -0.000000000000000000 ) ) ;
#151 = AXIS2_PLACEMENT_3D ( 'NONE', #4510, #2179, #5453 ) ;
#152 = SURFACE_SIDE_STYLE ('',( #1713 ) ) ;
#153 = VERTEX_POINT ( 'NONE', #5671 ) ;
#154 = COLOUR_RGB ( '',1.000000000000000000, 1.000000000000000000, 1.000000000000000000 ) ;
#155 = AXIS2_PLACEMENT_3D ( 'NONE', #4708, #3281, #3789 ) ;
#156 =( NAMED_UNIT ( * ) PLANE_ANGLE_UNIT ( ) SI_UNIT ( $, .RADIAN. ) );
#157 = EDGE_LOOP ( 'NONE', ( #2599, #957, #4201, #291, #3930, #2144 ) ) ;
#158 = CARTESIAN_POINT ( 'NONE',  ( -2.458655869717812692, -1.299999999999999600, 1.610127732293977987 ) ) ;
#159 = ORIENTED_EDGE ( 'NONE', *, *, #774, .T. ) ;
#160 = CARTESIAN_POINT ( 'NONE',  ( -2.279999999999999361, -2.120000000000000107, 3.369999999999996110 ) ) ;
#161 = ORIENTED_EDGE ( 'NONE', *, *, #5327, .F. ) ;
#162 = CIRCLE ( 'NONE', #566, 1.220000000000000639 ) ;
#163 = ADVANCED_FACE ( 'NONE', ( #4548 ), #4693, .F. ) ;
#164 = ORIENTED_EDGE ( 'NONE', *, *, #5850, .F. ) ;
#165 = ORIENTED_EDGE ( 'NONE', *, *, #5501, .T. ) ;
#166 = PRODUCT ( 'B57164K0104J000', 'B57164K0104J000', '', ( #1166 ) ) ;
#167 = EDGE_CURVE ( 'NONE', #5672, #5957, #3827, .T. ) ;
#168 = ORIENTED_EDGE ( 'NONE', *, *, #5421, .F. ) ;
#169 =( NAMED_UNIT ( * ) SI_UNIT ( $, .STERADIAN. ) SOLID_ANGLE_UNIT ( ) );
#170 = MECHANICAL_DESIGN_GEOMETRIC_PRESENTATION_REPRESENTATION (  '', ( #5624 ), #2051 ) ;
#171 = EDGE_CURVE ( 'NONE', #880, #5934, #4921, .T. ) ;
#172 = CARTESIAN_POINT ( 'NONE',  ( -2.670046751700288379, -2.500000000000000000, 3.370000104329657020 ) ) ;
#173 = PRESENTATION_STYLE_ASSIGNMENT (( #2991 ) ) ;
#174 = DIRECTION ( 'NONE',  ( 1.000000000000000000, 0.000000000000000000, 0.000000000000000000 ) ) ;
#175 = ORIENTED_EDGE ( 'NONE', *, *, #573, .F. ) ;
#176 = ORIENTED_EDGE ( 'NONE', *, *, #1962, .F. ) ;
#177 = FILL_AREA_STYLE ('',( #2492 ) ) ;
#178 = SURFACE_STYLE_USAGE ( .BOTH. , #4331 ) ;
#179 = VECTOR ( 'NONE', #5776, 1000.000000000000000 ) ;
#180 =( BOUNDED_CURVE ( )  B_SPLINE_CURVE ( 3, ( #2871, #4222, #5595, #481 ),
 .UNSPECIFIED., .F., .T. ) 
 B_SPLINE_CURVE_WITH_KNOTS ( ( 4, 4 ),
 ( 3.141592653589793116, 5.210519045361349910 ),
 .UNSPECIFIED. ) 
 CURVE ( )  GEOMETRIC_REPRESENTATION_ITEM ( )  RATIONAL_B_SPLINE_CURVE ( ( 1.000000000000000000, 0.6739916244896330122, 0.6739916244896330122, 1.000000000000000000 ) ) 
 REPRESENTATION_ITEM ( '' )  );
#181 = CARTESIAN_POINT ( 'NONE',  ( 0.5222401151779739736, 1.194561753634017620, -2.750000000000000888 ) ) ;
#182 = LINE ( 'NONE', #2398, #3063 ) ;
#183 = VERTEX_POINT ( 'NONE', #4668 ) ;
#184 = CARTESIAN_POINT ( 'NONE',  ( 2.711271552119927097, 2.500000000000000000, 2.750000000000000444 ) ) ;
#185 = EDGE_CURVE ( 'NONE', #1549, #1698, #5863, .T. ) ;
#186 = VECTOR ( 'NONE', #2984, 1000.000000000000000 ) ;
#187 = FILL_AREA_STYLE_COLOUR ( '', #4516 ) ;
#188 =( LENGTH_UNIT ( ) NAMED_UNIT ( * ) SI_UNIT ( .MILLI., .METRE. ) );
#189 = PRESENTATION_STYLE_ASSIGNMENT (( #2123 ) ) ;
#190 = AXIS2_PLACEMENT_3D ( 'NONE', #5830, #5412, #4937 ) ;
#191 = CARTESIAN_POINT ( 'NONE',  ( 3.100000000000000089, 1.865914902230884076, 3.378513995163106909 ) ) ;
#192 = VERTEX_POINT ( 'NONE', #1405 ) ;
#193 = AXIS2_PLACEMENT_3D ( 'NONE', #2299, #6053, #6028 ) ;
#194 =( LENGTH_UNIT ( ) NAMED_UNIT ( * ) SI_UNIT ( .MILLI., .METRE. ) );
#195 = FILL_AREA_STYLE ('',( #5746 ) ) ;
#196 = DIRECTION ( 'NONE',  ( -1.000000000000000000, 0.000000000000000000, 0.000000000000000000 ) ) ;
#197 = CARTESIAN_POINT ( 'NONE',  ( -0.5109060654483825736, -1.530201606104932610, -2.749999999991002753 ) ) ;
#198 = CARTESIAN_POINT ( 'NONE',  ( -1.499999999999999556, -1.679999999999999716, 2.914213562373118904 ) ) ;
#199 =( GEOMETRIC_REPRESENTATION_CONTEXT ( 3 ) GLOBAL_UNCERTAINTY_ASSIGNED_CONTEXT ( ( #5063 ) ) GLOBAL_UNIT_ASSIGNED_CONTEXT ( ( #5077, #413, #6001 ) ) REPRESENTATION_CONTEXT ( 'NONE', 'WORKASPACE' ) );
#200 = ORIENTED_EDGE ( 'NONE', *, *, #1529, .F. ) ;
#201 = CARTESIAN_POINT ( 'NONE',  ( -3.095298008462541883, -2.126613244351779564, 2.791640057097932281 ) ) ;
#202 =( LENGTH_UNIT ( ) NAMED_UNIT ( * ) SI_UNIT ( .MILLI., .METRE. ) );
#203 = SURFACE_STYLE_USAGE ( .BOTH. , #3415 ) ;
#204 = EDGE_CURVE ( 'NONE', #3962, #3839, #1317, .T. ) ;
#205 = CARTESIAN_POINT ( 'NONE',  ( 2.280000000000000249, 1.300000000000000044, 3.749999999999996891 ) ) ;
#206 = PRESENTATION_LAYER_ASSIGNMENT (  '', '', ( #1023 ) ) ;
#207 = CARTESIAN_POINT ( 'NONE',  ( 2.708897806240349482, 2.500000000000000000, 2.750000000000000444 ) ) ;
#208 =( GEOMETRIC_REPRESENTATION_CONTEXT ( 3 ) GLOBAL_UNCERTAINTY_ASSIGNED_CONTEXT ( ( #4200 ) ) GLOBAL_UNIT_ASSIGNED_CONTEXT ( ( #322, #5930, #4092 ) ) REPRESENTATION_CONTEXT ( 'NONE', 'WORKASPACE' ) );
#209 = CARTESIAN_POINT ( 'NONE',  ( 1.496939041224878864, 2.322276459780240998, 1.742079717433544728 ) ) ;
#210 = CARTESIAN_POINT ( 'NONE',  ( -0.3710978257778317357, 2.499999999998199218, 2.749999999990793143 ) ) ;
#211 =( NAMED_UNIT ( * ) PLANE_ANGLE_UNIT ( ) SI_UNIT ( $, .RADIAN. ) );
#212 = CARTESIAN_POINT ( 'NONE',  ( 2.453724789409492679, 2.200015747792319232, 3.750000000356337182 ) ) ;
#213 = VECTOR ( 'NONE', #1410, 1000.000000000000000 ) ;
#214 = CARTESIAN_POINT ( 'NONE',  ( 2.701516205086478717, 1.885344209964787465, -0.7358862073495036071 ) ) ;
#215 = UNCERTAINTY_MEASURE_WITH_UNIT (LENGTH_MEASURE( 1.000000000000000082E-05 ), #2908, 'distance_accuracy_value', 'NONE');
#216 = DIRECTION ( 'NONE',  ( 0.000000000000000000, 0.000000000000000000, 1.000000000000000000 ) ) ;
#217 = FILL_AREA_STYLE ('',( #1143 ) ) ;
#218 = DIRECTION ( 'NONE',  ( -0.7071067811865515695, 0.000000000000000000, -0.7071067811865435759 ) ) ;
#219 = LINE ( 'NONE', #3299, #1755 ) ;
#220 =( LENGTH_UNIT ( ) NAMED_UNIT ( * ) SI_UNIT ( .MILLI., .METRE. ) );
#221 = STYLED_ITEM ( 'NONE', ( #3287 ), #546 ) ;
#222 =( NAMED_UNIT ( * ) PLANE_ANGLE_UNIT ( ) SI_UNIT ( $, .RADIAN. ) );
#223 = LINE ( 'NONE', #5556, #4052 ) ;
#224 = AXIS2_PLACEMENT_3D ( 'NONE', #617, #4380, #2921 ) ;
#225 = CARTESIAN_POINT ( 'NONE',  ( -1.782842712474620450, -2.045841206191271411, 2.631370849898502229 ) ) ;
#226 = ORIENTED_EDGE ( 'NONE', *, *, #4656, .F. ) ;
#227 = CARTESIAN_POINT ( 'NONE',  ( 1.344876741556858768, 2.264361736552051863, 2.251067422589961620 ) ) ;
#228 = CARTESIAN_POINT ( 'NONE',  ( 3.100000000000000089, 2.120000000000000107, 3.749999999999996447 ) ) ;
#229 = COLOUR_RGB ( '',1.000000000000000000, 1.000000000000000000, 1.000000000000000000 ) ;
#230 = STYLED_ITEM ( 'NONE', ( #1665 ), #6010 ) ;
#231 = CARTESIAN_POINT ( 'NONE',  ( -2.262718640089762978, -2.500000000000000000, 2.750933814518028875 ) ) ;
#232 = CARTESIAN_POINT ( 'NONE',  ( 2.568068830124547564, 2.500000000000000000, 3.376561182389721694 ) ) ;
#233 = LINE ( 'NONE', #632, #1398 ) ;
#234 = ORIENTED_EDGE ( 'NONE', *, *, #3528, .F. ) ;
#235 = VERTEX_POINT ( 'NONE', #1062 ) ;
#236 = CIRCLE ( 'NONE', #4472, 0.3800000000000001155 ) ;
#237 = FACE_OUTER_BOUND ( 'NONE', #2742, .T. ) ;
#238 = ORIENTED_EDGE ( 'NONE', *, *, #1380, .F. ) ;
#239 = COLOUR_RGB ( '',1.000000000000000000, 1.000000000000000000, 1.000000000000000000 ) ;
#240 = CIRCLE ( 'NONE', #3882, 0.2999999999999999334 ) ;
#241 = FILL_AREA_STYLE ('',( #5932 ) ) ;
#242 = CARTESIAN_POINT ( 'NONE',  ( -1.610127732293950453, -1.972943487486412684, 2.458655869717830900 ) ) ;
#243 = ORIENTED_EDGE ( 'NONE', *, *, #2378, .T. ) ;
#244 = DIRECTION ( 'NONE',  ( 0.000000000000000000, -0.000000000000000000, -1.000000000000000000 ) ) ;
#245 = AXIS2_PLACEMENT_3D ( 'NONE', #4727, #99, #1055 ) ;
#246 = SURFACE_STYLE_USAGE ( .BOTH. , #3624 ) ;
#247 = SURFACE_STYLE_FILL_AREA ( #867 ) ;
#248 = FACE_OUTER_BOUND ( 'NONE', #5805, .T. ) ;
#249 = DIRECTION ( 'NONE',  ( 0.000000000000000000, 0.000000000000000000, -1.000000000000000000 ) ) ;
#250 = UNCERTAINTY_MEASURE_WITH_UNIT (LENGTH_MEASURE( 1.000000000000000082E-05 ), #2507, 'distance_accuracy_value', 'NONE');
#251 = CARTESIAN_POINT ( 'NONE',  ( 1.556111357231718006, 2.335740462503687720, 2.062255279844470213 ) ) ;
#252 = DIRECTION ( 'NONE',  ( 5.188895745013400325E-16, -0.000000000000000000, 1.000000000000000000 ) ) ;
#253 = CIRCLE ( 'NONE', #4482, 0.3800000000000000600 ) ;
#254 = CIRCLE ( 'NONE', #1630, 0.4000000000000014655 ) ;
#255 = CARTESIAN_POINT ( 'NONE',  ( -0.7198066919794849916, 2.012513661892098238, 2.678424856699267664 ) ) ;
#256 =( NAMED_UNIT ( * ) SI_UNIT ( $, .STERADIAN. ) SOLID_ANGLE_UNIT ( ) );
#257 = FILL_AREA_STYLE ('',( #1536 ) ) ;
#258 = CARTESIAN_POINT ( 'NONE',  ( 0.000000000000000000, 1.194561753632566115, -2.750000000000000888 ) ) ;
#259 = DIRECTION ( 'NONE',  ( 0.000000000000000000, 1.000000000000000000, 0.000000000000000000 ) ) ;
#260 = ORIENTED_EDGE ( 'NONE', *, *, #4914, .T. ) ;
#261 = EDGE_CURVE ( 'NONE', #5957, #3293, #5136, .T. ) ;
#262 =( NAMED_UNIT ( * ) SI_UNIT ( $, .STERADIAN. ) SOLID_ANGLE_UNIT ( ) );
#263 = CARTESIAN_POINT ( 'NONE',  ( -2.279999999999999361, -1.696039219456288549, 3.369999999999996110 ) ) ;
#264 = ORIENTED_EDGE ( 'NONE', *, *, #1849, .T. ) ;
#265 = AXIS2_PLACEMENT_3D ( 'NONE', #3129, #3272, #5131 ) ;
#266 = STYLED_ITEM ( 'NONE', ( #1899 ), #5710 ) ;
#267 = ORIENTED_EDGE ( 'NONE', *, *, #689, .T. ) ;
#268 = DIRECTION ( 'NONE',  ( 0.000000000000000000, 0.000000000000000000, -1.000000000000000000 ) ) ;
#269 = AXIS2_PLACEMENT_3D ( 'NONE', #57, #935, #5596 ) ;
#270 =( NAMED_UNIT ( * ) SI_UNIT ( $, .STERADIAN. ) SOLID_ANGLE_UNIT ( ) );
#271 = CARTESIAN_POINT ( 'NONE',  ( -1.899999999999981481, -1.713756012521724159, 3.733574561574650730 ) ) ;
#272 =( GEOMETRIC_REPRESENTATION_CONTEXT ( 3 ) GLOBAL_UNCERTAINTY_ASSIGNED_CONTEXT ( ( #5920 ) ) GLOBAL_UNIT_ASSIGNED_CONTEXT ( ( #4034, #3139, #767 ) ) REPRESENTATION_CONTEXT ( 'NONE', 'WORKASPACE' ) );
#273 = AXIS2_PLACEMENT_3D ( 'NONE', #2608, #4527, #244 ) ;
#274 = CARTESIAN_POINT ( 'NONE',  ( -2.872805510196990042, -2.369547890945590929, 2.010169325587620737 ) ) ;
#275 = EDGE_CURVE ( 'NONE', #341, #3651, #2646, .T. ) ;
#276 =( NAMED_UNIT ( * ) SI_UNIT ( $, .STERADIAN. ) SOLID_ANGLE_UNIT ( ) );
#277 = FACE_OUTER_BOUND ( 'NONE', #4563, .T. ) ;
#278 = DIRECTION ( 'NONE',  ( 0.000000000000000000, 0.000000000000000000, 1.000000000000000000 ) ) ;
#279 = EDGE_CURVE ( 'NONE', #4212, #1017, #4718, .T. ) ;
#280 =( GEOMETRIC_REPRESENTATION_CONTEXT ( 3 ) GLOBAL_UNCERTAINTY_ASSIGNED_CONTEXT ( ( #4266 ) ) GLOBAL_UNIT_ASSIGNED_CONTEXT ( ( #3650, #1759, #3669 ) ) REPRESENTATION_CONTEXT ( 'NONE', 'WORKASPACE' ) );
#281 = EDGE_CURVE ( 'NONE', #192, #5377, #4407, .T. ) ;
#282 =( LENGTH_UNIT ( ) NAMED_UNIT ( * ) SI_UNIT ( .MILLI., .METRE. ) );
#283 = UNCERTAINTY_MEASURE_WITH_UNIT (LENGTH_MEASURE( 1.000000000000000082E-05 ), #5330, 'distance_accuracy_value', 'NONE');
#284 = CIRCLE ( 'NONE', #614, 3.000000000000000000 ) ;
#285 = PLANE ( 'NONE',  #1441 ) ;
#286 = CARTESIAN_POINT ( 'NONE',  ( -1.656390177499496241, -1.479126591315214512, 2.444189846572158764 ) ) ;
#287 =( NAMED_UNIT ( * ) PLANE_ANGLE_UNIT ( ) SI_UNIT ( $, .RADIAN. ) );
#288 = FILL_AREA_STYLE ('',( #4993 ) ) ;
#289 = FACE_OUTER_BOUND ( 'NONE', #5587, .T. ) ;
#290 = SURFACE_STYLE_USAGE ( .BOTH. , #2200 ) ;
#291 = ORIENTED_EDGE ( 'NONE', *, *, #5220, .T. ) ;
#292 = SURFACE_STYLE_FILL_AREA ( #5879 ) ;
#293 = FILL_AREA_STYLE_COLOUR ( '', #4132 ) ;
#294 = CIRCLE ( 'NONE', #513, 0.3999999999999997446 ) ;
#295 = UNCERTAINTY_MEASURE_WITH_UNIT (LENGTH_MEASURE( 1.000000000000000082E-05 ), #1295, 'distance_accuracy_value', 'NONE');
#296 = DIRECTION ( 'NONE',  ( 1.000000000000000000, 0.000000000000000000, 0.000000000000000000 ) ) ;
#297 = STYLED_ITEM ( 'NONE', ( #4883 ), #4839 ) ;
#298 = CARTESIAN_POINT ( 'NONE',  ( -3.051183118436938457, -2.070726680471674186, 2.375969953892479225 ) ) ;
#299 = CARTESIAN_POINT ( 'NONE',  ( -2.719999999999999751, -2.103960780543710829, 3.749999999999996447 ) ) ;
#300 =( NAMED_UNIT ( * ) PLANE_ANGLE_UNIT ( ) SI_UNIT ( $, .RADIAN. ) );
#301 = CARTESIAN_POINT ( 'NONE',  ( -1.556111357231696024, -2.335740462503685499, 2.062255279844449340 ) ) ;
#302 = ORIENTED_EDGE ( 'NONE', *, *, #5701, .F. ) ;
#303 = SURFACE_STYLE_USAGE ( .BOTH. , #2211 ) ;
#304 = PRESENTATION_LAYER_ASSIGNMENT (  '', '', ( #3236 ) ) ;
#305 = EDGE_LOOP ( 'NONE', ( #5721, #4690, #5445, #2767 ) ) ;
#306 = CARTESIAN_POINT ( 'NONE',  ( 2.458655869717813136, 1.806908619139122152, 1.610127732293976210 ) ) ;
#307 = DIRECTION ( 'NONE',  ( 0.7016738431598610326, 0.1237240302064794018, 0.7016738431598665837 ) ) ;
#308 = CARTESIAN_POINT ( 'NONE',  ( -1.889489953835948644, -2.509028115700822958, 2.801200988439483286 ) ) ;
#309 = CARTESIAN_POINT ( 'NONE',  ( -3.090753943997284647, -2.120000000000000107, 2.742452421083585445 ) ) ;
#310 = VERTEX_POINT ( 'NONE', #1503 ) ;
#311 = SURFACE_STYLE_FILL_AREA ( #4106 ) ;
#312 = STYLED_ITEM ( 'NONE', ( #491 ), #5754 ) ;
#313 = CARTESIAN_POINT ( 'NONE',  ( 1.782842712474620894, 2.045841206191270967, 2.631370849898498676 ) ) ;
#314 = CARTESIAN_POINT ( 'NONE',  ( -2.719999999999999751, -1.696039219456288549, 3.369999999999996110 ) ) ;
#315 = CARTESIAN_POINT ( 'NONE',  ( 2.703960780543712694, 1.300000000000000044, 3.369999999999996110 ) ) ;
#316 = ORIENTED_EDGE ( 'NONE', *, *, #1929, .T. ) ;
#317 = AXIS2_PLACEMENT_3D ( 'NONE', #694, #4011, #1172 ) ;
#318 = SURFACE_SIDE_STYLE ('',( #6055 ) ) ;
#319 = CARTESIAN_POINT ( 'NONE',  ( -2.279999999999999361, -2.120000000000000107, 3.369999999999996110 ) ) ;
#320 =( NAMED_UNIT ( * ) PLANE_ANGLE_UNIT ( ) SI_UNIT ( $, .RADIAN. ) );
#321 = PRESENTATION_STYLE_ASSIGNMENT (( #436 ) ) ;
#322 =( LENGTH_UNIT ( ) NAMED_UNIT ( * ) SI_UNIT ( .MILLI., .METRE. ) );
#323 = ORIENTED_EDGE ( 'NONE', *, *, #904, .F. ) ;
#324 = CARTESIAN_POINT ( 'NONE',  ( 2.872805510196856371, 2.369547890945354673, 2.010169325587509714 ) ) ;
#325 =( LENGTH_UNIT ( ) NAMED_UNIT ( * ) SI_UNIT ( .MILLI., .METRE. ) );
#326 = VECTOR ( 'NONE', #5182, 1000.000000000000000 ) ;
#327 = CARTESIAN_POINT ( 'NONE',  ( -3.100000000000000089, -1.855675475091666859, 3.685404267465093309 ) ) ;
#328 = EDGE_CURVE ( 'NONE', #1643, #5463, #3762, .T. ) ;
#329 = FILL_AREA_STYLE ('',( #744 ) ) ;
#330 = STYLED_ITEM ( 'NONE', ( #2217 ), #4282 ) ;
#331 =( BOUNDED_SURFACE ( )  B_SPLINE_SURFACE ( 3, 2, ( 
 ( #3476, #4459, #258 ),
 ( #5361, #3007, #181 ),
 ( #4024, #1155, #3521 ),
 ( #641, #2118, #3958 ),
 ( #2084, #4395, #1583 ),
 ( #5400, #214, #2545 ),
 ( #5815, #3972, #4896 ),
 ( #3025, #3986, #3499 ),
 ( #1140, #4443, #2557 ),
 ( #5833, #1617, #4912 ) ),
 .UNSPECIFIED., .F., .F., .F. ) 
 B_SPLINE_SURFACE_WITH_KNOTS ( ( 4, 2, 2, 2, 4 ),
 ( 3, 3 ),
 ( 0.000000000000000000, 0.5692676700669786483, 1.138535340133957297, 1.707803010200935834, 2.277070680267914593 ),
 ( 0.000000000000000000, 1.000000000000000000 ),
 .UNSPECIFIED. ) 
 GEOMETRIC_REPRESENTATION_ITEM ( )  RATIONAL_B_SPLINE_SURFACE ( (
 ( 1.000000000000000000, 0.7660444431189760151, 1.000000000000000000),
 ( 1.000000000000000000, 0.7660683936080515677, 1.000000000000000000),
 ( 1.000000000000000000, 0.7629196951093955015, 1.000000000000000000),
 ( 1.000000000000000000, 0.7511893859690863540, 1.000000000000000000),
 ( 1.000000000000000000, 0.7425880927493804240, 1.000000000000000000),
 ( 1.000000000000000000, 0.7221614042794033406, 1.000000000000000000),
 ( 1.000000000000000000, 0.7103514041829701586, 1.000000000000000000),
 ( 1.000000000000000000, 0.6869913587973759395, 1.000000000000000000),
 ( 1.000000000000000000, 0.6754762804326410741, 1.000000000000000000),
 ( 1.000000000000000000, 0.6660711904421170448, 1.000000000000000000) ) ) 
 REPRESENTATION_ITEM ( '' )  SURFACE ( )  );
#332 = CARTESIAN_POINT ( 'NONE',  ( 1.313905117247538223, 1.972943487486412462, 2.415813184596593555 ) ) ;
#333 = FILL_AREA_STYLE ('',( #2668 ) ) ;
#334 = LINE ( 'NONE', #3213, #3950 ) ;
#335 = SURFACE_STYLE_FILL_AREA ( #1793 ) ;
#336 = COLOUR_RGB ( '',1.000000000000000000, 1.000000000000000000, 1.000000000000000000 ) ;
#337 =( NAMED_UNIT ( * ) PLANE_ANGLE_UNIT ( ) SI_UNIT ( $, .RADIAN. ) );
#338 = FILL_AREA_STYLE_COLOUR ( '', #4731 ) ;
#339 = COLOUR_RGB ( '',1.000000000000000000, 1.000000000000000000, 1.000000000000000000 ) ;
#340 = CARTESIAN_POINT ( 'NONE',  ( 2.274693849137667812, 2.501304965372379563, 2.757400826391606774 ) ) ;
#341 = VERTEX_POINT ( 'NONE', #3419 ) ;
#342 = CARTESIAN_POINT ( 'NONE',  ( -2.067392362265725314, -2.458739658630803682, 2.787887332652820849 ) ) ;
#343 = STYLED_ITEM ( 'NONE', ( #748 ), #1361 ) ;
#344 = SURFACE_SIDE_STYLE ('',( #648 ) ) ;
#345 = DIRECTION ( 'NONE',  ( -0.000000000000000000, -1.000000000000000000, 0.000000000000000000 ) ) ;
#346 = SURFACE_SIDE_STYLE ('',( #1799 ) ) ;
#347 = CARTESIAN_POINT ( 'NONE',  ( 0.000000000000000000, -2.023298562962320801, 2.350000000000000533 ) ) ;
#348 = CARTESIAN_POINT ( 'NONE',  ( 4.884981308350688778E-15, 1.194561753632566115, -2.750000000000000888 ) ) ;
#349 = DIRECTION ( 'NONE',  ( 0.000000000000000000, -0.000000000000000000, 1.000000000000000000 ) ) ;
#350 = STYLED_ITEM ( 'NONE', ( #2074 ), #1568 ) ;
#351 = CARTESIAN_POINT ( 'NONE',  ( -2.736699463921780762, -2.085948503462646819, 3.749999999999996447 ) ) ;
#352 = DIRECTION ( 'NONE',  ( -0.7071067811865509034, 0.000000000000000000, 0.7071067811865440200 ) ) ;
#353 = CARTESIAN_POINT ( 'NONE',  ( -2.567789365104762300, -1.299999999999999822, 3.378528212460669700 ) ) ;
#354 = CARTESIAN_POINT ( 'NONE',  ( 0.000000000000000000, -2.417221664167204409, 2.280540728933230898 ) ) ;
#355 = STYLED_ITEM ( 'NONE', ( #4396 ), #5694 ) ;
#356 = SURFACE_SIDE_STYLE ('',( #5821 ) ) ;
#357 = DIRECTION ( 'NONE',  ( 0.000000000000000000, 1.000000000000000000, 0.000000000000000000 ) ) ;
#358 = CARTESIAN_POINT ( 'NONE',  ( -2.271172151325250965, -1.049999999999999600, 1.960045167603193583 ) ) ;
#359 = STYLED_ITEM ( 'NONE', ( #640 ), #2945 ) ;
#360 = UNCERTAINTY_MEASURE_WITH_UNIT (LENGTH_MEASURE( 1.000000000000000082E-05 ), #2218, 'distance_accuracy_value', 'NONE');
#361 = DIRECTION ( 'NONE',  ( 0.000000000000000000, 0.000000000000000000, -1.000000000000000000 ) ) ;
#362 = SURFACE_STYLE_USAGE ( .BOTH. , #2747 ) ;
#363 = LINE ( 'NONE', #4225, #213 ) ;
#364 = EDGE_CURVE ( 'NONE', #4064, #235, #4053, .T. ) ;
#365 = AXIS2_PLACEMENT_3D ( 'NONE', #4825, #5785, #5768 ) ;
#367 = EDGE_CURVE ( 'NONE', #5784, #2445, #26, .T. ) ;
#366 = DIRECTION ( 'NONE',  ( 0.000000000000000000, 0.000000000000000000, 1.000000000000000000 ) ) ;
#368 = CARTESIAN_POINT ( 'NONE',  ( 2.703960780543711806, 2.500000000000000000, 3.369999999999996110 ) ) ;
#369 = CARTESIAN_POINT ( 'NONE',  ( -1.529548791098207072, -2.342688150074001108, 1.904697610594582091 ) ) ;
#370 = ORIENTED_EDGE ( 'NONE', *, *, #2327, .T. ) ;
#371 = CARTESIAN_POINT ( 'NONE',  ( -2.499999999999999556, -1.899999999999999689, 3.749999999999996447 ) ) ;
#372 = CARTESIAN_POINT ( 'NONE',  ( 2.280000000000001581, 1.680000000000000160, 2.914213562373118016 ) ) ;
#373 = DIRECTION ( 'NONE',  ( -0.000000000000000000, -1.000000000000000000, -0.000000000000000000 ) ) ;
#374 = FACE_OUTER_BOUND ( 'NONE', #4449, .T. ) ;
#375 = ORIENTED_EDGE ( 'NONE', *, *, #4074, .T. ) ;
#376 = DIRECTION ( 'NONE',  ( 0.000000000000000000, 0.000000000000000000, -1.000000000000000000 ) ) ;
#377 = FACE_OUTER_BOUND ( 'NONE', #1766, .T. ) ;
#378 = EDGE_CURVE ( 'NONE', #5712, #4004, #3, .T. ) ;
#379 = UNCERTAINTY_MEASURE_WITH_UNIT (LENGTH_MEASURE( 1.000000000000000082E-05 ), #5033, 'distance_accuracy_value', 'NONE');
#380 = CARTESIAN_POINT ( 'NONE',  ( -2.051543289325509889, -1.679999999999999716, 2.362670273047616565 ) ) ;
#381 = ORIENTED_EDGE ( 'NONE', *, *, #1959, .T. ) ;
#382 = CIRCLE ( 'NONE', #5922, 1.600000000000001199 ) ;
#383 = DIRECTION ( 'NONE',  ( -0.000000000000000000, -1.000000000000000000, -0.000000000000000000 ) ) ;
#384 = ORIENTED_EDGE ( 'NONE', *, *, #5825, .T. ) ;
#385 = ADVANCED_FACE ( 'NONE', ( #3914 ), #5677, .T. ) ;
#386 = PRESENTATION_LAYER_ASSIGNMENT (  '', '', ( #3579 ) ) ;
#387 = DIRECTION ( 'NONE',  ( -1.000000000000000000, 0.000000000000000000, 0.000000000000000000 ) ) ;
#388 = DIRECTION ( 'NONE',  ( -7.402384262558311076E-32, 1.000000000000000000, -1.426581805901979142E-16 ) ) ;
#389 = ORIENTED_EDGE ( 'NONE', *, *, #1265, .F. ) ;
#390 = DIRECTION ( 'NONE',  ( 0.000000000000000000, 0.000000000000000000, 1.000000000000000000 ) ) ;
#391 = FILL_AREA_STYLE_COLOUR ( '', #4810 ) ;
#392 = CARTESIAN_POINT ( 'NONE',  ( 1.476663951828264487, 2.002575172231275680, 2.325192089252139827 ) ) ;
#393 = STYLED_ITEM ( 'NONE', ( #1686 ), #5286 ) ;
#394 = CARTESIAN_POINT ( 'NONE',  ( 0.000000000000000000, -1.679999999999999716, 3.749999999999996447 ) ) ;
#395 = AXIS2_PLACEMENT_3D ( 'NONE', #5242, #2923, #5690 ) ;
#396 = ORIENTED_EDGE ( 'NONE', *, *, #4453, .F. ) ;
#397 = CARTESIAN_POINT ( 'NONE',  ( -2.221167486204757680, -2.150950398059371160, 1.324293550155015264 ) ) ;
#398 = DIRECTION ( 'NONE',  ( 0.000000000000000000, 0.000000000000000000, 1.000000000000000000 ) ) ;
#399 =( NAMED_UNIT ( * ) SI_UNIT ( $, .STERADIAN. ) SOLID_ANGLE_UNIT ( ) );
#400 = SURFACE_STYLE_FILL_AREA ( #4231 ) ;
#401 =( NAMED_UNIT ( * ) SI_UNIT ( $, .STERADIAN. ) SOLID_ANGLE_UNIT ( ) );
#402 = CARTESIAN_POINT ( 'NONE',  ( 2.458655869717813136, 1.680000000000000160, 1.610127732293976655 ) ) ;
#403 = SURFACE_SIDE_STYLE ('',( #39 ) ) ;
#404 = ORIENTED_EDGE ( 'NONE', *, *, #3045, .F. ) ;
#405 = EDGE_CURVE ( 'NONE', #1549, #5584, #1796, .T. ) ;
#406 = SURFACE_STYLE_FILL_AREA ( #5044 ) ;
#407 =( NAMED_UNIT ( * ) PLANE_ANGLE_UNIT ( ) SI_UNIT ( $, .RADIAN. ) );
#408 = LINE ( 'NONE', #4377, #2755 ) ;
#409 = MECHANICAL_DESIGN_GEOMETRIC_PRESENTATION_REPRESENTATION (  '', ( #1251 ), #4288 ) ;
#410 = ORIENTED_EDGE ( 'NONE', *, *, #1810, .T. ) ;
#411 = FILL_AREA_STYLE_COLOUR ( '', #2674 ) ;
#412 = SURFACE_SIDE_STYLE ('',( #1048 ) ) ;
#413 =( NAMED_UNIT ( * ) PLANE_ANGLE_UNIT ( ) SI_UNIT ( $, .RADIAN. ) );
#414 = ORIENTED_EDGE ( 'NONE', *, *, #4715, .T. ) ;
#415 = CARTESIAN_POINT ( 'NONE',  ( -1.305563114831667537, -2.072123087254267748, 2.414029205746904161 ) ) ;
#416 = DIRECTION ( 'NONE',  ( 0.000000000000000000, 0.000000000000000000, -1.000000000000000000 ) ) ;
#417 = VERTEX_POINT ( 'NONE', #4898 ) ;
#418 = ADVANCED_FACE ( 'NONE', ( #5543 ), #4917, .T. ) ;
#419 = SURFACE_STYLE_USAGE ( .BOTH. , #403 ) ;
#420 =( NAMED_UNIT ( * ) SI_UNIT ( $, .STERADIAN. ) SOLID_ANGLE_UNIT ( ) );
#421 = FILL_AREA_STYLE_COLOUR ( '', #4924 ) ;
#422 = FILL_AREA_STYLE_COLOUR ( '', #2532 ) ;
#423 = AXIS2_PLACEMENT_3D ( 'NONE', #4602, #2745, #6016 ) ;
#424 = DIRECTION ( 'NONE',  ( 9.486769009248159853E-16, 0.000000000000000000, 1.000000000000000000 ) ) ;
#425 =( NAMED_UNIT ( * ) SI_UNIT ( $, .STERADIAN. ) SOLID_ANGLE_UNIT ( ) );
#426 = FILL_AREA_STYLE_COLOUR ( '', #239 ) ;
#427 = CIRCLE ( 'NONE', #3087, 1.600000000000000755 ) ;
#428 = SURFACE_STYLE_USAGE ( .BOTH. , #6024 ) ;
#429 = CIRCLE ( 'NONE', #5342, 0.3800000000000001155 ) ;
#430 = DIRECTION ( 'NONE',  ( -0.000000000000000000, -1.000000000000000000, -0.000000000000000000 ) ) ;
#431 = CARTESIAN_POINT ( 'NONE',  ( -1.949428769690494834, -2.272670996997050441, 1.460753158197501733 ) ) ;
#432 = VECTOR ( 'NONE', #118, 1000.000000000000000 ) ;
#433 = AXIS2_PLACEMENT_3D ( 'NONE', #3689, #2279, #4613 ) ;
#434 = FILL_AREA_STYLE_COLOUR ( '', #2952 ) ;
#435 = UNCERTAINTY_MEASURE_WITH_UNIT (LENGTH_MEASURE( 1.000000000000000082E-05 ), #3010, 'distance_accuracy_value', 'NONE');
#436 = SURFACE_STYLE_USAGE ( .BOTH. , #1397 ) ;
#437 = VERTEX_POINT ( 'NONE', #1599 ) ;
#438 = ADVANCED_FACE ( 'NONE', ( #1496 ), #4444, .T. ) ;
#439 = SURFACE_STYLE_USAGE ( .BOTH. , #2325 ) ;
#440 = EDGE_CURVE ( 'NONE', #1636, #2894, #2882, .T. ) ;
#441 = MECHANICAL_DESIGN_GEOMETRIC_PRESENTATION_REPRESENTATION (  '', ( #4115 ), #5267 ) ;
#442 = SURFACE_STYLE_FILL_AREA ( #177 ) ;
#443 = FILL_AREA_STYLE ('',( #1935 ) ) ;
#444 = CIRCLE ( 'NONE', #1089, 0.3799999999999998934 ) ;
#445 = SURFACE_STYLE_FILL_AREA ( #3545 ) ;
#446 = SURFACE_STYLE_USAGE ( .BOTH. , #4590 ) ;
#447 = ORIENTED_EDGE ( 'NONE', *, *, #4327, .T. ) ;
#448 = CARTESIAN_POINT ( 'NONE',  ( 2.350000000000000089, -1.948612563757640359, -0.3770735427270409668 ) ) ;
#449 = PRESENTATION_STYLE_ASSIGNMENT (( #4960 ) ) ;
#450 = CARTESIAN_POINT ( 'NONE',  ( -2.392579416203727494, -2.074153405742380052, 1.567304732382540422 ) ) ;
#451 = ORIENTED_EDGE ( 'NONE', *, *, #5157, .F. ) ;
#452 = PRESENTATION_LAYER_ASSIGNMENT (  '', '', ( #343 ) ) ;
#453 = ORIENTED_EDGE ( 'NONE', *, *, #3345, .T. ) ;
#454 =( NAMED_UNIT ( * ) PLANE_ANGLE_UNIT ( ) SI_UNIT ( $, .RADIAN. ) );
#455 = ORIENTED_EDGE ( 'NONE', *, *, #2686, .T. ) ;
#456 = EDGE_LOOP ( 'NONE', ( #4559, #1986, #2277, #3208, #3875 ) ) ;
#457 = CARTESIAN_POINT ( 'NONE',  ( -2.499999999999999556, -1.899999999999999689, 37.75000000000000000 ) ) ;
#458 = CARTESIAN_POINT ( 'NONE',  ( 0.000000000000000000, -2.417221664167204409, 2.280540728933230898 ) ) ;
#459 = ORIENTED_EDGE ( 'NONE', *, *, #5189, .F. ) ;
#460 = CARTESIAN_POINT ( 'NONE',  ( -1.313905117247536447, 2.500000000000000000, 2.415813184596594887 ) ) ;
#461 = CARTESIAN_POINT ( 'NONE',  ( 1.312243118066500625, 1.999052971881625451, 2.415759104704107152 ) ) ;
#462 = PRESENTATION_STYLE_ASSIGNMENT (( #2683 ) ) ;
#463 = CARTESIAN_POINT ( 'NONE',  ( 1.782842712474619784, 1.680000000000000160, 2.631370849898500452 ) ) ;
#464 = CARTESIAN_POINT ( 'NONE',  ( 2.500000000000000000, 1.900000000000000133, 3.749999999999996447 ) ) ;
#465 = ORIENTED_EDGE ( 'NONE', *, *, #5473, .F. ) ;
#466 = CARTESIAN_POINT ( 'NONE',  ( 1.609120323021630217, 2.015209261777565874, 2.457648460445506888 ) ) ;
#467 = PRESENTATION_STYLE_ASSIGNMENT (( #2020 ) ) ;
#468 = ADVANCED_FACE ( 'NONE', ( #1943 ), #2688, .T. ) ;
#469 =( BOUNDED_SURFACE ( )  B_SPLINE_SURFACE ( 3, 2, ( 
 ( #1785, #1820, #900 ),
 ( #857, #2761, #1373 ),
 ( #6029, #3226, #5542 ),
 ( #5114, #2300, #1312 ),
 ( #3245, #4155, #1804 ),
 ( #5578, #2781, #3264 ),
 ( #431, #3731, #4597 ),
 ( #5068, #2262, #2736 ) ),
 .UNSPECIFIED., .F., .F., .F. ) 
 B_SPLINE_SURFACE_WITH_KNOTS ( ( 4, 2, 2, 4 ),
 ( 3, 3 ),
 ( 0.000000000000000000, 0.0002659882764720300995, 0.0005319765529440601990, 0.001063953105888120398 ),
 ( 0.000000000000000000, 1.000000000000000000 ),
 .UNSPECIFIED. ) 
 GEOMETRIC_REPRESENTATION_ITEM ( )  RATIONAL_B_SPLINE_SURFACE ( (
 ( 1.000000000000000000, 0.8074811439351492481, 1.000000000000000000),
 ( 1.000000000000000000, 0.8148176386790780823, 1.000000000000000000),
 ( 1.000000000000000000, 0.8337516071381344540, 1.000000000000000000),
 ( 1.000000000000000000, 0.8780683479432601635, 1.000000000000000000),
 ( 1.000000000000000000, 0.9034043210831324000, 1.000000000000000000),
 ( 1.000000000000000000, 0.9696273276693071486, 1.000000000000000000),
 ( 1.000000000000000000, 1.000632217276816061, 1.000000000000000000),
 ( 1.000000000000000000, 1.000000000000000000, 1.000000000000000000) ) ) 
 REPRESENTATION_ITEM ( '' )  SURFACE ( )  );
#470 = EDGE_CURVE ( 'NONE', #3117, #4101, #3367, .T. ) ;
#471 = EDGE_CURVE ( 'NONE', #5463, #1622, #4016, .T. ) ;
#472 = ORIENTED_EDGE ( 'NONE', *, *, #3601, .F. ) ;
#473 = CARTESIAN_POINT ( 'NONE',  ( -2.279999999999999361, 0.000000000000000000, 3.749999999999996447 ) ) ;
#474 = MECHANICAL_DESIGN_GEOMETRIC_PRESENTATION_REPRESENTATION (  '', ( #3916 ), #4569 ) ;
#475 = DIRECTION ( 'NONE',  ( 0.000000000000000000, 1.000000000000000000, 0.000000000000000000 ) ) ;
#476 = CARTESIAN_POINT ( 'NONE',  ( -2.362670273047593028, -1.299999999999999600, 2.051543289325536090 ) ) ;
#477 = CARTESIAN_POINT ( 'NONE',  ( -2.458655869717812692, -1.679999999999999716, 1.610127732293977987 ) ) ;
#478 = CARTESIAN_POINT ( 'NONE',  ( 3.100000000000000977, 1.300000000000000044, 2.914213562373117128 ) ) ;
#479 = UNCERTAINTY_MEASURE_WITH_UNIT (LENGTH_MEASURE( 1.000000000000000082E-05 ), #5491, 'distance_accuracy_value', 'NONE');
#480 =( NAMED_UNIT ( * ) PLANE_ANGLE_UNIT ( ) SI_UNIT ( $, .RADIAN. ) );
#481 = CARTESIAN_POINT ( 'NONE',  ( -2.415813184596579344, -1.806908619139222294, 1.313905117247563314 ) ) ;
#482 = CARTESIAN_POINT ( 'NONE',  ( 2.280000000000000249, 0.000000000000000000, 3.749999999999996447 ) ) ;
#483 = CARTESIAN_POINT ( 'NONE',  ( -1.552303465686235562, -2.350118161266712136, 2.032494880443831864 ) ) ;
#484 = CARTESIAN_POINT ( 'NONE',  ( 2.280000000000000249, 2.120000000000000107, 3.369999999999996110 ) ) ;
#485 = EDGE_CURVE ( 'NONE', #3097, #2388, #615, .T. ) ;
#486 = ADVANCED_FACE ( 'NONE', ( #1642 ), #3961, .T. ) ;
#487 = SURFACE_STYLE_FILL_AREA ( #3434 ) ;
#488 = PRESENTATION_LAYER_ASSIGNMENT (  '', '', ( #3271 ) ) ;
#489 = ADVANCED_FACE ( 'NONE', ( #4582 ), #4368, .T. ) ;
#490 = DIRECTION ( 'NONE',  ( 1.000000000000000000, 0.000000000000000000, 0.000000000000000000 ) ) ;
#491 = PRESENTATION_STYLE_ASSIGNMENT (( #2293 ) ) ;
#492 = CARTESIAN_POINT ( 'NONE',  ( -3.100000000000000089, 2.500000000000000000, 2.750000000000000444 ) ) ;
#493 = MECHANICAL_DESIGN_GEOMETRIC_PRESENTATION_REPRESENTATION (  '', ( #5969 ), #812 ) ;
#494 = CARTESIAN_POINT ( 'NONE',  ( 2.088881665792249986, 2.220336342338590008, 1.425771735457473932 ) ) ;
#495 = DIRECTION ( 'NONE',  ( -0.000000000000000000, -1.000000000000000000, -0.000000000000000000 ) ) ;
#496 = FILL_AREA_STYLE ('',( #3790 ) ) ;
#497 = CARTESIAN_POINT ( 'NONE',  ( 0.3522756753482012004, -1.530201606104482082, -2.749999999993796074 ) ) ;
#498 = FACE_OUTER_BOUND ( 'NONE', #959, .T. ) ;
#499 = CARTESIAN_POINT ( 'NONE',  ( 1.656390177499497796, 1.479126591315215400, 2.444189846572158764 ) ) ;
#500 = PRESENTATION_LAYER_ASSIGNMENT (  '', '', ( #4518 ) ) ;
#501 = EDGE_CURVE ( 'NONE', #3771, #4560, #4370, .T. ) ;
#502 =( BOUNDED_CURVE ( )  B_SPLINE_CURVE ( 3, ( #5956, #1283, #3189, #3657 ),
 .UNSPECIFIED., .F., .F. ) 
 B_SPLINE_CURVE_WITH_KNOTS ( ( 4, 4 ),
 ( 0.000000000000000000, 3.141592653589793116 ),
 .UNSPECIFIED. ) 
 CURVE ( )  GEOMETRIC_REPRESENTATION_ITEM ( )  RATIONAL_B_SPLINE_CURVE ( ( 1.000000000000000000, 0.3333333333333333703, 0.3333333333333333703, 1.000000000000000000 ) ) 
 REPRESENTATION_ITEM ( '' )  );
#503 = B_SPLINE_CURVE_WITH_KNOTS ( 'NONE', 3,
 ( #550, #1977, #5255, #4337, #2455, #5727 ),
 .UNSPECIFIED., .F., .F.,
 ( 4, 2, 4 ),
 ( 0.000000000000000000, 0.0004756072115083180910, 0.0009512144230166361819 ),
 .UNSPECIFIED. ) ;
#504 = MECHANICAL_DESIGN_GEOMETRIC_PRESENTATION_REPRESENTATION (  '', ( #4806 ), #280 ) ;
#505 = ORIENTED_EDGE ( 'NONE', *, *, #5604, .T. ) ;
#506 =( GEOMETRIC_REPRESENTATION_CONTEXT ( 3 ) GLOBAL_UNCERTAINTY_ASSIGNED_CONTEXT ( ( #3462 ) ) GLOBAL_UNIT_ASSIGNED_CONTEXT ( ( #918, #1324, #2317 ) ) REPRESENTATION_CONTEXT ( 'NONE', 'WORKASPACE' ) );
#507 = COLOUR_RGB ( '',1.000000000000000000, 1.000000000000000000, 1.000000000000000000 ) ;
#508 = CARTESIAN_POINT ( 'NONE',  ( -2.051543289325510333, -2.045841206191271855, 2.362670273047617009 ) ) ;
#509 = CARTESIAN_POINT ( 'NONE',  ( -2.375707591527838058, 1.762909356963039187, -1.430248763265920653 ) ) ;
#510 = DIRECTION ( 'NONE',  ( 0.000000000000000000, -0.000000000000000000, 1.000000000000000000 ) ) ;
#511 = DIRECTION ( 'NONE',  ( 1.000000000000000000, 0.000000000000000000, 0.000000000000000000 ) ) ;
#512 = ORIENTED_EDGE ( 'NONE', *, *, #1001, .F. ) ;
#513 = AXIS2_PLACEMENT_3D ( 'NONE', #2763, #5602, #3209 ) ;
#514 = CARTESIAN_POINT ( 'NONE',  ( -2.362670273047592584, -1.679999999999999716, 2.051543289325536534 ) ) ;
#515 = COLOUR_RGB ( '',1.000000000000000000, 1.000000000000000000, 1.000000000000000000 ) ;
#516 =( NAMED_UNIT ( * ) SI_UNIT ( $, .STERADIAN. ) SOLID_ANGLE_UNIT ( ) );
#517 = EDGE_LOOP ( 'NONE', ( #1165, #3501, #1574, #2222 ) ) ;
#518 = CARTESIAN_POINT ( 'NONE',  ( -1.681314278894777248, -1.050000078839291584, 2.181493846487600141 ) ) ;
#519 = ORIENTED_EDGE ( 'NONE', *, *, #6033, .F. ) ;
#520 = CARTESIAN_POINT ( 'NONE',  ( 3.100000000000000089, 2.120000000000000107, 3.369999999999996110 ) ) ;
#521 = CYLINDRICAL_SURFACE ( 'NONE', #2474, 0.4000000000000014655 ) ;
#522 = FILL_AREA_STYLE_COLOUR ( '', #1595 ) ;
#523 = ORIENTED_EDGE ( 'NONE', *, *, #3973, .T. ) ;
#524 = EDGE_LOOP ( 'NONE', ( #175, #1989, #871, #1901, #3567 ) ) ;
#525 = SURFACE_STYLE_USAGE ( .BOTH. , #2845 ) ;
#526 = COLOUR_RGB ( '',1.000000000000000000, 1.000000000000000000, 1.000000000000000000 ) ;
#527 = LINE ( 'NONE', #910, #101 ) ;
#528 =( GEOMETRIC_REPRESENTATION_CONTEXT ( 3 ) GLOBAL_UNCERTAINTY_ASSIGNED_CONTEXT ( ( #4308 ) ) GLOBAL_UNIT_ASSIGNED_CONTEXT ( ( #2187, #4585, #1768 ) ) REPRESENTATION_CONTEXT ( 'NONE', 'WORKASPACE' ) );
#529 = ORIENTED_EDGE ( 'NONE', *, *, #1302, .F. ) ;
#530 = MECHANICAL_DESIGN_GEOMETRIC_PRESENTATION_REPRESENTATION (  '', ( #4351 ), #5404 ) ;
#531 = CARTESIAN_POINT ( 'NONE',  ( 1.500000000000000000, 1.680000000000000160, 2.914213562373118016 ) ) ;
#532 = CIRCLE ( 'NONE', #4808, 3.000000000000000000 ) ;
#533 = FILL_AREA_STYLE_COLOUR ( '', #3748 ) ;
#534 = CIRCLE ( 'NONE', #2958, 0.3800000000000001155 ) ;
#535 = CARTESIAN_POINT ( 'NONE',  ( 2.405199522796683365, 1.900863014915504356, 1.310616467326895407 ) ) ;
#536 = CARTESIAN_POINT ( 'NONE',  ( 2.877919977996279827E-16, 2.023298562962319913, 2.350000000000000533 ) ) ;
#537 = UNCERTAINTY_MEASURE_WITH_UNIT (LENGTH_MEASURE( 1.000000000000000082E-05 ), #3040, 'distance_accuracy_value', 'NONE');
#538 = CARTESIAN_POINT ( 'NONE',  ( 3.532955957713348027, 1.497407685865202565, -0.7401307525767953921 ) ) ;
#539 = CARTESIAN_POINT ( 'NONE',  ( 1.791450929783769741, 1.341397780990757571, 2.382960110081612459 ) ) ;
#540 = AXIS2_PLACEMENT_3D ( 'NONE', #3022, #3037, #665 ) ;
#541 = CARTESIAN_POINT ( 'NONE',  ( 3.048978221026826585, 2.316112642884941231, 2.729765675908012224 ) ) ;
#542 = B_SPLINE_CURVE_WITH_KNOTS ( 'NONE', 3,
 ( #6006, #5487, #353, #4153, #784, #4097 ),
 .UNSPECIFIED., .F., .F.,
 ( 4, 2, 4 ),
 ( 0.000000000000000000, 0.0002044523773157524407, 0.0004089047546315048814 ),
 .UNSPECIFIED. ) ;
#543 = ORIENTED_EDGE ( 'NONE', *, *, #328, .F. ) ;
#544 =( LENGTH_UNIT ( ) NAMED_UNIT ( * ) SI_UNIT ( .MILLI., .METRE. ) );
#545 = EDGE_CURVE ( 'NONE', #1400, #5302, #1133, .T. ) ;
#546 = ADVANCED_FACE ( 'NONE', ( #4653 ), #2540, .T. ) ;
#547 = CARTESIAN_POINT ( 'NONE',  ( 2.670046751700289267, 2.500000000000000000, 3.370000104329657020 ) ) ;
#548 = CARTESIAN_POINT ( 'NONE',  ( -3.276805973780039238, -1.955473825977385394, -0.3381613910405701917 ) ) ;
#549 = CARTESIAN_POINT ( 'NONE',  ( 2.307850194964013557, 1.988141139973480964, 1.455856837092291745 ) ) ;
#550 = CARTESIAN_POINT ( 'NONE',  ( 2.415813184596580232, 1.680000000000000160, 1.313905117247562648 ) ) ;
#551 = SURFACE_SIDE_STYLE ('',( #3267 ) ) ;
#552 = DIRECTION ( 'NONE',  ( -0.000000000000000000, -1.000000000000000000, -0.000000000000000000 ) ) ;
#553 = CARTESIAN_POINT ( 'NONE',  ( -1.313905117247536447, -1.679999999999999716, 2.415813184596594443 ) ) ;
#554 = FILL_AREA_STYLE_COLOUR ( '', #3680 ) ;
#555 = EDGE_CURVE ( 'NONE', #2388, #4406, #334, .T. ) ;
#556 = FILL_AREA_STYLE_COLOUR ( '', #4334 ) ;
#557 = PRESENTATION_STYLE_ASSIGNMENT (( #4897 ) ) ;
#558 = PRESENTATION_LAYER_ASSIGNMENT (  '', '', ( #1825 ) ) ;
#559 = SURFACE_STYLE_USAGE ( .BOTH. , #3898 ) ;
#560 = COLOUR_RGB ( '',1.000000000000000000, 1.000000000000000000, 1.000000000000000000 ) ;
#561 = DIRECTION ( 'NONE',  ( 0.000000000000000000, 0.000000000000000000, 1.000000000000000000 ) ) ;
#562 = MECHANICAL_DESIGN_GEOMETRIC_PRESENTATION_REPRESENTATION (  '', ( #266 ), #890 ) ;
#563 = CARTESIAN_POINT ( 'NONE',  ( 1.931666268333790182, 2.318463129486331376, 2.823372991227934392 ) ) ;
#564 = DIRECTION ( 'NONE',  ( 0.000000000000000000, 1.000000000000000000, -0.000000000000000000 ) ) ;
#565 = AXIS2_PLACEMENT_3D ( 'NONE', #4462, #2122, #3029 ) ;
#566 = AXIS2_PLACEMENT_3D ( 'NONE', #3259, #1369, #6048 ) ;
#567 = ORIENTED_EDGE ( 'NONE', *, *, #4677, .T. ) ;
#568 = SURFACE_STYLE_USAGE ( .BOTH. , #2992 ) ;
#569 = SURFACE_SIDE_STYLE ('',( #1100 ) ) ;
#570 = VECTOR ( 'NONE', #5861, 1000.000000000000000 ) ;
#571 = UNCERTAINTY_MEASURE_WITH_UNIT (LENGTH_MEASURE( 1.000000000000000082E-05 ), #2956, 'distance_accuracy_value', 'NONE');
#572 = VECTOR ( 'NONE', #3152, 1000.000000000000000 ) ;
#573 = EDGE_CURVE ( 'NONE', #1948, #1991, #2782, .T. ) ;
#574 = FACE_OUTER_BOUND ( 'NONE', #5988, .T. ) ;
#575 = ADVANCED_FACE ( 'NONE', ( #2459 ), #4954, .F. ) ;
#576 = CARTESIAN_POINT ( 'NONE',  ( 2.211807591223578395, 1.991646333145756342, 3.750000036860219765 ) ) ;
#577 = ORIENTED_EDGE ( 'NONE', *, *, #2771, .T. ) ;
#578 = B_SPLINE_CURVE_WITH_KNOTS ( 'NONE', 3,
 ( #5430, #3286, #59, #2411 ),
 .UNSPECIFIED., .F., .F.,
 ( 4, 4 ),
 ( 0.000000000000000000, 0.0001524385001590299895 ),
 .UNSPECIFIED. ) ;
#579 = CYLINDRICAL_SURFACE ( 'NONE', #44, 0.3800000000000001710 ) ;
#580 = STYLED_ITEM ( 'NONE', ( #5540 ), #3435 ) ;
#581 = EDGE_CURVE ( 'NONE', #880, #5291, #1709, .T. ) ;
#582 = DIRECTION ( 'NONE',  ( -0.1703175435236298219, 0.9705585344203370157, 0.1703175435236319035 ) ) ;
#583 = SURFACE_STYLE_FILL_AREA ( #6002 ) ;
#584 = ORIENTED_EDGE ( 'NONE', *, *, #1647, .T. ) ;
#585 = DIRECTION ( 'NONE',  ( -0.000000000000000000, -0.000000000000000000, 1.000000000000000000 ) ) ;
#586 = ORIENTED_EDGE ( 'NONE', *, *, #2975, .T. ) ;
#587 =( NAMED_UNIT ( * ) PLANE_ANGLE_UNIT ( ) SI_UNIT ( $, .RADIAN. ) );
#588 = CARTESIAN_POINT ( 'NONE',  ( -1.899999999999999245, -2.103960780543710829, 3.749999999999996003 ) ) ;
#589 = FILL_AREA_STYLE_COLOUR ( '', #1491 ) ;
#590 = SURFACE_STYLE_USAGE ( .BOTH. , #5750 ) ;
#591 = CARTESIAN_POINT ( 'NONE',  ( 2.703960780543711806, 2.500000000000000444, 3.749999999999996003 ) ) ;
#592 = ORIENTED_EDGE ( 'NONE', *, *, #4453, .T. ) ;
#593 = ORIENTED_EDGE ( 'NONE', *, *, #3652, .T. ) ;
#594 = DIRECTION ( 'NONE',  ( 1.000000000000000000, 0.000000000000000000, 0.000000000000000000 ) ) ;
#595 = CARTESIAN_POINT ( 'NONE',  ( 1.235571480328179428, 1.982215585625692222, 2.477348450306740002 ) ) ;
#596 = SURFACE_STYLE_FILL_AREA ( #1609 ) ;
#597 = FACE_OUTER_BOUND ( 'NONE', #2220, .T. ) ;
#598 = MECHANICAL_DESIGN_GEOMETRIC_PRESENTATION_REPRESENTATION (  '', ( #297 ), #926 ) ;
#599 = EDGE_LOOP ( 'NONE', ( #2528, #1543, #3465 ) ) ;
#600 = CARTESIAN_POINT ( 'NONE',  ( -2.466064488335656169, -2.500000000000000000, 3.378518974520784202 ) ) ;
#601 = LINE ( 'NONE', #2933, #5757 ) ;
#602 = VECTOR ( 'NONE', #913, 1000.000000000000000 ) ;
#603 = STYLED_ITEM ( 'NONE', ( #2401 ), #5169 ) ;
#604 = FILL_AREA_STYLE ('',( #3792 ) ) ;
#605 = PRESENTATION_LAYER_ASSIGNMENT (  '', '', ( #5641 ) ) ;
#606 = SURFACE_SIDE_STYLE ('',( #3133 ) ) ;
#607 = CARTESIAN_POINT ( 'NONE',  ( 2.415813184596580232, 1.680000000000000160, 1.313905117247562648 ) ) ;
#608 = CARTESIAN_POINT ( 'NONE',  ( -2.296039219456288194, -2.120000000000000107, 3.749999999999996447 ) ) ;
#609 = CARTESIAN_POINT ( 'NONE',  ( 1.880291432139882035, 2.091678213784812890, 2.764680894940006795 ) ) ;
#610 = ADVANCED_FACE ( 'NONE', ( #1056 ), #5605, .T. ) ;
#611 = STYLED_ITEM ( 'NONE', ( #2909 ), #1967 ) ;
#612 = FACE_OUTER_BOUND ( 'NONE', #5814, .T. ) ;
#613 = UNCERTAINTY_MEASURE_WITH_UNIT (LENGTH_MEASURE( 1.000000000000000082E-05 ), #4109, 'distance_accuracy_value', 'NONE');
#614 = AXIS2_PLACEMENT_3D ( 'NONE', #3804, #3842, #3338 ) ;
#615 = CIRCLE ( 'NONE', #1555, 0.3800000000000001155 ) ;
#616 = ORIENTED_EDGE ( 'NONE', *, *, #4562, .T. ) ;
#617 = CARTESIAN_POINT ( 'NONE',  ( 2.719999999999999751, 1.680000000000000160, 3.749999999999996447 ) ) ;
#618 = CARTESIAN_POINT ( 'NONE',  ( 1.504432398997236575, 2.321180023712917873, 1.735861519498558714 ) ) ;
#619 = AXIS2_PLACEMENT_3D ( 'NONE', #3580, #4965, #594 ) ;
#620 = PRESENTATION_LAYER_ASSIGNMENT (  '', '', ( #2530 ) ) ;
#621 = EDGE_CURVE ( 'NONE', #1643, #1802, #908, .T. ) ;
#622 = AXIS2_PLACEMENT_3D ( 'NONE', #972, #1502, #4793 ) ;
#623 = DIRECTION ( 'NONE',  ( 0.000000000000000000, 0.000000000000000000, 1.000000000000000000 ) ) ;
#624 = CARTESIAN_POINT ( 'NONE',  ( -1.899999999999999245, -1.968068830124546587, 3.376561182389721694 ) ) ;
#625 = CARTESIAN_POINT ( 'NONE',  ( 2.877919977996279827E-16, -1.588484854837450833, -2.419459271066770167 ) ) ;
#626 = FILL_AREA_STYLE_COLOUR ( '', #707 ) ;
#627 = CIRCLE ( 'NONE', #6019, 0.3800000000000001710 ) ;
#628 = DIRECTION ( 'NONE',  ( 1.000000000000000000, 0.000000000000000000, 0.000000000000000000 ) ) ;
#629 = DIRECTION ( 'NONE',  ( -5.188895745013400325E-16, 0.000000000000000000, -1.000000000000000000 ) ) ;
#630 = ADVANCED_FACE ( 'NONE', ( #2014 ), #5315, .T. ) ;
#631 = FILL_AREA_STYLE ('',( #2997 ) ) ;
#632 = CARTESIAN_POINT ( 'NONE',  ( -3.100000000000000089, -1.299999999999999600, 3.369999999999996110 ) ) ;
#633 = ORIENTED_EDGE ( 'NONE', *, *, #2487, .T. ) ;
#634 = MECHANICAL_DESIGN_GEOMETRIC_PRESENTATION_REPRESENTATION (  '', ( #3619 ), #1085 ) ;
#635 = VECTOR ( 'NONE', #5456, 1000.000000000000000 ) ;
#636 = DIRECTION ( 'NONE',  ( 0.000000000000000000, 1.000000000000000000, 0.000000000000000000 ) ) ;
#637 = FACE_OUTER_BOUND ( 'NONE', #1705, .T. ) ;
#638 = PRESENTATION_LAYER_ASSIGNMENT (  '', '', ( #355 ) ) ;
#639 = ORIENTED_EDGE ( 'NONE', *, *, #378, .F. ) ;
#640 = PRESENTATION_STYLE_ASSIGNMENT (( #3250 ) ) ;
#641 = CARTESIAN_POINT ( 'NONE',  ( 1.642288018714304298, 1.696214589134722894, -1.808493587514373946 ) ) ;
#642 =( NAMED_UNIT ( * ) SI_UNIT ( $, .STERADIAN. ) SOLID_ANGLE_UNIT ( ) );
#643 = TOROIDAL_SURFACE ( 'NONE', #5788, 0.7800000000000014699, 0.3800000000000000044 ) ;
#644 = MECHANICAL_DESIGN_GEOMETRIC_PRESENTATION_REPRESENTATION (  '', ( #858 ), #5492 ) ;
#645 =( LENGTH_UNIT ( ) NAMED_UNIT ( * ) SI_UNIT ( .MILLI., .METRE. ) );
#646 = FILL_AREA_STYLE ('',( #5331 ) ) ;
#647 = ORIENTED_EDGE ( 'NONE', *, *, #3045, .T. ) ;
#648 = SURFACE_STYLE_FILL_AREA ( #5461 ) ;
#649 = SURFACE_STYLE_FILL_AREA ( #496 ) ;
#650 = UNCERTAINTY_MEASURE_WITH_UNIT (LENGTH_MEASURE( 1.000000000000000082E-05 ), #5195, 'distance_accuracy_value', 'NONE');
#651 = CARTESIAN_POINT ( 'NONE',  ( -1.589959765452385598, -2.257696740620456222, 2.309456712739321738 ) ) ;
#652 = ORIENTED_EDGE ( 'NONE', *, *, #4451, .F. ) ;
#653 = ORIENTED_EDGE ( 'NONE', *, *, #2171, .T. ) ;
#654 = EDGE_CURVE ( 'NONE', #4005, #5093, #2985, .T. ) ;
#655 = EDGE_LOOP ( 'NONE', ( #1582, #455, #1259, #728, #1845 ) ) ;
#656 = CARTESIAN_POINT ( 'NONE',  ( 2.756101294245081768, 1.739169869190923423, 3.749999963139773573 ) ) ;
#657 = PRESENTATION_LAYER_ASSIGNMENT (  '', '', ( #3832 ) ) ;
#658 = EDGE_CURVE ( 'NONE', #2593, #417, #3791, .T. ) ;
#659 = FILL_AREA_STYLE_COLOUR ( '', #3397 ) ;
#660 = LINE ( 'NONE', #2626, #3997 ) ;
#661 = CARTESIAN_POINT ( 'NONE',  ( 1.457342217090675796, 2.346437838245598595, 1.879105703861030818 ) ) ;
#662 = ORIENTED_EDGE ( 'NONE', *, *, #1214, .T. ) ;
#663 = ORIENTED_EDGE ( 'NONE', *, *, #4887, .T. ) ;
#664 = CARTESIAN_POINT ( 'NONE',  ( 1.383154508968777563, 2.317828108149226907, 2.121861082488087913 ) ) ;
#665 = DIRECTION ( 'NONE',  ( 0.000000000000000000, 0.000000000000000000, -1.000000000000000000 ) ) ;
#666 = CARTESIAN_POINT ( 'NONE',  ( -2.350000000000000089, 2.057093955247013550, 0.2381550005935027248 ) ) ;
#667 =( LENGTH_UNIT ( ) NAMED_UNIT ( * ) SI_UNIT ( .MILLI., .METRE. ) );
#668 = CARTESIAN_POINT ( 'NONE',  ( 2.313756012521723360, 2.500000000000007550, 3.733574561574648509 ) ) ;
#669 = ORIENTED_EDGE ( 'NONE', *, *, #2283, .F. ) ;
#670 = EDGE_CURVE ( 'NONE', #3562, #2583, #4961, .T. ) ;
#671 = SURFACE_STYLE_FILL_AREA ( #681 ) ;
#672 =( NAMED_UNIT ( * ) SI_UNIT ( $, .STERADIAN. ) SOLID_ANGLE_UNIT ( ) );
#673 = VECTOR ( 'NONE', #2468, 1000.000000000000000 ) ;
#674 = CIRCLE ( 'NONE', #3155, 1.220000000000001084 ) ;
#675 = CYLINDRICAL_SURFACE ( 'NONE', #2387, 1.600000000000001199 ) ;
#676 = FILL_AREA_STYLE_COLOUR ( '', #4470 ) ;
#677 = CARTESIAN_POINT ( 'NONE',  ( 3.100000000000000089, 1.967972439723543188, 3.376567342993408882 ) ) ;
#678 =( NAMED_UNIT ( * ) SI_UNIT ( $, .STERADIAN. ) SOLID_ANGLE_UNIT ( ) );
#679 = EDGE_LOOP ( 'NONE', ( #83, #1797, #1275, #1200, #2068 ) ) ;
#680 = PRESENTATION_LAYER_ASSIGNMENT (  '', '', ( #393 ) ) ;
#681 = FILL_AREA_STYLE ('',( #4930 ) ) ;
#682 = CYLINDRICAL_SURFACE ( 'NONE', #881, 0.2500000000000000000 ) ;
#683 =( BOUNDED_CURVE ( )  B_SPLINE_CURVE ( 3, ( #5496, #3273, #4144, #5525 ),
 .UNSPECIFIED., .F., .T. ) 
 B_SPLINE_CURVE_WITH_KNOTS ( ( 4, 4 ),
 ( 4.019695565362574108, 6.283185307179586232 ),
 .UNSPECIFIED. ) 
 CURVE ( )  GEOMETRIC_REPRESENTATION_ITEM ( )  RATIONAL_B_SPLINE_CURVE ( ( 1.000000000000000000, 0.6167207178091722586, 0.6167207178091722586, 1.000000000000000000 ) ) 
 REPRESENTATION_ITEM ( '' )  );
#684 = CARTESIAN_POINT ( 'NONE',  ( 1.567594715404084793, 2.322442576227180755, 2.139995148880525999 ) ) ;
#685 = CARTESIAN_POINT ( 'NONE',  ( -1.690003487495360446, 1.940286830905574078, 2.199083809030651704 ) ) ;
#686 = PRESENTATION_LAYER_ASSIGNMENT (  '', '', ( #4553 ) ) ;
#687 = ORIENTED_EDGE ( 'NONE', *, *, #4371, .T. ) ;
#688 = CARTESIAN_POINT ( 'NONE',  ( 2.534085097769112060, 2.500000000000000000, 3.378513995163106909 ) ) ;
#689 = EDGE_CURVE ( 'NONE', #3289, #3482, #253, .T. ) ;
#690 = CARTESIAN_POINT ( 'NONE',  ( 2.567789365104762744, 1.299999999999999822, 3.378528212460669700 ) ) ;
#691 = EDGE_CURVE ( 'NONE', #417, #341, #182, .T. ) ;
#692 = AXIS2_PLACEMENT_3D ( 'NONE', #2025, #1008, #5237 ) ;
#693 = AXIS2_PLACEMENT_3D ( 'NONE', #5074, #860, #2892 ) ;
#694 = CARTESIAN_POINT ( 'NONE',  ( 2.500000000000000000, 1.900000000000000133, 3.749999999999996447 ) ) ;
#695 = FILL_AREA_STYLE ('',( #676 ) ) ;
#696 = CARTESIAN_POINT ( 'NONE',  ( -2.279999999999999361, -1.679999999999999716, 3.369999999999996110 ) ) ;
#697 =( LENGTH_UNIT ( ) NAMED_UNIT ( * ) SI_UNIT ( .MILLI., .METRE. ) );
#698 = SURFACE_SIDE_STYLE ('',( #671 ) ) ;
#699 = CYLINDRICAL_SURFACE ( 'NONE', #4072, 0.3800000000000000600 ) ;
#700 = FILL_AREA_STYLE_COLOUR ( '', #1525 ) ;
#701 = CARTESIAN_POINT ( 'NONE',  ( 3.100000000000000089, 1.300000000000000044, 3.369999999999996110 ) ) ;
#702 = CARTESIAN_POINT ( 'NONE',  ( -1.444184798405130365, 2.334209932110466568, 1.809757802104866364 ) ) ;
#703 =( LENGTH_UNIT ( ) NAMED_UNIT ( * ) SI_UNIT ( .MILLI., .METRE. ) );
#704 = CARTESIAN_POINT ( 'NONE',  ( 2.544324524908339491, 2.500000000000000000, 3.685404267465085759 ) ) ;
#705 = FILL_AREA_STYLE_COLOUR ( '', #4934 ) ;
#706 = DIRECTION ( 'NONE',  ( -5.188895745013400325E-16, 0.000000000000000000, -1.000000000000000000 ) ) ;
#707 = COLOUR_RGB ( '',1.000000000000000000, 1.000000000000000000, 1.000000000000000000 ) ;
#708 =( NAMED_UNIT ( * ) PLANE_ANGLE_UNIT ( ) SI_UNIT ( $, .RADIAN. ) );
#709 = SURFACE_SIDE_STYLE ('',( #4884 ) ) ;
#710 =( NAMED_UNIT ( * ) SI_UNIT ( $, .STERADIAN. ) SOLID_ANGLE_UNIT ( ) );
#711 = STYLED_ITEM ( 'NONE', ( #4438 ), #489 ) ;
#712 = VERTEX_POINT ( 'NONE', #5234 ) ;
#713 = UNCERTAINTY_MEASURE_WITH_UNIT (LENGTH_MEASURE( 1.000000000000000082E-05 ), #5249, 'distance_accuracy_value', 'NONE');
#714 = CARTESIAN_POINT ( 'NONE',  ( -2.719999999999999751, -2.120000000000000107, 3.369999999999996110 ) ) ;
#715 = COLOUR_RGB ( '',1.000000000000000000, 1.000000000000000000, 1.000000000000000000 ) ;
#716 = SURFACE_STYLE_FILL_AREA ( #333 ) ;
#717 = PRESENTATION_LAYER_ASSIGNMENT (  '', '', ( #611 ) ) ;
#718 = CARTESIAN_POINT ( 'NONE',  ( -2.279999999999999361, -1.679999999999999716, 3.369999999999996110 ) ) ;
#719 = ORIENTED_EDGE ( 'NONE', *, *, #2643, .T. ) ;
#720 = CARTESIAN_POINT ( 'NONE',  ( 1.474603339545953018, 2.042256182757674399, 2.320706707119845724 ) ) ;
#721 = CIRCLE ( 'NONE', #2044, 0.2500000000000002220 ) ;
#722 = CARTESIAN_POINT ( 'NONE',  ( -2.411171266262523094, -1.870101718593379925, 1.314878842513812707 ) ) ;
#723 = PRESENTATION_LAYER_ASSIGNMENT (  '', '', ( #230 ) ) ;
#724 = CARTESIAN_POINT ( 'NONE',  ( 2.314051496537350872, 2.136699463921777120, 3.749999999999996447 ) ) ;
#725 = ORIENTED_EDGE ( 'NONE', *, *, #378, .T. ) ;
#726 = ORIENTED_EDGE ( 'NONE', *, *, #658, .T. ) ;
#727 = CARTESIAN_POINT ( 'NONE',  ( 2.591541582993710957, 1.611764789098122819, 3.750000036924224567 ) ) ;
#728 = ORIENTED_EDGE ( 'NONE', *, *, #2174, .T. ) ;
#729 = AXIS2_PLACEMENT_3D ( 'NONE', #263, #2618, #1518 ) ;
#730 = VECTOR ( 'NONE', #2273, 1000.000000000000000 ) ;
#731 = PRESENTATION_STYLE_ASSIGNMENT (( #3314 ) ) ;
#732 = DIRECTION ( 'NONE',  ( 0.1703175435236317925, -0.9705585344203361275, 0.1703175435236336799 ) ) ;
#733 = ORIENTED_EDGE ( 'NONE', *, *, #4159, .F. ) ;
#734 = DIRECTION ( 'NONE',  ( 1.000000000000000000, 0.000000000000000000, 0.000000000000000000 ) ) ;
#735 = EDGE_LOOP ( 'NONE', ( #5380, #1473, #653, #1326 ) ) ;
#736 = FILL_AREA_STYLE ('',( #3581 ) ) ;
#737 = CYLINDRICAL_SURFACE ( 'NONE', #5251, 0.2999999999999999334 ) ;
#738 = CARTESIAN_POINT ( 'NONE',  ( 2.601985819494618823, 2.324282701931332351, 1.753457682070782342 ) ) ;
#739 = SPHERICAL_SURFACE ( 'NONE', #5171, 0.3800000000000000044 ) ;
#740 = CARTESIAN_POINT ( 'NONE',  ( -1.496939041224877753, -2.322276459780242330, 1.742079717433545616 ) ) ;
#741 = CARTESIAN_POINT ( 'NONE',  ( -3.100000000000000089, -2.036052846764500046, 3.372183489019747071 ) ) ;
#742 = EDGE_CURVE ( 'NONE', #5310, #4212, #4805, .T. ) ;
#743 = EDGE_LOOP ( 'NONE', ( #2191, #2694, #4298, #3493 ) ) ;
#744 = FILL_AREA_STYLE_COLOUR ( '', #2738 ) ;
#745 = MECHANICAL_DESIGN_GEOMETRIC_PRESENTATION_REPRESENTATION (  '', ( #2977 ), #3802 ) ;
#746 = DIRECTION ( 'NONE',  ( 0.000000000000000000, 0.000000000000000000, 1.000000000000000000 ) ) ;
#747 = FACE_OUTER_BOUND ( 'NONE', #1413, .T. ) ;
#748 = PRESENTATION_STYLE_ASSIGNMENT (( #5467 ) ) ;
#749 = CARTESIAN_POINT ( 'NONE',  ( 1.586393566129946420, 2.272268288918187107, 2.279291852858899681 ) ) ;
#750 = CARTESIAN_POINT ( 'NONE',  ( -3.048936622304907029, -2.316175193808705846, 2.729764681248646241 ) ) ;
#751 = CARTESIAN_POINT ( 'NONE',  ( -2.458655862005840298, -1.858082517622174468, 1.610127724582005593 ) ) ;
#752 = ORIENTED_EDGE ( 'NONE', *, *, #2394, .T. ) ;
#753 = PRESENTATION_STYLE_ASSIGNMENT (( #3205 ) ) ;
#754 = CARTESIAN_POINT ( 'NONE',  ( -2.279999999999999361, -2.120000000000000107, 3.369999999999996110 ) ) ;
#755 = COLOUR_RGB ( '',1.000000000000000000, 1.000000000000000000, 1.000000000000000000 ) ;
#756 = CARTESIAN_POINT ( 'NONE',  ( -1.892901089587185171, -2.218707279887814021, 2.838713520480714347 ) ) ;
#757 = SURFACE_STYLE_FILL_AREA ( #1830 ) ;
#758 = ORIENTED_EDGE ( 'NONE', *, *, #2804, .T. ) ;
#759 = CARTESIAN_POINT ( 'NONE',  ( -3.100000000000000089, -2.103960780543710829, 3.369999999999996110 ) ) ;
#760 = CARTESIAN_POINT ( 'NONE',  ( 1.500000000000000000, 2.120000000000000107, 2.914213562373118016 ) ) ;
#761 = ORIENTED_EDGE ( 'NONE', *, *, #3369, .T. ) ;
#762 = CARTESIAN_POINT ( 'NONE',  ( -1.450507473113829660, -2.341682383769931874, 1.899942149467253039 ) ) ;
#763 = AXIS2_PLACEMENT_3D ( 'NONE', #5252, #3816, #490 ) ;
#764 = CARTESIAN_POINT ( 'NONE',  ( 2.660755880302346554, 1.996162498223767123, 1.812227742878511627 ) ) ;
#765 = PLANE ( 'NONE',  #273 ) ;
#766 = DIRECTION ( 'NONE',  ( 0.000000000000000000, 0.000000000000000000, 1.000000000000000000 ) ) ;
#767 =( NAMED_UNIT ( * ) SI_UNIT ( $, .STERADIAN. ) SOLID_ANGLE_UNIT ( ) );
#768 = ORIENTED_EDGE ( 'NONE', *, *, #4399, .T. ) ;
#769 =( NAMED_UNIT ( * ) SI_UNIT ( $, .STERADIAN. ) SOLID_ANGLE_UNIT ( ) );
#770 = FILL_AREA_STYLE_COLOUR ( '', #5537 ) ;
#771 = DIRECTION ( 'NONE',  ( -1.000000000000000000, 0.000000000000000000, 0.000000000000000000 ) ) ;
#772 = CARTESIAN_POINT ( 'NONE',  ( 1.863494062428294518, 2.493136447315204673, 2.711074858439589175 ) ) ;
#773 = MECHANICAL_DESIGN_GEOMETRIC_PRESENTATION_REPRESENTATION (  '', ( #5110 ), #4172 ) ;
#774 = EDGE_CURVE ( 'NONE', #3439, #4487, #4503, .T. ) ;
#775 =( NAMED_UNIT ( * ) SI_UNIT ( $, .STERADIAN. ) SOLID_ANGLE_UNIT ( ) );
#776 = EDGE_CURVE ( 'NONE', #1688, #3293, #5888, .T. ) ;
#777 = AXIS2_PLACEMENT_3D ( 'NONE', #484, #5188, #3810 ) ;
#779 = EDGE_CURVE ( 'NONE', #5816, #3212, #1936, .T. ) ;
#778 = DIRECTION ( 'NONE',  ( 0.000000000000000000, 0.000000000000000000, 1.000000000000000000 ) ) ;
#780 = CARTESIAN_POINT ( 'NONE',  ( 3.100000000000000533, 1.764015685209131989, 3.369999999999996998 ) ) ;
#781 = CARTESIAN_POINT ( 'NONE',  ( -1.344876741556926047, -2.264361736552053639, 2.251067422589906553 ) ) ;
#782 = CARTESIAN_POINT ( 'NONE',  ( -2.130810716481309264, -2.321813085419478728, 1.739451790845667700 ) ) ;
#783 = COLOUR_RGB ( '',1.000000000000000000, 1.000000000000000000, 1.000000000000000000 ) ;
#784 = CARTESIAN_POINT ( 'NONE',  ( -2.364015685209131856, -1.299999999999999600, 3.369999999999996998 ) ) ;
#785 = FILL_AREA_STYLE_COLOUR ( '', #3277 ) ;
#786 = DIRECTION ( 'NONE',  ( -0.000000000000000000, 1.000000000000000000, 0.000000000000000000 ) ) ;
#787 = DIRECTION ( 'NONE',  ( 0.000000000000000000, 0.000000000000000000, 1.000000000000000000 ) ) ;
#788 = CYLINDRICAL_SURFACE ( 'NONE', #4032, 0.3800000000000001155 ) ;
#789 = SURFACE_STYLE_USAGE ( .BOTH. , #3571 ) ;
#790 = FILL_AREA_STYLE_COLOUR ( '', #1719 ) ;
#791 = EDGE_CURVE ( 'NONE', #2133, #5871, #3284, .T. ) ;
#792 = FILL_AREA_STYLE_COLOUR ( '', #1407 ) ;
#793 = CYLINDRICAL_SURFACE ( 'NONE', #540, 0.3800000000000001155 ) ;
#794 = CARTESIAN_POINT ( 'NONE',  ( 2.533935511664343387, 1.300000000000000044, 3.378518974520776652 ) ) ;
#795 = VECTOR ( 'NONE', #4392, 1000.000000000000000 ) ;
#796 = ORIENTED_EDGE ( 'NONE', *, *, #2283, .T. ) ;
#797 = AXIS2_PLACEMENT_3D ( 'NONE', #3024, #2116, #3954 ) ;
#798 = CARTESIAN_POINT ( 'NONE',  ( 1.782842712474619784, 1.300000000000000044, 2.631370849898500452 ) ) ;
#799 = PRESENTATION_STYLE_ASSIGNMENT (( #5129 ) ) ;
#800 =( LENGTH_UNIT ( ) NAMED_UNIT ( * ) SI_UNIT ( .MILLI., .METRE. ) );
#801 =( NAMED_UNIT ( * ) SI_UNIT ( $, .STERADIAN. ) SOLID_ANGLE_UNIT ( ) );
#802 = COLOUR_RGB ( '',1.000000000000000000, 1.000000000000000000, 1.000000000000000000 ) ;
#803 = CARTESIAN_POINT ( 'NONE',  ( -1.470642449073902513, -2.164999670404622378, 2.268860307803590270 ) ) ;
#804 = FACE_OUTER_BOUND ( 'NONE', #943, .T. ) ;
#805 = STYLED_ITEM ( 'NONE', ( #467 ), #5120 ) ;
#806 = CARTESIAN_POINT ( 'NONE',  ( -3.099999999999999645, -1.811344882540276036, 3.692892036792953636 ) ) ;
#807 = AXIS2_PLACEMENT_3D ( 'NONE', #4302, #3873, #1544 ) ;
#808 = ORIENTED_EDGE ( 'NONE', *, *, #440, .T. ) ;
#809 = CARTESIAN_POINT ( 'NONE',  ( -1.808392587802122753, -2.267473959965859542, 1.431279296566629000 ) ) ;
#810 = CARTESIAN_POINT ( 'NONE',  ( -3.100000000000000089, -1.679999999999999716, 3.369999999999996110 ) ) ;
#811 = CARTESIAN_POINT ( 'NONE',  ( 0.3076697362686137138, -2.417221664166134154, 2.280540728927160199 ) ) ;
#812 =( GEOMETRIC_REPRESENTATION_CONTEXT ( 3 ) GLOBAL_UNCERTAINTY_ASSIGNED_CONTEXT ( ( #2617 ) ) GLOBAL_UNIT_ASSIGNED_CONTEXT ( ( #5038, #4980, #3124 ) ) REPRESENTATION_CONTEXT ( 'NONE', 'WORKASPACE' ) );
#813 = CARTESIAN_POINT ( 'NONE',  ( -1.610127732293950231, -1.679999999999999716, 2.458655869717830900 ) ) ;
#814 = ORIENTED_EDGE ( 'NONE', *, *, #60, .F. ) ;
#815 = ORIENTED_EDGE ( 'NONE', *, *, #5604, .F. ) ;
#816 = CARTESIAN_POINT ( 'NONE',  ( 2.081907805381481236, 1.300000000000000044, 1.796708070302926563 ) ) ;
#817 = SURFACE_SIDE_STYLE ('',( #1139 ) ) ;
#818 = ORIENTED_EDGE ( 'NONE', *, *, #4179, .T. ) ;
#819 = FILL_AREA_STYLE_COLOUR ( '', #4514 ) ;
#820 = TOROIDAL_SURFACE ( 'NONE', #2034, 0.7799999999999998046, 0.3800000000000000044 ) ;
#821 = EDGE_CURVE ( 'NONE', #2388, #153, #1635, .T. ) ;
#822 = SURFACE_SIDE_STYLE ('',( #5943 ) ) ;
#823 = EDGE_LOOP ( 'NONE', ( #974, #3108, #1050 ) ) ;
#824 =( GEOMETRIC_REPRESENTATION_CONTEXT ( 3 ) GLOBAL_UNCERTAINTY_ASSIGNED_CONTEXT ( ( #998 ) ) GLOBAL_UNIT_ASSIGNED_CONTEXT ( ( #3720, #4111, #3643 ) ) REPRESENTATION_CONTEXT ( 'NONE', 'WORKASPACE' ) );
#825 = CARTESIAN_POINT ( 'NONE',  ( 2.405199522796683809, 1.900863014915504356, 1.310616467326895407 ) ) ;
#826 = VERTEX_POINT ( 'NONE', #5749 ) ;
#827 = CARTESIAN_POINT ( 'NONE',  ( -2.719999999999999751, -1.696039219456288549, 3.749999999999996447 ) ) ;
#828 = ORIENTED_EDGE ( 'NONE', *, *, #691, .F. ) ;
#829 = DIRECTION ( 'NONE',  ( 1.000000000000000000, 0.000000000000000000, 0.000000000000000000 ) ) ;
#830 = PRESENTATION_LAYER_ASSIGNMENT (  '', '', ( #3998 ) ) ;
#831 = CIRCLE ( 'NONE', #1212, 0.2999999999999999334 ) ;
#832 = CARTESIAN_POINT ( 'NONE',  ( -2.092159050862729686, -1.877856854625871819, 1.784760629858571424 ) ) ;
#833 = STYLED_ITEM ( 'NONE', ( #2578 ), #4595 ) ;
#834 = CARTESIAN_POINT ( 'NONE',  ( 2.695802937302188784, -2.130524589332080332, 0.6546008206832601983 ) ) ;
#835 = COLOUR_RGB ( '',1.000000000000000000, 1.000000000000000000, 1.000000000000000000 ) ;
#836 = FILL_AREA_STYLE ('',( #2240 ) ) ;
#837 = FILL_AREA_STYLE_COLOUR ( '', #35 ) ;
#838 = CARTESIAN_POINT ( 'NONE',  ( 2.280000000000000249, 1.680000000000000160, 3.369999999999996110 ) ) ;
#839 = SURFACE_STYLE_FILL_AREA ( #5796 ) ;
#840 = FILL_AREA_STYLE ('',( #3692 ) ) ;
#841 = VERTEX_POINT ( 'NONE', #1533 ) ;
#842 = PRESENTATION_STYLE_ASSIGNMENT (( #2206 ) ) ;
#843 = SURFACE_SIDE_STYLE ('',( #5435 ) ) ;
#844 = ORIENTED_EDGE ( 'NONE', *, *, #5118, .F. ) ;
#845 =( GEOMETRIC_REPRESENTATION_CONTEXT ( 3 ) GLOBAL_UNCERTAINTY_ASSIGNED_CONTEXT ( ( #1041 ) ) GLOBAL_UNIT_ASSIGNED_CONTEXT ( ( #5607, #5550, #4215 ) ) REPRESENTATION_CONTEXT ( 'NONE', 'WORKASPACE' ) );
#846 = DIRECTION ( 'NONE',  ( 0.000000000000000000, 1.000000000000000000, 0.000000000000000000 ) ) ;
#847 =( NAMED_UNIT ( * ) SI_UNIT ( $, .STERADIAN. ) SOLID_ANGLE_UNIT ( ) );
#848 =( NAMED_UNIT ( * ) SI_UNIT ( $, .STERADIAN. ) SOLID_ANGLE_UNIT ( ) );
#849 = CARTESIAN_POINT ( 'NONE',  ( -1.295369829239359172, -2.351899467601383797, 1.910080143131986263 ) ) ;
#850 = AXIS2_PLACEMENT_3D ( 'NONE', #1729, #5022, #2684 ) ;
#851 = DIRECTION ( 'NONE',  ( -1.000000000000000000, -0.000000000000000000, -0.000000000000000000 ) ) ;
#852 = CARTESIAN_POINT ( 'NONE',  ( 2.719999999999999751, 2.500000000000000000, 3.369999999999996110 ) ) ;
#853 = SURFACE_SIDE_STYLE ('',( #5364 ) ) ;
#854 = CARTESIAN_POINT ( 'NONE',  ( 0.3710978257778140277, -2.499999999998467004, 2.749999999990725641 ) ) ;
#855 =( GEOMETRIC_REPRESENTATION_CONTEXT ( 3 ) GLOBAL_UNCERTAINTY_ASSIGNED_CONTEXT ( ( #5667 ) ) GLOBAL_UNIT_ASSIGNED_CONTEXT ( ( #282, #1687, #5909 ) ) REPRESENTATION_CONTEXT ( 'NONE', 'WORKASPACE' ) );
#856 = CARTESIAN_POINT ( 'NONE',  ( 1.880739579679829188, 1.300000000000000044, 2.333242923479923459 ) ) ;
#857 = CARTESIAN_POINT ( 'NONE',  ( -2.433524244925326041, -2.009838664146507803, 1.584996107501490892 ) ) ;
#858 = STYLED_ITEM ( 'NONE', ( #2500 ), #3230 ) ;
#859 = CARTESIAN_POINT ( 'NONE',  ( -1.899999999999999245, -2.103960780543710829, 3.369999999999996110 ) ) ;
#860 = DIRECTION ( 'NONE',  ( 1.000000000000000000, 0.000000000000000000, -0.000000000000000000 ) ) ;
#861 = SURFACE_STYLE_USAGE ( .BOTH. , #412 ) ;
#862 = EDGE_CURVE ( 'NONE', #4101, #310, #408, .T. ) ;
#863 = MECHANICAL_DESIGN_GEOMETRIC_PRESENTATION_REPRESENTATION (  '', ( #3131 ), #2446 ) ;
#864 = DIRECTION ( 'NONE',  ( 0.7570573837750845803, 0.000000000000000000, 0.6533483892010634175 ) ) ;
#865 = DIRECTION ( 'NONE',  ( -1.000000000000000000, 0.000000000000000000, 0.000000000000000000 ) ) ;
#866 = CARTESIAN_POINT ( 'NONE',  ( -1.457342217093317460, -2.346437838245729601, 1.879105703861772669 ) ) ;
#867 = FILL_AREA_STYLE ('',( #891 ) ) ;
#868 = CARTESIAN_POINT ( 'NONE',  ( -1.782842712474621116, -1.299999999999999600, 2.631370849898502229 ) ) ;
#869 = CARTESIAN_POINT ( 'NONE',  ( 1.419805093539459939, -2.435466684635860357, 2.384013381815611510 ) ) ;
#870 = CARTESIAN_POINT ( 'NONE',  ( 1.796708070302906135, 1.300000000000000044, 2.081907805381499443 ) ) ;
#871 = ORIENTED_EDGE ( 'NONE', *, *, #5546, .F. ) ;
#872 = CARTESIAN_POINT ( 'NONE',  ( 3.367778697655221505E-16, -2.023298562962320357, 2.750000000000000444 ) ) ;
#873 = LINE ( 'NONE', #5591, #1678 ) ;
#874 = CARTESIAN_POINT ( 'NONE',  ( 2.273790285802768540, 2.500000000000000000, 2.750000000000000444 ) ) ;
#875 = EDGE_CURVE ( 'NONE', #4022, #114, #532, .T. ) ;
#876 = CARTESIAN_POINT ( 'NONE',  ( 2.280000000000000249, 1.300000000000000044, 3.369999999999996110 ) ) ;
#877 = ORIENTED_EDGE ( 'NONE', *, *, #4599, .T. ) ;
#878 = UNCERTAINTY_MEASURE_WITH_UNIT (LENGTH_MEASURE( 1.000000000000000082E-05 ), #3709, 'distance_accuracy_value', 'NONE');
#879 = COLOUR_RGB ( '',1.000000000000000000, 1.000000000000000000, 1.000000000000000000 ) ;
#880 = VERTEX_POINT ( 'NONE', #608 ) ;
#881 = AXIS2_PLACEMENT_3D ( 'NONE', #4300, #3523, #1620 ) ;
#882 = ORIENTED_EDGE ( 'NONE', *, *, #4148, .F. ) ;
#883 = FILL_AREA_STYLE ('',( #5609 ) ) ;
#884 = CARTESIAN_POINT ( 'NONE',  ( -2.499999999999999556, -1.899999999999999689, 3.749999999999996447 ) ) ;
#885 = ORIENTED_EDGE ( 'NONE', *, *, #471, .F. ) ;
#886 = LINE ( 'NONE', #1290, #1994 ) ;
#887 = PRESENTATION_STYLE_ASSIGNMENT (( #1933 ) ) ;
#888 = CARTESIAN_POINT ( 'NONE',  ( -1.335532043632615684, -2.246133486133304658, 2.282850097332125294 ) ) ;
#889 = FACE_OUTER_BOUND ( 'NONE', #4446, .T. ) ;
#890 =( GEOMETRIC_REPRESENTATION_CONTEXT ( 3 ) GLOBAL_UNCERTAINTY_ASSIGNED_CONTEXT ( ( #37 ) ) GLOBAL_UNIT_ASSIGNED_CONTEXT ( ( #325, #4968, #1195 ) ) REPRESENTATION_CONTEXT ( 'NONE', 'WORKASPACE' ) );
#891 = FILL_AREA_STYLE_COLOUR ( '', #4355 ) ;
#892 = MECHANICAL_DESIGN_GEOMETRIC_PRESENTATION_REPRESENTATION (  '', ( #4168 ), #931 ) ;
#893 = EDGE_LOOP ( 'NONE', ( #4851, #4587, #652 ) ) ;
#894 = CARTESIAN_POINT ( 'NONE',  ( -2.053963782479304889, -2.236409894394210784, 1.363074354547479050 ) ) ;
#895 =( NAMED_UNIT ( * ) SI_UNIT ( $, .STERADIAN. ) SOLID_ANGLE_UNIT ( ) );
#896 = ORIENTED_EDGE ( 'NONE', *, *, #658, .F. ) ;
#897 = STYLED_ITEM ( 'NONE', ( #6031 ), #2503 ) ;
#898 = CARTESIAN_POINT ( 'NONE',  ( 1.610127732293952452, 1.680000000000000160, 2.458655869717828679 ) ) ;
#899 = ADVANCED_FACE ( 'NONE', ( #5386 ), #5592, .T. ) ;
#900 = CARTESIAN_POINT ( 'NONE',  ( -2.405199522796683365, -1.900863014915504579, 1.310616467326896739 ) ) ;
#901 = VERTEX_POINT ( 'NONE', #4848 ) ;
#902 = EDGE_LOOP ( 'NONE', ( #1112, #176, #4336, #3917 ) ) ;
#903 = CIRCLE ( 'NONE', #2096, 0.2499999999999998612 ) ;
#904 = EDGE_CURVE ( 'NONE', #3384, #2224, #3941, .T. ) ;
#905 = CIRCLE ( 'NONE', #5148, 0.3800000000000001155 ) ;
#906 = DIRECTION ( 'NONE',  ( -1.000000000000000000, 0.000000000000000000, 0.000000000000000000 ) ) ;
#907 = EDGE_CURVE ( 'NONE', #1400, #4005, #5233, .T. ) ;
#908 = LINE ( 'NONE', #2768, #4286 ) ;
#909 = EDGE_CURVE ( 'NONE', #437, #4406, #2905, .T. ) ;
#910 = CARTESIAN_POINT ( 'NONE',  ( 0.000000000000000000, 2.120000000000000107, 3.749999999999996447 ) ) ;
#911 = DIRECTION ( 'NONE',  ( 0.000000000000000000, 1.000000000000000000, -0.000000000000000000 ) ) ;
#912 = FILL_AREA_STYLE_COLOUR ( '', #5264 ) ;
#913 = DIRECTION ( 'NONE',  ( -0.000000000000000000, -0.000000000000000000, 1.000000000000000000 ) ) ;
#914 = ORIENTED_EDGE ( 'NONE', *, *, #1842, .F. ) ;
#915 = CARTESIAN_POINT ( 'NONE',  ( 2.517146779983148430E-15, -2.500000000000001776, 2.750000000000000888 ) ) ;
#916 = LINE ( 'NONE', #1763, #5763 ) ;
#917 = FACE_OUTER_BOUND ( 'NONE', #4641, .T. ) ;
#918 =( LENGTH_UNIT ( ) NAMED_UNIT ( * ) SI_UNIT ( .MILLI., .METRE. ) );
#919 = PRESENTATION_STYLE_ASSIGNMENT (( #2639 ) ) ;
#920 = CARTESIAN_POINT ( 'NONE',  ( 2.877919977996279827E-16, -1.588484854837450611, -2.419459271066770167 ) ) ;
#921 = ORIENTED_EDGE ( 'NONE', *, *, #5928, .T. ) ;
#922 = CARTESIAN_POINT ( 'NONE',  ( 1.478024368592271820, 1.679999999999999938, 2.326552506016146271 ) ) ;
#923 = UNCERTAINTY_MEASURE_WITH_UNIT (LENGTH_MEASURE( 1.000000000000000082E-05 ), #1086, 'distance_accuracy_value', 'NONE');
#924 = CARTESIAN_POINT ( 'NONE',  ( 2.051543289325510333, 2.420068152335910661, 2.296683965534181748 ) ) ;
#925 = CARTESIAN_POINT ( 'NONE',  ( -2.051543289325509889, -1.679999999999999716, 2.362670273047615677 ) ) ;
#926 =( GEOMETRIC_REPRESENTATION_CONTEXT ( 3 ) GLOBAL_UNCERTAINTY_ASSIGNED_CONTEXT ( ( #379 ) ) GLOBAL_UNIT_ASSIGNED_CONTEXT ( ( #5033, #337, #5012 ) ) REPRESENTATION_CONTEXT ( 'NONE', 'WORKASPACE' ) );
#927 =( LENGTH_UNIT ( ) NAMED_UNIT ( * ) SI_UNIT ( .MILLI., .METRE. ) );
#928 = MECHANICAL_DESIGN_GEOMETRIC_PRESENTATION_REPRESENTATION (  '', ( #5532 ), #68 ) ;
#929 = ADVANCED_FACE ( 'NONE', ( #1270 ), #4347, .T. ) ;
#930 = DIRECTION ( 'NONE',  ( 0.000000000000000000, 1.000000000000000000, 0.000000000000000000 ) ) ;
#931 =( GEOMETRIC_REPRESENTATION_CONTEXT ( 3 ) GLOBAL_UNCERTAINTY_ASSIGNED_CONTEXT ( ( #3690 ) ) GLOBAL_UNIT_ASSIGNED_CONTEXT ( ( #2089, #3083, #262 ) ) REPRESENTATION_CONTEXT ( 'NONE', 'WORKASPACE' ) );
#932 = FILL_AREA_STYLE ('',( #6076 ) ) ;
#933 = STYLED_ITEM ( 'NONE', ( #2015 ), #2260 ) ;
#934 = UNCERTAINTY_MEASURE_WITH_UNIT (LENGTH_MEASURE( 1.000000000000000082E-05 ), #4469, 'distance_accuracy_value', 'NONE');
#935 = DIRECTION ( 'NONE',  ( -0.000000000000000000, -1.000000000000000000, -0.000000000000000000 ) ) ;
#936 = CARTESIAN_POINT ( 'NONE',  ( 1.960045167603170269, 1.300000000000000044, 2.271172151325271837 ) ) ;
#937 = ORIENTED_EDGE ( 'NONE', *, *, #82, .F. ) ;
#938 = AXIS2_PLACEMENT_3D ( 'NONE', #4982, #259, #216 ) ;
#939 = CARTESIAN_POINT ( 'NONE',  ( 1.733222390738431207, 1.295337420382979721, 2.136696612683699037 ) ) ;
#940 = AXIS2_PLACEMENT_3D ( 'NONE', #4134, #2713, #4975 ) ;
#941 = STYLED_ITEM ( 'NONE', ( #3855 ), #1018 ) ;
#942 = CARTESIAN_POINT ( 'NONE',  ( -1.899999999999999245, -1.299999999999999600, 3.369999999999996110 ) ) ;
#943 = EDGE_LOOP ( 'NONE', ( #4698, #4000, #1035 ) ) ;
#944 = CARTESIAN_POINT ( 'NONE',  ( 2.280000000000000249, 2.120000000000000107, 3.749999999999996447 ) ) ;
#945 = COLOUR_RGB ( '',1.000000000000000000, 1.000000000000000000, 1.000000000000000000 ) ;
#946 = EDGE_CURVE ( 'NONE', #45, #952, #4006, .T. ) ;
#947 = ADVANCED_FACE ( 'NONE', ( #747 ), #1487, .F. ) ;
#948 = CARTESIAN_POINT ( 'NONE',  ( -1.782842712474621116, -2.045841206191271411, 2.631370849898502229 ) ) ;
#949 = DIRECTION ( 'NONE',  ( -0.7016738431598597003, -0.1237240302064796932, 0.7016738431598676939 ) ) ;
#950 = CIRCLE ( 'NONE', #3383, 0.2999999999999999334 ) ;
#951 = CARTESIAN_POINT ( 'NONE',  ( 2.090122257091896252, 2.252540754054529248, 1.489237685263324673 ) ) ;
#952 = VERTEX_POINT ( 'NONE', #3220 ) ;
#953 = CARTESIAN_POINT ( 'NONE',  ( 3.100000000000000089, 2.103960780543711717, 3.369999999999996110 ) ) ;
#954 = CARTESIAN_POINT ( 'NONE',  ( 2.169541240889242939, -1.710460271028553247, -1.727702310782155637 ) ) ;
#955 = DIRECTION ( 'NONE',  ( 0.000000000000000000, 0.000000000000000000, -1.000000000000000000 ) ) ;
#956 = VECTOR ( 'NONE', #3114, 1000.000000000000000 ) ;
#957 = ORIENTED_EDGE ( 'NONE', *, *, #1021, .T. ) ;
#958 = AXIS2_PLACEMENT_3D ( 'NONE', #5984, #345, #361 ) ;
#959 = EDGE_LOOP ( 'NONE', ( #815, #4056, #20 ) ) ;
#960 = UNCERTAINTY_MEASURE_WITH_UNIT (LENGTH_MEASURE( 1.000000000000000082E-05 ), #5923, 'distance_accuracy_value', 'NONE');
#961 = CARTESIAN_POINT ( 'NONE',  ( 1.548008244385535415, 1.125797769662687520, 2.275406811335014101 ) ) ;
#962 = VERTEX_POINT ( 'NONE', #6022 ) ;
#963 = EDGE_LOOP ( 'NONE', ( #2150, #6056, #4 ) ) ;
#964 =( GEOMETRIC_REPRESENTATION_CONTEXT ( 3 ) GLOBAL_UNCERTAINTY_ASSIGNED_CONTEXT ( ( #1075 ) ) GLOBAL_UNIT_ASSIGNED_CONTEXT ( ( #1124, #4447, #672 ) ) REPRESENTATION_CONTEXT ( 'NONE', 'WORKASPACE' ) );
#965 = ORIENTED_EDGE ( 'NONE', *, *, #1265, .T. ) ;
#966 = ORIENTED_EDGE ( 'NONE', *, *, #3450, .T. ) ;
#967 = DIRECTION ( 'NONE',  ( 0.000000000000000000, 0.000000000000000000, 1.000000000000000000 ) ) ;
#968 = PLANE ( 'NONE',  #6008 ) ;
#969 =( GEOMETRIC_REPRESENTATION_CONTEXT ( 3 ) GLOBAL_UNCERTAINTY_ASSIGNED_CONTEXT ( ( #2032 ) ) GLOBAL_UNIT_ASSIGNED_CONTEXT ( ( #3566, #5838, #1014 ) ) REPRESENTATION_CONTEXT ( 'NONE', 'WORKASPACE' ) );
#970 = CARTESIAN_POINT ( 'NONE',  ( 2.079766150973428207, 2.228585016225448800, 1.356265546469439531 ) ) ;
#971 = DIRECTION ( 'NONE',  ( -1.000000000000000000, -0.000000000000000000, -0.000000000000000000 ) ) ;
#972 = CARTESIAN_POINT ( 'NONE',  ( 2.362670273047592584, 1.680000000000000160, 2.051543289325533870 ) ) ;
#973 = CARTESIAN_POINT ( 'NONE',  ( 3.295301207721122841E-16, -1.530201606103481327, -2.750000000000000888 ) ) ;
#974 = ORIENTED_EDGE ( 'NONE', *, *, #2212, .F. ) ;
#975 = CARTESIAN_POINT ( 'NONE',  ( 0.9085716202033840005, 2.006160998833763198, 2.636264732486909956 ) ) ;
#976 = MECHANICAL_DESIGN_GEOMETRIC_PRESENTATION_REPRESENTATION (  '', ( #5886 ), #3288 ) ;
#977 = PRESENTATION_STYLE_ASSIGNMENT (( #419 ) ) ;
#978 = CIRCLE ( 'NONE', #3371, 0.3800000000000001155 ) ;
#979 = LINE ( 'NONE', #2776, #5090 ) ;
#980 = CARTESIAN_POINT ( 'NONE',  ( 1.899999999999992140, 1.944324524908340068, 3.685404267465092421 ) ) ;
#981 = B_SPLINE_CURVE_WITH_KNOTS ( 'NONE', 3,
 ( #3168, #3607, #342, #2162, #756, #2634 ),
 .UNSPECIFIED., .F., .F.,
 ( 4, 2, 4 ),
 ( 3.097100886750360158E-18, 0.0002971942391631805531, 0.0005943884783263586125 ),
 .UNSPECIFIED. ) ;
#982 = SURFACE_STYLE_FILL_AREA ( #2770 ) ;
#983 = FACE_OUTER_BOUND ( 'NONE', #1610, .T. ) ;
#984 = EDGE_CURVE ( 'NONE', #5513, #712, #903, .T. ) ;
#985 = MECHANICAL_DESIGN_GEOMETRIC_PRESENTATION_REPRESENTATION (  '', ( #1605 ), #5190 ) ;
#986 = EDGE_CURVE ( 'NONE', #437, #2388, #2600, .T. ) ;
#987 = DIRECTION ( 'NONE',  ( 1.000000000000000000, 0.000000000000000000, -0.000000000000000000 ) ) ;
#988 = ORIENTED_EDGE ( 'NONE', *, *, #2603, .F. ) ;
#989 = CARTESIAN_POINT ( 'NONE',  ( -2.402912572024159310, 1.400246366315448299, -1.384952186242530026 ) ) ;
#990 = ADVANCED_FACE ( 'NONE', ( #5603 ), #2088, .T. ) ;
#991 = SURFACE_SIDE_STYLE ('',( #5518 ) ) ;
#992 = CARTESIAN_POINT ( 'NONE',  ( -1.313905117247536447, -1.972943487486413128, 2.415813184596594887 ) ) ;
#993 = FILL_AREA_STYLE_COLOUR ( '', #5939 ) ;
#994 =( LENGTH_UNIT ( ) NAMED_UNIT ( * ) SI_UNIT ( .MILLI., .METRE. ) );
#995 = CARTESIAN_POINT ( 'NONE',  ( -2.414698561444461156, -1.838610602695970986, 1.315954520413284534 ) ) ;
#996 = CARTESIAN_POINT ( 'NONE',  ( 2.403829026145867243, 2.058784453745194032, 1.571723306825781874 ) ) ;
#997 = SURFACE_STYLE_USAGE ( .BOTH. , #5140 ) ;
#998 = UNCERTAINTY_MEASURE_WITH_UNIT (LENGTH_MEASURE( 1.000000000000000082E-05 ), #3720, 'distance_accuracy_value', 'NONE');
#999 = FILL_AREA_STYLE_COLOUR ( '', #2502 ) ;
#1000 =( NAMED_UNIT ( * ) SI_UNIT ( $, .STERADIAN. ) SOLID_ANGLE_UNIT ( ) );
#1001 = EDGE_CURVE ( 'NONE', #2102, #5584, #979, .T. ) ;
#1002 = CARTESIAN_POINT ( 'NONE',  ( 2.200015782465874370, 1.946479191630675842, 3.749999999643655713 ) ) ;
#1003 = PRESENTATION_LAYER_ASSIGNMENT (  '', '', ( #4265 ) ) ;
#1004 = PRESENTATION_LAYER_ASSIGNMENT (  '', '', ( #5637 ) ) ;
#1005 = UNCERTAINTY_MEASURE_WITH_UNIT (LENGTH_MEASURE( 1.000000000000000082E-05 ), #5736, 'distance_accuracy_value', 'NONE');
#1006 = CARTESIAN_POINT ( 'NONE',  ( 2.720000000000001084, 1.680000000000000160, 2.914213562373118016 ) ) ;
#1007 = AXIS2_PLACEMENT_3D ( 'NONE', #5760, #2007, #2031 ) ;
#1008 = DIRECTION ( 'NONE',  ( 1.592415035188827639E-13, -1.000000000000000000, 1.592415035188845057E-13 ) ) ;
#1009 = CARTESIAN_POINT ( 'NONE',  ( -2.411203607720736386, -1.869935111773249892, 1.314901932419505259 ) ) ;
#1010 =( GEOMETRIC_REPRESENTATION_CONTEXT ( 3 ) GLOBAL_UNCERTAINTY_ASSIGNED_CONTEXT ( ( #2169 ) ) GLOBAL_UNIT_ASSIGNED_CONTEXT ( ( #5426, #3086, #5912 ) ) REPRESENTATION_CONTEXT ( 'NONE', 'WORKASPACE' ) );
#1011 = CARTESIAN_POINT ( 'NONE',  ( 2.244196098499169345, 2.135534550465156389, 1.319511396551197757 ) ) ;
#1012 = CARTESIAN_POINT ( 'NONE',  ( 2.280000000000000249, 2.103960780543711717, 3.749999999999996447 ) ) ;
#1013 = PRESENTATION_STYLE_ASSIGNMENT (( #4323 ) ) ;
#1014 =( NAMED_UNIT ( * ) SI_UNIT ( $, .STERADIAN. ) SOLID_ANGLE_UNIT ( ) );
#1015 = DIRECTION ( 'NONE',  ( 0.000000000000000000, 0.000000000000000000, 1.000000000000000000 ) ) ;
#1016 = EDGE_CURVE ( 'NONE', #5871, #2224, #3504, .T. ) ;
#1017 = VERTEX_POINT ( 'NONE', #2793 ) ;
#1018 = ADVANCED_FACE ( 'NONE', ( #4002 ), #3357, .F. ) ;
#1019 = B_SPLINE_CURVE_WITH_KNOTS ( 'NONE', 3,
 ( #5919, #4136, #5013, #4977, #2696, #3605 ),
 .UNSPECIFIED., .F., .F.,
 ( 4, 2, 4 ),
 ( 0.000000000000000000, 0.0003050576034573876470, 0.0006101152069147752939 ),
 .UNSPECIFIED. ) ;
#1020 = PRESENTATION_STYLE_ASSIGNMENT (( #2573 ) ) ;
#1021 = EDGE_CURVE ( 'NONE', #5584, #1315, #5980, .T. ) ;
#1022 = CARTESIAN_POINT ( 'NONE',  ( 1.313905117247538223, 1.680000000000000160, 2.415813184596593555 ) ) ;
#1023 = STYLED_ITEM ( 'NONE', ( #4428 ), #3715 ) ;
#1024 =( NAMED_UNIT ( * ) PLANE_ANGLE_UNIT ( ) SI_UNIT ( $, .RADIAN. ) );
#1025 = AXIS2_PLACEMENT_3D ( 'NONE', #371, #4113, #1735 ) ;
#1026 = ORIENTED_EDGE ( 'NONE', *, *, #4479, .T. ) ;
#1027 = SURFACE_SIDE_STYLE ('',( #4535 ) ) ;
#1028 = LINE ( 'NONE', #701, #635 ) ;
#1029 = LINE ( 'NONE', #5193, #2800 ) ;
#1030 = DIRECTION ( 'NONE',  ( 0.000000000000000000, 0.000000000000000000, 1.000000000000000000 ) ) ;
#1031 = PRESENTATION_STYLE_ASSIGNMENT (( #4974 ) ) ;
#1032 = ORIENTED_EDGE ( 'NONE', *, *, #3450, .F. ) ;
#1033 = DIRECTION ( 'NONE',  ( -0.7071067811865437980, 0.000000000000000000, 0.7071067811865512365 ) ) ;
#1034 = FILL_AREA_STYLE_COLOUR ( '', #5917 ) ;
#1035 = ORIENTED_EDGE ( 'NONE', *, *, #5825, .F. ) ;
#1036 =( NAMED_UNIT ( * ) PLANE_ANGLE_UNIT ( ) SI_UNIT ( $, .RADIAN. ) );
#1037 = ORIENTED_EDGE ( 'NONE', *, *, #5625, .F. ) ;
#1038 = CARTESIAN_POINT ( 'NONE',  ( -1.796708070302904803, -1.299999999999999378, 2.081907805381500332 ) ) ;
#1039 = CARTESIAN_POINT ( 'NONE',  ( -2.703960780543710918, -2.120000000000000107, 3.369999999999996110 ) ) ;
#1040 = EDGE_LOOP ( 'NONE', ( #267, #1835, #3339, #5166, #1249 ) ) ;
#1041 = UNCERTAINTY_MEASURE_WITH_UNIT (LENGTH_MEASURE( 1.000000000000000082E-05 ), #5607, 'distance_accuracy_value', 'NONE');
#1042 =( LENGTH_UNIT ( ) NAMED_UNIT ( * ) SI_UNIT ( .MILLI., .METRE. ) );
#1043 = CIRCLE ( 'NONE', #763, 0.2999999999999999334 ) ;
#1044 = SURFACE_SIDE_STYLE ('',( #2049 ) ) ;
#1045 = CARTESIAN_POINT ( 'NONE',  ( 2.243898705754918232, 2.060830130809083727, 3.749999963139773129 ) ) ;
#1046 = EDGE_LOOP ( 'NONE', ( #3783, #1824, #1930, #4695 ) ) ;
#1047 = ORIENTED_EDGE ( 'NONE', *, *, #1209, .T. ) ;
#1048 = SURFACE_STYLE_FILL_AREA ( #6018 ) ;
#1049 = CARTESIAN_POINT ( 'NONE',  ( -2.719999999999999751, -2.120000000000000107, 3.369999999999996110 ) ) ;
#1050 = ORIENTED_EDGE ( 'NONE', *, *, #471, .T. ) ;
#1051 = SURFACE_SIDE_STYLE ('',( #5715 ) ) ;
#1052 = CARTESIAN_POINT ( 'NONE',  ( -1.892462646618512823, -1.651647372667120361, -2.061246832018240660 ) ) ;
#1053 = ADVANCED_FACE ( 'NONE', ( #5522 ), #5332, .F. ) ;
#1054 = AXIS2_PLACEMENT_3D ( 'NONE', #2326, #3355, #5180 ) ;
#1055 = DIRECTION ( 'NONE',  ( 1.000000000000000000, 0.000000000000000000, 0.000000000000000000 ) ) ;
#1056 = FACE_OUTER_BOUND ( 'NONE', #4439, .T. ) ;
#1057 = DIRECTION ( 'NONE',  ( 1.000000000000000000, -0.000000000000000000, -0.000000000000000000 ) ) ;
#1058 = COLOUR_RGB ( '',1.000000000000000000, 1.000000000000000000, 1.000000000000000000 ) ;
#1059 = CARTESIAN_POINT ( 'NONE',  ( 2.280000000000000249, 1.680000000000000160, 3.369999999999996110 ) ) ;
#1060 = FACE_OUTER_BOUND ( 'NONE', #1046, .T. ) ;
#1061 = CARTESIAN_POINT ( 'NONE',  ( 2.273695371181758240, 2.114129465752474069, 1.313570750449325031 ) ) ;
#1062 = CARTESIAN_POINT ( 'NONE',  ( 2.279999999999999805, 2.500000000000000000, 2.914213562373118016 ) ) ;
#1063 = ORIENTED_EDGE ( 'NONE', *, *, #2462, .F. ) ;
#1064 = PLANE ( 'NONE',  #2252 ) ;
#1065 = SURFACE_STYLE_FILL_AREA ( #3670 ) ;
#1066 = PRESENTATION_STYLE_ASSIGNMENT (( #3151 ) ) ;
#1067 = CARTESIAN_POINT ( 'NONE',  ( 1.899999999999999689, 1.866064488335652527, 3.378518974520791307 ) ) ;
#1068 = B_SPLINE_CURVE_WITH_KNOTS ( 'NONE', 3,
 ( #5094, #6032, #961, #1455, #4741, #1022 ),
 .UNSPECIFIED., .F., .F.,
 ( 4, 2, 4 ),
 ( 0.000000000000000000, 0.0004745557234832407500, 0.0009491114469664815000 ),
 .UNSPECIFIED. ) ;
#1069 = ORIENTED_EDGE ( 'NONE', *, *, #1107, .F. ) ;
#1070 = EDGE_CURVE ( 'NONE', #5575, #4262, #4580, .T. ) ;
#1071 = AXIS2_PLACEMENT_3D ( 'NONE', #1301, #2703, #1794 ) ;
#1072 = CARTESIAN_POINT ( 'NONE',  ( -2.199984252207680235, -1.853724789409493701, 3.750000000356337626 ) ) ;
#1073 = SURFACE_SIDE_STYLE ('',( #2161 ) ) ;
#1074 =( LENGTH_UNIT ( ) NAMED_UNIT ( * ) SI_UNIT ( .MILLI., .METRE. ) );
#1075 = UNCERTAINTY_MEASURE_WITH_UNIT (LENGTH_MEASURE( 1.000000000000000082E-05 ), #1124, 'distance_accuracy_value', 'NONE');
#1076 = FILL_AREA_STYLE ('',( #3437 ) ) ;
#1077 = SURFACE_STYLE_USAGE ( .BOTH. , #1975 ) ;
#1078 = CARTESIAN_POINT ( 'NONE',  ( 2.359527440088309280, 2.021111243724881934, 1.302289049653132746 ) ) ;
#1079 = CARTESIAN_POINT ( 'NONE',  ( 0.3184566815974877452, 2.023298562961375779, 2.750000000000000888 ) ) ;
#1080 = MECHANICAL_DESIGN_GEOMETRIC_PRESENTATION_REPRESENTATION (  '', ( #343 ), #1390 ) ;
#1081 = ADVANCED_FACE ( 'NONE', ( #4435 ), #5328, .T. ) ;
#1082 = CARTESIAN_POINT ( 'NONE',  ( 2.280000000000000693, 1.696039219456288105, 3.749999999999996447 ) ) ;
#1083 = CIRCLE ( 'NONE', #365, 0.2500000000000000000 ) ;
#1084 = ORIENTED_EDGE ( 'NONE', *, *, #5390, .T. ) ;
#1085 =( GEOMETRIC_REPRESENTATION_CONTEXT ( 3 ) GLOBAL_UNCERTAINTY_ASSIGNED_CONTEXT ( ( #1151 ) ) GLOBAL_UNIT_ASSIGNED_CONTEXT ( ( #5344, #4424, #2547 ) ) REPRESENTATION_CONTEXT ( 'NONE', 'WORKASPACE' ) );
#1086 =( LENGTH_UNIT ( ) NAMED_UNIT ( * ) SI_UNIT ( .MILLI., .METRE. ) );
#1087 = CARTESIAN_POINT ( 'NONE',  ( 2.719999999999999751, 1.696039219456288327, 3.369999999999996110 ) ) ;
#1088 = ORIENTED_EDGE ( 'NONE', *, *, #5343, .T. ) ;
#1089 = AXIS2_PLACEMENT_3D ( 'NONE', #1117, #1559, #2542 ) ;
#1090 = DIRECTION ( 'NONE',  ( 0.7071067811865435759, 0.000000000000000000, -0.7071067811865515695 ) ) ;
#1091 = CARTESIAN_POINT ( 'NONE',  ( -1.899999999999999245, -2.120000000000000107, 2.914213562373119348 ) ) ;
#1092 = FILL_AREA_STYLE_COLOUR ( '', #1843 ) ;
#1093 = CYLINDRICAL_SURFACE ( 'NONE', #5915, 0.3800000000000000600 ) ;
#1094 = PRESENTATION_LAYER_ASSIGNMENT (  '', '', ( #1408 ) ) ;
#1095 = EDGE_CURVE ( 'NONE', #5954, #192, #6046, .T. ) ;
#1096 = ORIENTED_EDGE ( 'NONE', *, *, #1647, .F. ) ;
#1097 = CARTESIAN_POINT ( 'NONE',  ( 2.279999999999999805, 1.300000000000000044, 2.914213562373118016 ) ) ;
#1098 = DIRECTION ( 'NONE',  ( 0.000000000000000000, 1.000000000000000000, 0.000000000000000000 ) ) ;
#1099 = CIRCLE ( 'NONE', #5612, 0.7799999999999999156 ) ;
#1100 = SURFACE_STYLE_FILL_AREA ( #5278 ) ;
#1101 = CARTESIAN_POINT ( 'NONE',  ( 2.411171266262505331, 1.870101718593361717, 1.314878842513857338 ) ) ;
#1102 = VERTEX_POINT ( 'NONE', #5726 ) ;
#1103 = B_SPLINE_CURVE_WITH_KNOTS ( 'NONE', 3,
 ( #3729, #1388, #450, #2259, #3300, #6009, #1803, #1958 ),
 .UNSPECIFIED., .F., .F.,
 ( 4, 2, 2, 4 ),
 ( 0.000000000000000000, 0.0001937977222034088667, 0.0003875954444068177335, 0.0007751908888136361175 ),
 .UNSPECIFIED. ) ;
#1104 = EDGE_CURVE ( 'NONE', #2976, #2733, #2011, .T. ) ;
#1105 = CARTESIAN_POINT ( 'NONE',  ( 2.788192408776421605, 1.808353666854236597, 3.750000036860219321 ) ) ;
#1106 = AXIS2_PLACEMENT_3D ( 'NONE', #3451, #4844, #1964 ) ;
#1107 = EDGE_CURVE ( 'NONE', #5300, #2224, #5454, .T. ) ;
#1108 = CARTESIAN_POINT ( 'NONE',  ( -2.660830130809082927, -2.156101294245081679, 3.749999963139773129 ) ) ;
#1109 = ORIENTED_EDGE ( 'NONE', *, *, #1142, .F. ) ;
#1110 = ORIENTED_EDGE ( 'NONE', *, *, #1209, .F. ) ;
#1111 =( NAMED_UNIT ( * ) PLANE_ANGLE_UNIT ( ) SI_UNIT ( $, .RADIAN. ) );
#1112 = ORIENTED_EDGE ( 'NONE', *, *, #1186, .T. ) ;
#1113 = FILL_AREA_STYLE ('',( #3002 ) ) ;
#1114 = CARTESIAN_POINT ( 'NONE',  ( -1.899999999999991696, -1.944324524908339846, 3.685404267465093309 ) ) ;
#1115 = CYLINDRICAL_SURFACE ( 'NONE', #224, 0.3800000000000001155 ) ;
#1116 = DIRECTION ( 'NONE',  ( 0.000000000000000000, 0.000000000000000000, -1.000000000000000000 ) ) ;
#1117 = CARTESIAN_POINT ( 'NONE',  ( 2.362670273047593472, 1.990981124534627611, 2.051543289325533426 ) ) ;
#1118 = LINE ( 'NONE', #2374, #1252 ) ;
#1119 = CARTESIAN_POINT ( 'NONE',  ( 3.100000000000000089, 2.500000000000000000, 3.749999999999996447 ) ) ;
#1120 = ORIENTED_EDGE ( 'NONE', *, *, #3673, .T. ) ;
#1121 = FILL_AREA_STYLE ('',( #705 ) ) ;
#1122 = ORIENTED_EDGE ( 'NONE', *, *, #4031, .T. ) ;
#1123 = PRESENTATION_STYLE_ASSIGNMENT (( #5902 ) ) ;
#1124 =( LENGTH_UNIT ( ) NAMED_UNIT ( * ) SI_UNIT ( .MILLI., .METRE. ) );
#1125 =( NAMED_UNIT ( * ) PLANE_ANGLE_UNIT ( ) SI_UNIT ( $, .RADIAN. ) );
#1126 = EDGE_LOOP ( 'NONE', ( #3764, #3368, #234, #2229, #3258 ) ) ;
#1127 = ORIENTED_EDGE ( 'NONE', *, *, #440, .F. ) ;
#1128 = CARTESIAN_POINT ( 'NONE',  ( 3.100000000000000089, 1.988551587741214766, 3.692861864266440364 ) ) ;
#1129 = CARTESIAN_POINT ( 'NONE',  ( -2.432027560276457390, -2.500000000000000000, 3.376567342993408882 ) ) ;
#1130 = CIRCLE ( 'NONE', #1598, 0.7800000000000015810 ) ;
#1131 = PRESENTATION_LAYER_ASSIGNMENT (  '', '', ( #805 ) ) ;
#1132 = DIRECTION ( 'NONE',  ( 0.000000000000000000, 1.000000000000000000, -0.000000000000000000 ) ) ;
#1133 = CIRCLE ( 'NONE', #5870, 0.2500000000000000000 ) ;
#1134 = PRESENTATION_LAYER_ASSIGNMENT (  '', '', ( #1366 ) ) ;
#1135 = SURFACE_STYLE_FILL_AREA ( #1296 ) ;
#1136 = CARTESIAN_POINT ( 'NONE',  ( -0.3076697362685961168, 2.417221664166125272, 2.280540728927114458 ) ) ;
#1137 =( NAMED_UNIT ( * ) SI_UNIT ( $, .STERADIAN. ) SOLID_ANGLE_UNIT ( ) );
#1138 = AXIS2_PLACEMENT_3D ( 'NONE', #1481, #5610, #11 ) ;
#1139 = SURFACE_STYLE_FILL_AREA ( #4575 ) ;
#1140 = CARTESIAN_POINT ( 'NONE',  ( 2.077469055718584645, 2.211915627859478928, 1.116192337763415976 ) ) ;
#1141 = ORIENTED_EDGE ( 'NONE', *, *, #6020, .F. ) ;
#1142 = EDGE_CURVE ( 'NONE', #3384, #4214, #2829, .T. ) ;
#1143 = FILL_AREA_STYLE_COLOUR ( '', #5464 ) ;
#1144 = COLOUR_RGB ( '',1.000000000000000000, 1.000000000000000000, 1.000000000000000000 ) ;
#1145 = AXIS2_PLACEMENT_3D ( 'NONE', #3568, #1132, #2554 ) ;
#1146 = DIRECTION ( 'NONE',  ( 0.000000000000000000, 0.000000000000000000, -1.000000000000000000 ) ) ;
#1147 = CARTESIAN_POINT ( 'NONE',  ( 3.099999999999999645, 1.811344882540272039, 3.692892036792939869 ) ) ;
#1148 = CARTESIAN_POINT ( 'NONE',  ( -2.685919875595594863, -2.136726007345465472, 3.749999999999996447 ) ) ;
#1149 = AXIS2_PLACEMENT_3D ( 'NONE', #1834, #5138, #2331 ) ;
#1150 = CARTESIAN_POINT ( 'NONE',  ( -2.719999999999999751, -1.679999999999999716, 3.369999999999996110 ) ) ;
#1151 = UNCERTAINTY_MEASURE_WITH_UNIT (LENGTH_MEASURE( 1.000000000000000082E-05 ), #5344, 'distance_accuracy_value', 'NONE');
#1152 = CARTESIAN_POINT ( 'NONE',  ( 1.309240395240104604, 2.124060035304446981, 2.390361252816630699 ) ) ;
#1153 = CARTESIAN_POINT ( 'NONE',  ( -1.384952186028501231, 1.970999630681255610, 2.402912572112813727 ) ) ;
#1154 = SURFACE_STYLE_USAGE ( .BOTH. , #1594 ) ;
#1155 = CARTESIAN_POINT ( 'NONE',  ( 1.023828723672432384, 1.556227588031912967, -2.602399321851600611 ) ) ;
#1156 = FILL_AREA_STYLE ('',( #1258 ) ) ;
#1157 = AXIS2_PLACEMENT_3D ( 'NONE', #5441, #1681, #296 ) ;
#1158 = FACE_OUTER_BOUND ( 'NONE', #3686, .T. ) ;
#1159 = CARTESIAN_POINT ( 'NONE',  ( -2.799999999999999378, -1.899999999999999689, 37.75000000000000000 ) ) ;
#1160 =( GEOMETRIC_REPRESENTATION_CONTEXT ( 3 ) GLOBAL_UNCERTAINTY_ASSIGNED_CONTEXT ( ( #3169 ) ) GLOBAL_UNIT_ASSIGNED_CONTEXT ( ( #1854, #5122, #2310 ) ) REPRESENTATION_CONTEXT ( 'NONE', 'WORKASPACE' ) );
#1161 = CARTESIAN_POINT ( 'NONE',  ( 1.476663951828264265, 2.002575172231275680, 2.325192089252139827 ) ) ;
#1162 = SURFACE_STYLE_FILL_AREA ( #3283 ) ;
#1163 = SURFACE_SIDE_STYLE ('',( #2275 ) ) ;
#1164 =( NAMED_UNIT ( * ) SI_UNIT ( $, .STERADIAN. ) SOLID_ANGLE_UNIT ( ) );
#1165 = ORIENTED_EDGE ( 'NONE', *, *, #3249, .T. ) ;
#1166 = PRODUCT_CONTEXT ( 'NONE', #2104, 'mechanical' ) ;
#1167 = PRESENTATION_STYLE_ASSIGNMENT (( #4894 ) ) ;
#1168 = AXIS2_PLACEMENT_3D ( 'NONE', #838, #2156, #2197 ) ;
#1169 = DIRECTION ( 'NONE',  ( 0.000000000000000000, -1.000000000000000000, 0.000000000000000000 ) ) ;
#1170 = EDGE_LOOP ( 'NONE', ( #1176, #5664, #1567, #1141, #3921 ) ) ;
#1171 = VECTOR ( 'NONE', #971, 1000.000000000000000 ) ;
#1172 = DIRECTION ( 'NONE',  ( 1.000000000000000000, 0.000000000000000000, 0.000000000000000000 ) ) ;
#1173 = CARTESIAN_POINT ( 'NONE',  ( -0.2546717659037620041, 1.639193268638299283, 0.05645521781831672886 ) ) ;
#1174 = UNCERTAINTY_MEASURE_WITH_UNIT (LENGTH_MEASURE( 1.000000000000000082E-05 ), #4985, 'distance_accuracy_value', 'NONE');
#1175 = EDGE_CURVE ( 'NONE', #5712, #3103, #2670, .T. ) ;
#1176 = ORIENTED_EDGE ( 'NONE', *, *, #2678, .T. ) ;
#1177 = FILL_AREA_STYLE ('',( #2127 ) ) ;
#1178 = STYLED_ITEM ( 'NONE', ( #5199 ), #3836 ) ;
#1179 = DIRECTION ( 'NONE',  ( -1.000000000000000000, 0.000000000000000000, 0.000000000000000000 ) ) ;
#1180 = COLOUR_RGB ( '',1.000000000000000000, 1.000000000000000000, 1.000000000000000000 ) ;
#1181 = SURFACE_STYLE_USAGE ( .BOTH. , #2076 ) ;
#1182 = ORIENTED_EDGE ( 'NONE', *, *, #4216, .F. ) ;
#1183 = SURFACE_STYLE_USAGE ( .BOTH. , #4020 ) ;
#1184 = CARTESIAN_POINT ( 'NONE',  ( -1.183504595333482401, 2.364922731886182738, 1.983938745102451717 ) ) ;
#1185 = CARTESIAN_POINT ( 'NONE',  ( 2.466064488335655724, 2.500000000000000000, 3.378518974520784202 ) ) ;
#1186 = EDGE_CURVE ( 'NONE', #5326, #437, #1560, .T. ) ;
#1187 = CIRCLE ( 'NONE', #692, 0.2500000000000000000 ) ;
#1188 = VECTOR ( 'NONE', #5307, 1000.000000000000000 ) ;
#1189 = UNCERTAINTY_MEASURE_WITH_UNIT (LENGTH_MEASURE( 1.000000000000000082E-05 ), #5993, 'distance_accuracy_value', 'NONE');
#1190 = DIRECTION ( 'NONE',  ( 0.000000000000000000, 0.000000000000000000, 1.000000000000000000 ) ) ;
#1191 = DIRECTION ( 'NONE',  ( 0.000000000000000000, -1.000000000000000000, -0.000000000000000000 ) ) ;
#1192 = PRESENTATION_STYLE_ASSIGNMENT (( #1436 ) ) ;
#1193 = CARTESIAN_POINT ( 'NONE',  ( 1.295369829239445325, 2.351899467601400229, 1.910080143132081076 ) ) ;
#1194 = DIRECTION ( 'NONE',  ( 0.000000000000000000, 1.000000000000000000, 0.000000000000000000 ) ) ;
#1195 =( NAMED_UNIT ( * ) SI_UNIT ( $, .STERADIAN. ) SOLID_ANGLE_UNIT ( ) );
#1196 = PRESENTATION_LAYER_ASSIGNMENT (  '', '', ( #3619 ) ) ;
#1197 = CARTESIAN_POINT ( 'NONE',  ( 2.415813184596580676, 1.806908619139221184, 1.313905117247561982 ) ) ;
#1198 = CARTESIAN_POINT ( 'NONE',  ( 2.414693247259055209, 1.838761804358524765, 1.315964291346522819 ) ) ;
#1199 = CARTESIAN_POINT ( 'NONE',  ( 1.500000000000000000, 2.120000000000000107, 2.914213562373118016 ) ) ;
#1200 = ORIENTED_EDGE ( 'NONE', *, *, #1730, .T. ) ;
#1201 = PRESENTATION_LAYER_ASSIGNMENT (  '', '', ( #2868 ) ) ;
#1202 = DIRECTION ( 'NONE',  ( -0.000000000000000000, -1.000000000000000000, 0.000000000000000000 ) ) ;
#1203 = FACE_OUTER_BOUND ( 'NONE', #4777, .T. ) ;
#1204 = DIRECTION ( 'NONE',  ( 0.000000000000000000, 0.9848077530122092416, 0.1736481776669238364 ) ) ;
#1205 = DIRECTION ( 'NONE',  ( 0.6533483892010643057, 0.000000000000000000, 0.7570573837750841362 ) ) ;
#1206 =( GEOMETRIC_REPRESENTATION_CONTEXT ( 3 ) GLOBAL_UNCERTAINTY_ASSIGNED_CONTEXT ( ( #3991 ) ) GLOBAL_UNIT_ASSIGNED_CONTEXT ( ( #5125, #5991, #4169 ) ) REPRESENTATION_CONTEXT ( 'NONE', 'WORKASPACE' ) );
#1207 = ORIENTED_EDGE ( 'NONE', *, *, #1849, .F. ) ;
#1208 = CARTESIAN_POINT ( 'NONE',  ( -3.047059730934544408, -2.431386546445914565, 2.360873768274519779 ) ) ;
#1209 = EDGE_CURVE ( 'NONE', #5816, #5440, #4008, .T. ) ;
#1210 = CARTESIAN_POINT ( 'NONE',  ( -3.100000000000000089, -1.831857708001808360, 3.378504732217503914 ) ) ;
#1211 = EDGE_CURVE ( 'NONE', #5153, #1556, #905, .T. ) ;
#1212 = AXIS2_PLACEMENT_3D ( 'NONE', #1911, #5194, #2385 ) ;
#1214 = EDGE_CURVE ( 'NONE', #3253, #4720, #3943, .T. ) ;
#1213 = DIRECTION ( 'NONE',  ( 1.000000000000000000, 0.000000000000000000, 0.000000000000000000 ) ) ;
#1215 = FILL_AREA_STYLE ('',( #5892 ) ) ;
#1216 = CARTESIAN_POINT ( 'NONE',  ( -3.100000000000000089, -2.070094770110980420, 3.370000105193565521 ) ) ;
#1217 = CARTESIAN_POINT ( 'NONE',  ( 2.051543289325510333, 2.420068152335910661, 2.296683965534181748 ) ) ;
#1218 =( LENGTH_UNIT ( ) NAMED_UNIT ( * ) SI_UNIT ( .MILLI., .METRE. ) );
#1219 =( LENGTH_UNIT ( ) NAMED_UNIT ( * ) SI_UNIT ( .MILLI., .METRE. ) );
#1220 = PRESENTATION_STYLE_ASSIGNMENT (( #3335 ) ) ;
#1221 = CARTESIAN_POINT ( 'NONE',  ( 1.899999999999999911, 1.680000000000000160, 3.369999999999996110 ) ) ;
#1222 = DIRECTION ( 'NONE',  ( -0.000000000000000000, 0.000000000000000000, 1.000000000000000000 ) ) ;
#1223 = DIRECTION ( 'NONE',  ( 1.000000000000000000, 0.000000000000000000, 0.000000000000000000 ) ) ;
#1224 = DIRECTION ( 'NONE',  ( 1.000000000000000000, 0.000000000000000000, 0.000000000000000000 ) ) ;
#1225 = CYLINDRICAL_SURFACE ( 'NONE', #3753, 1.600000000000000311 ) ;
#1226 = SURFACE_STYLE_USAGE ( .BOTH. , #344 ) ;
#1227 = VECTOR ( 'NONE', #4683, 1000.000000000000000 ) ;
#1228 = DIRECTION ( 'NONE',  ( -0.000000000000000000, 0.000000000000000000, 1.000000000000000000 ) ) ;
#1229 =( GEOMETRIC_REPRESENTATION_CONTEXT ( 3 ) GLOBAL_UNCERTAINTY_ASSIGNED_CONTEXT ( ( #5552 ) ) GLOBAL_UNIT_ASSIGNED_CONTEXT ( ( #703, #3095, #3065 ) ) REPRESENTATION_CONTEXT ( 'NONE', 'WORKASPACE' ) );
#1230 = SURFACE_SIDE_STYLE ('',( #3279 ) ) ;
#1231 = CARTESIAN_POINT ( 'NONE',  ( 2.694239710061315130, 2.449950707958256313, 2.466156359958911359 ) ) ;
#1232 = SURFACE_SIDE_STYLE ('',( #2339 ) ) ;
#1233 = ORIENTED_EDGE ( 'NONE', *, *, #3754, .F. ) ;
#1234 = STYLED_ITEM ( 'NONE', ( #1983 ), #5297 ) ;
#1235 = VECTOR ( 'NONE', #3430, 1000.000000000000000 ) ;
#1236 = AXIS2_PLACEMENT_3D ( 'NONE', #3578, #5907, #4984 ) ;
#1237 =( NAMED_UNIT ( * ) PLANE_ANGLE_UNIT ( ) SI_UNIT ( $, .RADIAN. ) );
#1238 = SURFACE_STYLE_FILL_AREA ( #840 ) ;
#1239 = DIRECTION ( 'NONE',  ( 1.951563910473906403E-14, 0.000000000000000000, 1.000000000000000000 ) ) ;
#1240 = EDGE_LOOP ( 'NONE', ( #3274, #4191, #5545, #3959 ) ) ;
#1241 = CARTESIAN_POINT ( 'NONE',  ( 2.415813184596580232, 1.680000000000000160, 1.313905117247562204 ) ) ;
#1242 = CARTESIAN_POINT ( 'NONE',  ( -2.814834773518719135, -2.498078000085854455, 2.739099796829598699 ) ) ;
#1243 =( NAMED_UNIT ( * ) SI_UNIT ( $, .STERADIAN. ) SOLID_ANGLE_UNIT ( ) );
#1244 = CIRCLE ( 'NONE', #5992, 0.3800000000000001155 ) ;
#1245 = AXIS2_PLACEMENT_3D ( 'NONE', #2577, #3558, #5904 ) ;
#1246 = CARTESIAN_POINT ( 'NONE',  ( 1.889489953835950198, 2.509028115700822070, 2.801200988439480177 ) ) ;
#1247 = SURFACE_STYLE_FILL_AREA ( #5227 ) ;
#1248 = ORIENTED_EDGE ( 'NONE', *, *, #2715, .T. ) ;
#1249 = ORIENTED_EDGE ( 'NONE', *, *, #5082, .F. ) ;
#1250 = CIRCLE ( 'NONE', #155, 0.3800000000000001155 ) ;
#1251 = STYLED_ITEM ( 'NONE', ( #4579 ), #3687 ) ;
#1252 = VECTOR ( 'NONE', #41, 1000.000000000000000 ) ;
#1253 =( NAMED_UNIT ( * ) PLANE_ANGLE_UNIT ( ) SI_UNIT ( $, .RADIAN. ) );
#1254 = VERTEX_POINT ( 'NONE', #1661 ) ;
#1255 = UNCERTAINTY_MEASURE_WITH_UNIT (LENGTH_MEASURE( 1.000000000000000082E-05 ), #6067, 'distance_accuracy_value', 'NONE');
#1256 = EDGE_LOOP ( 'NONE', ( #663, #6017, #2648, #2370, #3090, #808 ) ) ;
#1257 = DIRECTION ( 'NONE',  ( 0.000000000000000000, 1.000000000000000000, 0.000000000000000000 ) ) ;
#1258 = FILL_AREA_STYLE_COLOUR ( '', #1357 ) ;
#1259 = ORIENTED_EDGE ( 'NONE', *, *, #654, .F. ) ;
#1260 = CARTESIAN_POINT ( 'NONE',  ( -1.899999999999999245, -1.679999999999999716, 2.914213562373119348 ) ) ;
#1261 = VECTOR ( 'NONE', #2934, 1000.000000000000000 ) ;
#1262 = MECHANICAL_DESIGN_GEOMETRIC_PRESENTATION_REPRESENTATION (  '', ( #941 ), #2209 ) ;
#1263 = CARTESIAN_POINT ( 'NONE',  ( -1.472502786035956301, -2.079214779670896629, 2.312753927028249556 ) ) ;
#1264 = CARTESIAN_POINT ( 'NONE',  ( -3.100000000000000089, -1.763970117382800629, 3.372184921315798167 ) ) ;
#1265 = EDGE_CURVE ( 'NONE', #3439, #1643, #2153, .T. ) ;
#1266 = ORIENTED_EDGE ( 'NONE', *, *, #2171, .F. ) ;
#1267 =( NAMED_UNIT ( * ) SI_UNIT ( $, .STERADIAN. ) SOLID_ANGLE_UNIT ( ) );
#1268 = PRESENTATION_LAYER_ASSIGNMENT (  '', '', ( #4115 ) ) ;
#1269 = DIRECTION ( 'NONE',  ( 5.188895745013400325E-16, -0.000000000000000000, 1.000000000000000000 ) ) ;
#1270 = FACE_OUTER_BOUND ( 'NONE', #1126, .T. ) ;
#1271 = LINE ( 'NONE', #798, #3128 ) ;
#1272 = DIRECTION ( 'NONE',  ( 0.000000000000000000, -0.000000000000000000, 1.000000000000000000 ) ) ;
#1273 = SURFACE_SIDE_STYLE ('',( #1065 ) ) ;
#1274 =( NAMED_UNIT ( * ) SI_UNIT ( $, .STERADIAN. ) SOLID_ANGLE_UNIT ( ) );
#1275 = ORIENTED_EDGE ( 'NONE', *, *, #3447, .F. ) ;
#1276 = EDGE_LOOP ( 'NONE', ( #4709, #4812, #4209, #529 ) ) ;
#1277 = CARTESIAN_POINT ( 'NONE',  ( 1.886860119110813416, 2.096522615059236205, 2.778770107690623270 ) ) ;
#1278 =( LENGTH_UNIT ( ) NAMED_UNIT ( * ) SI_UNIT ( .MILLI., .METRE. ) );
#1279 = AXIS2_PLACEMENT_3D ( 'NONE', #3214, #387, #4538 ) ;
#1280 = CARTESIAN_POINT ( 'NONE',  ( 2.686243987478284634, 1.299999999999982281, 3.733574561574627193 ) ) ;
#1281 = FACE_OUTER_BOUND ( 'NONE', #655, .T. ) ;
#1282 = CARTESIAN_POINT ( 'NONE',  ( -3.100000000000000533, -2.035747725268924224, 3.369999999999996998 ) ) ;
#1283 = CARTESIAN_POINT ( 'NONE',  ( -4.699999999999998401, 1.588484854837449722, -2.419459271066770167 ) ) ;
#1284 = CARTESIAN_POINT ( 'NONE',  ( -2.296039219456288194, -1.679999999999999716, 3.749999999999996447 ) ) ;
#1285 = PRESENTATION_STYLE_ASSIGNMENT (( #3481 ) ) ;
#1286 = ORIENTED_EDGE ( 'NONE', *, *, #4761, .T. ) ;
#1287 = CARTESIAN_POINT ( 'NONE',  ( -1.474603339546005198, -2.042256182757684169, 2.320706707119911893 ) ) ;
#1288 = AXIS2_PLACEMENT_3D ( 'NONE', #1542, #5705, #4770 ) ;
#1289 = CARTESIAN_POINT ( 'NONE',  ( -3.100000000000006750, -2.086243987478274775, 3.733574561574645401 ) ) ;
#1290 = CARTESIAN_POINT ( 'NONE',  ( 2.631370849898482689, 1.680000000000000160, 1.782842712474647540 ) ) ;
#1291 = CARTESIAN_POINT ( 'NONE',  ( 1.900000000000000133, 1.300000000000000044, 3.749999999999996447 ) ) ;
#1292 = CARTESIAN_POINT ( 'NONE',  ( 0.3600390530802792810, -2.023298562961186597, 2.750000000000000888 ) ) ;
#1293 = STYLED_ITEM ( 'NONE', ( #4692 ), #5357 ) ;
#1294 = CARTESIAN_POINT ( 'NONE',  ( -2.499999999999999556, -1.899999999999999689, 3.749999999999996447 ) ) ;
#1295 =( LENGTH_UNIT ( ) NAMED_UNIT ( * ) SI_UNIT ( .MILLI., .METRE. ) );
#1296 = FILL_AREA_STYLE ('',( #819 ) ) ;
#1297 = CARTESIAN_POINT ( 'NONE',  ( 2.622397903956783960, 1.958228451127392189, 1.420316375939672859 ) ) ;
#1298 = FILL_AREA_STYLE_COLOUR ( '', #1429 ) ;
#1299 = EDGE_CURVE ( 'NONE', #5934, #5871, #4951, .T. ) ;
#1300 = AXIS2_PLACEMENT_3D ( 'NONE', #2944, #4822, #128 ) ;
#1302 = EDGE_CURVE ( 'NONE', #5658, #4889, #3711, .T. ) ;
#1301 = CARTESIAN_POINT ( 'NONE',  ( 2.719999999999999751, 2.120000000000000107, 3.369999999999996110 ) ) ;
#1303 = DIRECTION ( 'NONE',  ( 0.000000000000000000, 0.000000000000000000, 1.000000000000000000 ) ) ;
#1304 = CARTESIAN_POINT ( 'NONE',  ( -1.610127732293950675, -1.987040080547285648, 2.458655869717830900 ) ) ;
#1305 = DIRECTION ( 'NONE',  ( 0.000000000000000000, 0.04763736882306901510, 0.9988646960883215131 ) ) ;
#1306 = CARTESIAN_POINT ( 'NONE',  ( -1.931240635154145124, -2.261416437936551560, 1.396925382009866601 ) ) ;
#1307 = DIRECTION ( 'NONE',  ( 5.188895745013400325E-16, 0.000000000000000000, 1.000000000000000000 ) ) ;
#1308 = CIRCLE ( 'NONE', #5775, 0.3800000000000001155 ) ;
#1309 = CARTESIAN_POINT ( 'NONE',  ( 2.759196719284779498, -2.066774502113905676, 0.2930561100434812549 ) ) ;
#1310 =( BOUNDED_CURVE ( )  B_SPLINE_CURVE ( 3, ( #2676, #2185, #5921, #5437 ),
 .UNSPECIFIED., .F., .T. ) 
 B_SPLINE_CURVE_WITH_KNOTS ( ( 4, 4 ),
 ( 1.739503001217856726, 2.356194490192336843 ),
 .UNSPECIFIED. ) 
 CURVE ( )  GEOMETRIC_REPRESENTATION_ITEM ( )  RATIONAL_B_SPLINE_CURVE ( ( 1.000000000000000000, 0.9685579410182000304, 0.9685579410182000304, 1.000000000000000000 ) ) 
 REPRESENTATION_ITEM ( '' )  );
#1311 =( NAMED_UNIT ( * ) PLANE_ANGLE_UNIT ( ) SI_UNIT ( $, .RADIAN. ) );
#1312 = CARTESIAN_POINT ( 'NONE',  ( -2.293024721980610803, -2.096742985080965571, 1.310340954907833755 ) ) ;
#1313 =( LENGTH_UNIT ( ) NAMED_UNIT ( * ) SI_UNIT ( .MILLI., .METRE. ) );
#1314 = STYLED_ITEM ( 'NONE', ( #4856 ), #8 ) ;
#1315 = VERTEX_POINT ( 'NONE', #2227 ) ;
#1316 = SURFACE_STYLE_FILL_AREA ( #2393 ) ;
#1317 = CIRCLE ( 'NONE', #395, 0.2499999999999997780 ) ;
#1318 = FILL_AREA_STYLE ('',( #422 ) ) ;
#1319 = EDGE_LOOP ( 'NONE', ( #1937, #1499, #2350, #2059 ) ) ;
#1320 = CIRCLE ( 'NONE', #5187, 0.2499999999999997780 ) ;
#1321 = CARTESIAN_POINT ( 'NONE',  ( 2.500000000000000000, 1.900000000000000133, 3.749999999999996447 ) ) ;
#1322 = CARTESIAN_POINT ( 'NONE',  ( -0.6549121124103677305, -2.489609106062052657, 2.691070312120194874 ) ) ;
#1323 = MECHANICAL_DESIGN_GEOMETRIC_PRESENTATION_REPRESENTATION (  '', ( #393 ), #5450 ) ;
#1324 =( NAMED_UNIT ( * ) PLANE_ANGLE_UNIT ( ) SI_UNIT ( $, .RADIAN. ) );
#1325 = AXIS2_PLACEMENT_3D ( 'NONE', #3524, #3561, #1190 ) ;
#1326 = ORIENTED_EDGE ( 'NONE', *, *, #2253, .F. ) ;
#1327 = DIRECTION ( 'NONE',  ( -0.7071067811865440200, 0.000000000000000000, -0.7071067811865512365 ) ) ;
#1328 =( LENGTH_UNIT ( ) NAMED_UNIT ( * ) SI_UNIT ( .MILLI., .METRE. ) );
#1329 = FACE_OUTER_BOUND ( 'NONE', #2165, .T. ) ;
#1330 = CIRCLE ( 'NONE', #1716, 0.3999999999999999667 ) ;
#1331 = PRESENTATION_STYLE_ASSIGNMENT (( #2619 ) ) ;
#1332 = CARTESIAN_POINT ( 'NONE',  ( 1.528407983352064514, 1.451797698973489315, 2.294122555283647724 ) ) ;
#1333 = ORIENTED_EDGE ( 'NONE', *, *, #2771, .F. ) ;
#1334 = CIRCLE ( 'NONE', #3668, 0.2999999999999999334 ) ;
#1335 = DIRECTION ( 'NONE',  ( -0.7071067811865515695, 0.000000000000000000, -0.7071067811865435759 ) ) ;
#1336 = CARTESIAN_POINT ( 'NONE',  ( 3.099999999999999645, 1.680000000000000160, 2.914213562373118016 ) ) ;
#1337 = DIRECTION ( 'NONE',  ( -5.188895745013400325E-16, 0.000000000000000000, -1.000000000000000000 ) ) ;
#1338 = EDGE_LOOP ( 'NONE', ( #5076, #3776, #5174 ) ) ;
#1339 = UNCERTAINTY_MEASURE_WITH_UNIT (LENGTH_MEASURE( 1.000000000000000082E-05 ), #5856, 'distance_accuracy_value', 'NONE');
#1340 = EDGE_CURVE ( 'NONE', #2798, #4765, #1271, .T. ) ;
#1341 =( GEOMETRIC_REPRESENTATION_CONTEXT ( 3 ) GLOBAL_UNCERTAINTY_ASSIGNED_CONTEXT ( ( #2465 ) ) GLOBAL_UNIT_ASSIGNED_CONTEXT ( ( #994, #3738, #1382 ) ) REPRESENTATION_CONTEXT ( 'NONE', 'WORKASPACE' ) );
#1342 = AXIS2_PLACEMENT_3D ( 'NONE', #5636, #4763, #1030 ) ;
#1343 = COLOUR_RGB ( '',1.000000000000000000, 1.000000000000000000, 1.000000000000000000 ) ;
#1344 = PRESENTATION_STYLE_ASSIGNMENT (( #4725 ) ) ;
#1345 =( NAMED_UNIT ( * ) PLANE_ANGLE_UNIT ( ) SI_UNIT ( $, .RADIAN. ) );
#1346 = EDGE_LOOP ( 'NONE', ( #768, #1779, #4341, #1545 ) ) ;
#1347 = CARTESIAN_POINT ( 'NONE',  ( 2.262718640089765199, 2.500000000000000000, 2.750933814518029319 ) ) ;
#1348 = CARTESIAN_POINT ( 'NONE',  ( -2.431931169875452881, -1.299999999999999600, 3.376561182389721694 ) ) ;
#1349 = CARTESIAN_POINT ( 'NONE',  ( -1.782842712474619784, -1.679999999999999716, 2.631370849898502229 ) ) ;
#1350 = CIRCLE ( 'NONE', #4719, 0.3800000000000001155 ) ;
#1351 = DIRECTION ( 'NONE',  ( -0.000000000000000000, -1.000000000000000000, 0.000000000000000000 ) ) ;
#1352 = CARTESIAN_POINT ( 'NONE',  ( 2.271172151325252297, 1.300000000000000044, 1.960045167603192695 ) ) ;
#1353 = ORIENTED_EDGE ( 'NONE', *, *, #4675, .T. ) ;
#1354 = CARTESIAN_POINT ( 'NONE',  ( 1.373244268038265270, 1.349181415301532239, 2.385066026287492758 ) ) ;
#1355 = DIRECTION ( 'NONE',  ( -1.000000000000000000, 0.000000000000000000, 0.000000000000000000 ) ) ;
#1356 = EDGE_LOOP ( 'NONE', ( #5974, #2636, #2136, #5457, #1925 ) ) ;
#1357 = COLOUR_RGB ( '',1.000000000000000000, 1.000000000000000000, 1.000000000000000000 ) ;
#1358 = ORIENTED_EDGE ( 'NONE', *, *, #3327, .F. ) ;
#1359 = SURFACE_SIDE_STYLE ('',( #1865 ) ) ;
#1360 = PRESENTATION_LAYER_ASSIGNMENT (  '', '', ( #2622 ) ) ;
#1361 = ADVANCED_FACE ( 'NONE', ( #248 ), #2982, .T. ) ;
#1362 = DIRECTION ( 'NONE',  ( -0.000000000000000000, -1.000000000000000000, -0.000000000000000000 ) ) ;
#1363 = DIRECTION ( 'NONE',  ( 1.000000000000000000, 0.000000000000000000, 0.000000000000000000 ) ) ;
#1364 = CARTESIAN_POINT ( 'NONE',  ( -1.433351036997312367, -1.972943487486413128, 2.385432565014466544 ) ) ;
#1365 = SURFACE_STYLE_USAGE ( .BOTH. , #2750 ) ;
#1366 = STYLED_ITEM ( 'NONE', ( #4332 ), #100 ) ;
#1367 =( NAMED_UNIT ( * ) PLANE_ANGLE_UNIT ( ) SI_UNIT ( $, .RADIAN. ) );
#1368 = STYLED_ITEM ( 'NONE', ( #5978 ), #2286 ) ;
#1369 = DIRECTION ( 'NONE',  ( 0.000000000000000000, 1.000000000000000000, 0.000000000000000000 ) ) ;
#1370 = FILL_AREA_STYLE_COLOUR ( '', #4404 ) ;
#1371 = AXIS2_PLACEMENT_3D ( 'NONE', #2315, #6003, #34 ) ;
#1372 = UNCERTAINTY_MEASURE_WITH_UNIT (LENGTH_MEASURE( 1.000000000000000082E-05 ), #3808, 'distance_accuracy_value', 'NONE');
#1373 = CARTESIAN_POINT ( 'NONE',  ( -2.394806245692561841, -1.954400172513836242, 1.303198234736732797 ) ) ;
#1374 = PRESENTATION_LAYER_ASSIGNMENT (  '', '', ( #5886 ) ) ;
#1375 = LINE ( 'NONE', #3737, #2483 ) ;
#1376 = CARTESIAN_POINT ( 'NONE',  ( -2.458655869717812692, -1.806908619139222072, 1.610127732293977987 ) ) ;
#1377 = FILL_AREA_STYLE ('',( #2143 ) ) ;
#1378 = SURFACE_SIDE_STYLE ('',( #335 ) ) ;
#1379 = FACE_OUTER_BOUND ( 'NONE', #5285, .T. ) ;
#1380 = EDGE_CURVE ( 'NONE', #1976, #6030, #5751, .T. ) ;
#1381 = CARTESIAN_POINT ( 'NONE',  ( 1.900000000000000577, 1.764252274731074932, 3.369999999999998330 ) ) ;
#1382 =( NAMED_UNIT ( * ) SI_UNIT ( $, .STERADIAN. ) SOLID_ANGLE_UNIT ( ) );
#1383 = CARTESIAN_POINT ( 'NONE',  ( -1.312243118066498404, -1.999052971881626339, 2.415759104704108040 ) ) ;
#1384 = UNCERTAINTY_MEASURE_WITH_UNIT (LENGTH_MEASURE( 1.000000000000000082E-05 ), #3768, 'distance_accuracy_value', 'NONE');
#1385 = CARTESIAN_POINT ( 'NONE',  ( 2.063761583719427417, 2.257558471120284960, 1.483801202852764511 ) ) ;
#1386 = CARTESIAN_POINT ( 'NONE',  ( -2.275499485198766436, -1.125857500160318825, 1.547875432928707662 ) ) ;
#1387 = DIRECTION ( 'NONE',  ( 0.000000000000000000, 0.000000000000000000, 1.000000000000000000 ) ) ;
#1388 = CARTESIAN_POINT ( 'NONE',  ( -2.431009438502576447, -2.020567925766615591, 1.582481301078741520 ) ) ;
#1389 = ADVANCED_FACE ( 'NONE', ( #597 ), #3497, .T. ) ;
#1390 =( GEOMETRIC_REPRESENTATION_CONTEXT ( 3 ) GLOBAL_UNCERTAINTY_ASSIGNED_CONTEXT ( ( #5622 ) ) GLOBAL_UNIT_ASSIGNED_CONTEXT ( ( #4122, #4502, #2723 ) ) REPRESENTATION_CONTEXT ( 'NONE', 'WORKASPACE' ) );
#1391 = CIRCLE ( 'NONE', #2436, 2.750000000000000444 ) ;
#1392 = PRESENTATION_STYLE_ASSIGNMENT (( #525 ) ) ;
#1393 = FILL_AREA_STYLE_COLOUR ( '', #2725 ) ;
#1394 = COLOUR_RGB ( '',1.000000000000000000, 1.000000000000000000, 1.000000000000000000 ) ;
#1395 = CARTESIAN_POINT ( 'NONE',  ( -2.445621208660145207, -1.958228451127391745, 1.597093071236310502 ) ) ;
#1396 = VECTOR ( 'NONE', #1269, 1000.000000000000000 ) ;
#1397 = SURFACE_SIDE_STYLE ('',( #5097 ) ) ;
#1398 = VECTOR ( 'NONE', #3529, 1000.000000000000000 ) ;
#1399 = PRESENTATION_LAYER_ASSIGNMENT (  '', '', ( #1509 ) ) ;
#1400 = VERTEX_POINT ( 'NONE', #2205 ) ;
#1401 = DIRECTION ( 'NONE',  ( -1.000000000000000000, 0.000000000000000000, 0.000000000000000000 ) ) ;
#1402 = CARTESIAN_POINT ( 'NONE',  ( -2.660860126413363780, -1.643906838420351235, 3.749999963075768328 ) ) ;
#1403 =( NAMED_UNIT ( * ) SI_UNIT ( $, .STERADIAN. ) SOLID_ANGLE_UNIT ( ) );
#1404 = EDGE_LOOP ( 'NONE', ( #914, #4071, #3431, #2826 ) ) ;
#1405 = CARTESIAN_POINT ( 'NONE',  ( 2.296039219456288194, 2.500000000000000000, 3.369999999999996110 ) ) ;
#1406 = ORIENTED_EDGE ( 'NONE', *, *, #2251, .F. ) ;
#1407 = COLOUR_RGB ( '',1.000000000000000000, 1.000000000000000000, 1.000000000000000000 ) ;
#1408 = STYLED_ITEM ( 'NONE', ( #4703 ), #2825 ) ;
#1409 = CIRCLE ( 'NONE', #2233, 0.3800000000000001155 ) ;
#1410 = DIRECTION ( 'NONE',  ( 0.000000000000000000, 1.000000000000000000, 0.000000000000000000 ) ) ;
#1411 = ORIENTED_EDGE ( 'NONE', *, *, #907, .F. ) ;
#1412 = UNCERTAINTY_MEASURE_WITH_UNIT (LENGTH_MEASURE( 1.000000000000000082E-05 ), #6054, 'distance_accuracy_value', 'NONE');
#1413 = EDGE_LOOP ( 'NONE', ( #2463, #2675, #4293, #2748 ) ) ;
#1414 = FILL_AREA_STYLE ('',( #1393 ) ) ;
#1415 = EDGE_CURVE ( 'NONE', #5678, #1948, #502, .T. ) ;
#1416 = AXIS2_PLACEMENT_3D ( 'NONE', #4701, #3784, #864 ) ;
#1417 = EDGE_CURVE ( 'NONE', #1976, #5247, #2248, .T. ) ;
#1418 = ORIENTED_EDGE ( 'NONE', *, *, #4477, .T. ) ;
#1419 = VECTOR ( 'NONE', #1650, 1000.000000000000000 ) ;
#1420 = COLOUR_RGB ( '',1.000000000000000000, 1.000000000000000000, 1.000000000000000000 ) ;
#1421 = DIRECTION ( 'NONE',  ( -0.000000000000000000, 1.000000000000000000, -0.000000000000000000 ) ) ;
#1422 = ADVANCED_FACE ( 'NONE', ( #2373 ), #739, .T. ) ;
#1423 = SURFACE_SIDE_STYLE ('',( #1928 ) ) ;
#1424 = CARTESIAN_POINT ( 'NONE',  ( 1.552303465686236894, 2.350118161266712136, 2.032494880443829643 ) ) ;
#1425 = SURFACE_STYLE_USAGE ( .BOTH. , #4643 ) ;
#1426 = CARTESIAN_POINT ( 'NONE',  ( -2.334346331546035103, -1.299999999999999600, 1.879329820249703076 ) ) ;
#1427 = FILL_AREA_STYLE_COLOUR ( '', #5127 ) ;
#1428 = FACE_OUTER_BOUND ( 'NONE', #2424, .T. ) ;
#1429 = COLOUR_RGB ( '',1.000000000000000000, 1.000000000000000000, 1.000000000000000000 ) ;
#1430 = SURFACE_STYLE_USAGE ( .BOTH. , #102 ) ;
#1431 = CARTESIAN_POINT ( 'NONE',  ( 1.433351036997314587, 2.500000000000000000, 2.635432565014465212 ) ) ;
#1432 = CARTESIAN_POINT ( 'NONE',  ( -2.415813184596579344, -1.679999999999999716, 1.313905117247563314 ) ) ;
#1433 = EDGE_LOOP ( 'NONE', ( #6027, #2121, #2737 ) ) ;
#1434 = CARTESIAN_POINT ( 'NONE',  ( 2.296039219456288194, 2.120000000000000107, 3.749999999999996447 ) ) ;
#1435 = EDGE_CURVE ( 'NONE', #4140, #901, #527, .T. ) ;
#1436 = SURFACE_STYLE_USAGE ( .BOTH. , #66 ) ;
#1437 = AXIS2_PLACEMENT_3D ( 'NONE', #3468, #3021, #4811 ) ;
#1438 = CARTESIAN_POINT ( 'NONE',  ( 1.894321100167401628, 2.120000000000000107, 2.847050551997083012 ) ) ;
#1439 = FILL_AREA_STYLE_COLOUR ( '', #3344 ) ;
#1440 = CARTESIAN_POINT ( 'NONE',  ( -2.719999999999999751, 0.000000000000000000, 3.749999999999996447 ) ) ;
#1441 = AXIS2_PLACEMENT_3D ( 'NONE', #4610, #5065, #2258 ) ;
#1442 = CARTESIAN_POINT ( 'NONE',  ( -2.405199522796683365, -1.900863014915504579, 1.310616467326896961 ) ) ;
#1443 = AXIS2_PLACEMENT_3D ( 'NONE', #884, #5985, #1363 ) ;
#1444 = CARTESIAN_POINT ( 'NONE',  ( 1.948250065270986875, 2.266710577729300624, 1.426639622264939122 ) ) ;
#1445 = DIRECTION ( 'NONE',  ( 9.486769009248155909E-16, 0.000000000000000000, -1.000000000000000000 ) ) ;
#1446 =( BOUNDED_SURFACE ( )  B_SPLINE_SURFACE ( 3, 2, ( 
 ( #225, #5860, #4036 ),
 ( #3546, #1654, #4490 ),
 ( #1668, #3590, #5916 ),
 ( #2195, #308, #2647 ) ),
 .UNSPECIFIED., .F., .F., .T. ) 
 B_SPLINE_SURFACE_WITH_KNOTS ( ( 4, 4 ),
 ( 3, 3 ),
 ( 3.926990816987248945, 4.595680073641909225 ),
 ( 0.000000000000000000, 1.000000000000000000 ),
 .UNSPECIFIED. ) 
 GEOMETRIC_REPRESENTATION_ITEM ( )  RATIONAL_B_SPLINE_SURFACE ( (
 ( 1.000000000000000000, 0.6622734314582733317, 1.000000000000000000),
 ( 1.000000000000000000, 0.6725967838014702549, 1.000000000000000000),
 ( 1.000000000000000000, 0.6861874216617289690, 1.000000000000000000),
 ( 1.000000000000000000, 0.6999213125244696521, 1.000000000000000000) ) ) 
 REPRESENTATION_ITEM ( '' )  SURFACE ( )  );
#1447 = FILL_AREA_STYLE_COLOUR ( '', #515 ) ;
#1448 = CARTESIAN_POINT ( 'NONE',  ( 2.375707591527767892, -1.762909356963046514, -1.430248763265845158 ) ) ;
#1449 = CARTESIAN_POINT ( 'NONE',  ( 1.879305949945837328, 1.300000000000000044, 2.334365014323571241 ) ) ;
#1450 = DIRECTION ( 'NONE',  ( 0.000000000000000000, 1.000000000000000000, 0.000000000000000000 ) ) ;
#1451 = EDGE_CURVE ( 'NONE', #4492, #4413, #3282, .T. ) ;
#1452 = ADVANCED_FACE ( 'NONE', ( #4791 ), #1623, .F. ) ;
#1453 = SURFACE_SIDE_STYLE ('',( #3033 ) ) ;
#1454 = B_SPLINE_CURVE_WITH_KNOTS ( 'NONE', 3,
 ( #2932, #2513, #4386, #4866, #5231, #3857 ),
 .UNSPECIFIED., .F., .F.,
 ( 4, 2, 4 ),
 ( 0.000000000000000000, 0.0002044523773157524136, 0.0004089047546315048272 ),
 .UNSPECIFIED. ) ;
#1455 = CARTESIAN_POINT ( 'NONE',  ( 1.367693104860235875, 1.360906949487498130, 2.388141799113514097 ) ) ;
#1456 = MECHANICAL_DESIGN_GEOMETRIC_PRESENTATION_REPRESENTATION (  '', ( #2604 ), #3483 ) ;
#1457 = FACE_OUTER_BOUND ( 'NONE', #5859, .T. ) ;
#1458 = MECHANICAL_DESIGN_GEOMETRIC_PRESENTATION_REPRESENTATION (  '', ( #3998 ), #1575 ) ;
#1459 = VERTEX_POINT ( 'NONE', #1808 ) ;
#1460 = UNCERTAINTY_MEASURE_WITH_UNIT (LENGTH_MEASURE( 1.000000000000000082E-05 ), #1597, 'distance_accuracy_value', 'NONE');
#1461 = CARTESIAN_POINT ( 'NONE',  ( 1.894321100167401628, 2.120000000000000107, 2.847050551997083012 ) ) ;
#1462 = AXIS2_PLACEMENT_3D ( 'NONE', #347, #2207, #5527 ) ;
#1463 = DIRECTION ( 'NONE',  ( -0.000000000000000000, 1.000000000000000000, 0.000000000000000000 ) ) ;
#1464 = CARTESIAN_POINT ( 'NONE',  ( -1.499999999999999556, -1.679999999999999716, 2.914213562373118904 ) ) ;
#1465 = SURFACE_SIDE_STYLE ('',( #4836 ) ) ;
#1466 = CARTESIAN_POINT ( 'NONE',  ( -2.326552506016132060, -1.679999999999999050, 1.478024368592295579 ) ) ;
#1467 = ORIENTED_EDGE ( 'NONE', *, *, #1415, .T. ) ;
#1468 = CARTESIAN_POINT ( 'NONE',  ( 1.899999999999999911, 1.300000000000000044, 3.369999999999996110 ) ) ;
#1469 = DIRECTION ( 'NONE',  ( 1.000000000000000000, 0.000000000000000000, 0.000000000000000000 ) ) ;
#1470 =( NAMED_UNIT ( * ) PLANE_ANGLE_UNIT ( ) SI_UNIT ( $, .RADIAN. ) );
#1471 = PRESENTATION_STYLE_ASSIGNMENT (( #4304 ) ) ;
#1472 =( LENGTH_UNIT ( ) NAMED_UNIT ( * ) SI_UNIT ( .MILLI., .METRE. ) );
#1473 = ORIENTED_EDGE ( 'NONE', *, *, #1415, .F. ) ;
#1474 = COLOUR_RGB ( '',1.000000000000000000, 1.000000000000000000, 1.000000000000000000 ) ;
#1475 = FACE_OUTER_BOUND ( 'NONE', #524, .T. ) ;
#1476 = ORIENTED_EDGE ( 'NONE', *, *, #501, .T. ) ;
#1477 = ORIENTED_EDGE ( 'NONE', *, *, #2801, .T. ) ;
#1478 = ORIENTED_EDGE ( 'NONE', *, *, #3967, .T. ) ;
#1479 = MECHANICAL_DESIGN_GEOMETRIC_PRESENTATION_REPRESENTATION (  '', ( #1368 ), #5771 ) ;
#1480 =( LENGTH_UNIT ( ) NAMED_UNIT ( * ) SI_UNIT ( .MILLI., .METRE. ) );
#1481 = CARTESIAN_POINT ( 'NONE',  ( 0.000000000000000000, 1.194561753632566115, -2.350000000000000533 ) ) ;
#1482 = ORIENTED_EDGE ( 'NONE', *, *, #5905, .T. ) ;
#1483 = FACE_OUTER_BOUND ( 'NONE', #5729, .T. ) ;
#1484 = CARTESIAN_POINT ( 'NONE',  ( 1.949428769691558871, 2.272670996996120962, 1.460753158192229728 ) ) ;
#1485 = CARTESIAN_POINT ( 'NONE',  ( 2.053963782479305333, 2.236409894394210340, 1.363074354547475942 ) ) ;
#1486 = ORIENTED_EDGE ( 'NONE', *, *, #2889, .F. ) ;
#1487 = TOROIDAL_SURFACE ( 'NONE', #1149, 3.000000000000000000, 0.2500000000000000000 ) ;
#1488 = CARTESIAN_POINT ( 'NONE',  ( 1.899999999999999467, 2.103960780543711717, 3.749999999999996003 ) ) ;
#1489 = B_SPLINE_CURVE_WITH_KNOTS ( 'NONE', 3,
 ( #332, #3586, #3623, #3915 ),
 .UNSPECIFIED., .F., .F.,
 ( 4, 4 ),
 ( 0.000000000000000000, 2.616238409045350155E-05 ),
 .UNSPECIFIED. ) ;
#1490 = CARTESIAN_POINT ( 'NONE',  ( -0.3076697362686048876, 1.588484854838563942, -2.419459271060452554 ) ) ;
#1491 = COLOUR_RGB ( '',1.000000000000000000, 1.000000000000000000, 1.000000000000000000 ) ;
#1492 = LINE ( 'NONE', #4415, #4504 ) ;
#1493 = DIRECTION ( 'NONE',  ( -0.7071067811865440200, 0.000000000000000000, -0.7071067811865512365 ) ) ;
#1494 = EDGE_CURVE ( 'NONE', #4560, #153, #3051, .T. ) ;
#1495 = PRESENTATION_LAYER_ASSIGNMENT (  '', '', ( #3216 ) ) ;
#1496 = FACE_OUTER_BOUND ( 'NONE', #3420, .T. ) ;
#1497 = CARTESIAN_POINT ( 'NONE',  ( 2.067412531086735061, 2.458748870250907270, 2.787883077392250275 ) ) ;
#1498 =( NAMED_UNIT ( * ) SI_UNIT ( $, .STERADIAN. ) SOLID_ANGLE_UNIT ( ) );
#1499 = ORIENTED_EDGE ( 'NONE', *, *, #2174, .F. ) ;
#1500 =( NAMED_UNIT ( * ) SI_UNIT ( $, .STERADIAN. ) SOLID_ANGLE_UNIT ( ) );
#1501 =( NAMED_UNIT ( * ) SI_UNIT ( $, .STERADIAN. ) SOLID_ANGLE_UNIT ( ) );
#1502 = DIRECTION ( 'NONE',  ( 0.7071067811865435759, 0.000000000000000000, 0.7071067811865515695 ) ) ;
#1503 = CARTESIAN_POINT ( 'NONE',  ( -2.051543289325509889, -1.299999999999999600, 2.362670273047615677 ) ) ;
#1504 = DIRECTION ( 'NONE',  ( 0.000000000000000000, 0.000000000000000000, 1.000000000000000000 ) ) ;
#1505 = EDGE_CURVE ( 'NONE', #2512, #3839, #6036, .T. ) ;
#1506 = ADVANCED_FACE ( 'NONE', ( #4429 ), #5230, .F. ) ;
#1507 = VERTEX_POINT ( 'NONE', #1461 ) ;
#1508 = CARTESIAN_POINT ( 'NONE',  ( 1.899999999999999689, 1.968068830124547475, 3.376561182389721694 ) ) ;
#1509 = STYLED_ITEM ( 'NONE', ( #4066 ), #1818 ) ;
#1510 =( NAMED_UNIT ( * ) PLANE_ANGLE_UNIT ( ) SI_UNIT ( $, .RADIAN. ) );
#1511 = CARTESIAN_POINT ( 'NONE',  ( -2.077469055718583313, -2.211915627859471822, 1.116192337763370235 ) ) ;
#1512 = CARTESIAN_POINT ( 'NONE',  ( -1.610127732293950453, -1.972943487486412684, 2.458655869717830900 ) ) ;
#1513 = MECHANICAL_DESIGN_GEOMETRIC_PRESENTATION_REPRESENTATION (  '', ( #2868 ), #36 ) ;
#1514 = CARTESIAN_POINT ( 'NONE',  ( 3.051183118436941566, 2.070726680471674186, 2.375969953892478781 ) ) ;
#1515 = UNCERTAINTY_MEASURE_WITH_UNIT (LENGTH_MEASURE( 1.000000000000000082E-05 ), #3313, 'distance_accuracy_value', 'NONE');
#1516 = FILL_AREA_STYLE_COLOUR ( '', #1523 ) ;
#1517 = AXIS2_PLACEMENT_3D ( 'NONE', #5534, #5088, #4647 ) ;
#1518 = DIRECTION ( 'NONE',  ( 0.000000000000000000, 0.000000000000000000, -1.000000000000000000 ) ) ;
#1519 = CARTESIAN_POINT ( 'NONE',  ( 2.221167486204757680, 2.150950398059369828, 1.324293550155013044 ) ) ;
#1520 = SURFACE_SIDE_STYLE ('',( #5363 ) ) ;
#1521 = SURFACE_STYLE_USAGE ( .BOTH. , #569 ) ;
#1522 = CIRCLE ( 'NONE', #1300, 0.3800000000000001155 ) ;
#1523 = COLOUR_RGB ( '',1.000000000000000000, 1.000000000000000000, 1.000000000000000000 ) ;
#1524 = DIRECTION ( 'NONE',  ( 0.000000000000000000, 1.000000000000000000, 0.000000000000000000 ) ) ;
#1525 = COLOUR_RGB ( '',1.000000000000000000, 1.000000000000000000, 1.000000000000000000 ) ;
#1526 = CARTESIAN_POINT ( 'NONE',  ( 1.900000000000007017, 1.855871511874248370, 3.685384098565845701 ) ) ;
#1527 = B_SPLINE_CURVE_WITH_KNOTS ( 'NONE', 3,
 ( #3658, #3679, #1424, #2367, #4766, #6073, #31, #2893 ),
 .UNSPECIFIED., .F., .F.,
 ( 4, 2, 2, 4 ),
 ( -5.143428946220757467E-06, 0.0004360278238718700498, 0.0006566134502809160790, 0.0008771990766899620540 ),
 .UNSPECIFIED. ) ;
#1528 = ADVANCED_FACE ( 'NONE', ( #1483 ), #5191, .T. ) ;
#1529 = EDGE_CURVE ( 'NONE', #1254, #4419, #1043, .T. ) ;
#1530 = EDGE_LOOP ( 'NONE', ( #472, #2071, #5293 ) ) ;
#1531 =( NAMED_UNIT ( * ) PLANE_ANGLE_UNIT ( ) SI_UNIT ( $, .RADIAN. ) );
#1532 = CARTESIAN_POINT ( 'NONE',  ( -1.899999999999999245, -1.763947153235503329, 3.372183489019747071 ) ) ;
#1533 = CARTESIAN_POINT ( 'NONE',  ( -2.719999999999999751, -2.500000000000000000, 3.369999999999996110 ) ) ;
#1534 =( LENGTH_UNIT ( ) NAMED_UNIT ( * ) SI_UNIT ( .MILLI., .METRE. ) );
#1535 = ADVANCED_FACE ( 'NONE', ( #3490 ), #94, .T. ) ;
#1536 = FILL_AREA_STYLE_COLOUR ( '', #1058 ) ;
#1537 = EDGE_LOOP ( 'NONE', ( #719, #4279, #2510, #1769, #5589 ) ) ;
#1538 = SURFACE_STYLE_USAGE ( .BOTH. , #2961 ) ;
#1539 = SURFACE_SIDE_STYLE ('',( #2785 ) ) ;
#1540 = DIRECTION ( 'NONE',  ( 1.000000000000000000, 0.000000000000000000, -7.132909029509895711E-17 ) ) ;
#1541 = VERTEX_POINT ( 'NONE', #4227 ) ;
#1542 = CARTESIAN_POINT ( 'NONE',  ( 2.719999999999999751, 1.300000000000000044, 3.369999999999996110 ) ) ;
#1543 = ORIENTED_EDGE ( 'NONE', *, *, #2801, .F. ) ;
#1544 = DIRECTION ( 'NONE',  ( 0.000000000000000000, 0.000000000000000000, 1.000000000000000000 ) ) ;
#1545 = ORIENTED_EDGE ( 'NONE', *, *, #4477, .F. ) ;
#1546 = SURFACE_STYLE_FILL_AREA ( #329 ) ;
#1547 = COLOUR_RGB ( '',1.000000000000000000, 1.000000000000000000, 1.000000000000000000 ) ;
#1548 = ORIENTED_EDGE ( 'NONE', *, *, #1962, .T. ) ;
#1549 = VERTEX_POINT ( 'NONE', #944 ) ;
#1550 = ORIENTED_EDGE ( 'NONE', *, *, #2806, .T. ) ;
#1551 = CARTESIAN_POINT ( 'NONE',  ( 3.100000000000000089, 1.944128488125762555, 3.685384098565851918 ) ) ;
#1552 = DIRECTION ( 'NONE',  ( -5.188895745013400325E-16, 0.000000000000000000, -1.000000000000000000 ) ) ;
#1553 = MECHANICAL_DESIGN_GEOMETRIC_PRESENTATION_REPRESENTATION (  '', ( #2705 ), #2192 ) ;
#1554 = UNCERTAINTY_MEASURE_WITH_UNIT (LENGTH_MEASURE( 1.000000000000000082E-05 ), #1313, 'distance_accuracy_value', 'NONE');
#1555 = AXIS2_PLACEMENT_3D ( 'NONE', #4121, #4558, #3187 ) ;
#1556 = VERTEX_POINT ( 'NONE', #2849 ) ;
#1557 = CARTESIAN_POINT ( 'NONE',  ( 2.500000000000000000, 1.900000000000000133, 3.749999999999996447 ) ) ;
#1558 = CARTESIAN_POINT ( 'NONE',  ( -2.279999999999999361, -2.103960780543710829, 3.749999999999996447 ) ) ;
#1559 = DIRECTION ( 'NONE',  ( -0.7016738431598604775, -0.1237240302064794989, -0.7016738431598671388 ) ) ;
#1560 = CIRCLE ( 'NONE', #124, 0.3800000000000001155 ) ;
#1561 = SURFACE_STYLE_FILL_AREA ( #1318 ) ;
#1562 = ORIENTED_EDGE ( 'NONE', *, *, #1929, .F. ) ;
#1563 = STYLED_ITEM ( 'NONE', ( #3378 ), #6038 ) ;
#1564 = DIRECTION ( 'NONE',  ( 0.000000000000000000, 0.000000000000000000, -1.000000000000000000 ) ) ;
#1565 = SURFACE_STYLE_USAGE ( .BOTH. , #125 ) ;
#1566 = PRESENTATION_LAYER_ASSIGNMENT (  '', '', ( #5982 ) ) ;
#1567 = ORIENTED_EDGE ( 'NONE', *, *, #5282, .F. ) ;
#1568 = ADVANCED_FACE ( 'NONE', ( #3559 ), #820, .T. ) ;
#1569 = UNCERTAINTY_MEASURE_WITH_UNIT (LENGTH_MEASURE( 1.000000000000000082E-05 ), #1042, 'distance_accuracy_value', 'NONE');
#1570 = CARTESIAN_POINT ( 'NONE',  ( -2.296039219456288194, -2.500000000000000000, 3.369999999999996110 ) ) ;
#1571 = FACE_OUTER_BOUND ( 'NONE', #4254, .T. ) ;
#1572 = CARTESIAN_POINT ( 'NONE',  ( 2.756093161579651341, 2.060860126413358362, 3.749999963075767884 ) ) ;
#1573 = CARTESIAN_POINT ( 'NONE',  ( -2.329905229889017715, -2.500000000000000000, 3.370000105193565521 ) ) ;
#1574 = ORIENTED_EDGE ( 'NONE', *, *, #2327, .F. ) ;
#1575 =( GEOMETRIC_REPRESENTATION_CONTEXT ( 3 ) GLOBAL_UNCERTAINTY_ASSIGNED_CONTEXT ( ( #5965 ) ) GLOBAL_UNIT_ASSIGNED_CONTEXT ( ( #1778, #4666, #5062 ) ) REPRESENTATION_CONTEXT ( 'NONE', 'WORKASPACE' ) );
#1576 = EDGE_CURVE ( 'NONE', #2583, #4788, #3700, .T. ) ;
#1577 = AXIS2_PLACEMENT_3D ( 'NONE', #3105, #3418, #4110 ) ;
#1578 =( LENGTH_UNIT ( ) NAMED_UNIT ( * ) SI_UNIT ( .MILLI., .METRE. ) );
#1579 = CARTESIAN_POINT ( 'NONE',  ( -1.899999999999999467, -1.696039219456288105, 3.749999999999996447 ) ) ;
#1580 = CARTESIAN_POINT ( 'NONE',  ( -1.947039446228330695, -1.757867387332117781, -1.458843193968921703 ) ) ;
#1581 = CARTESIAN_POINT ( 'NONE',  ( -2.362670273047592584, -1.679999999999999716, 2.051543289325536090 ) ) ;
#1582 = ORIENTED_EDGE ( 'NONE', *, *, #4672, .T. ) ;
#1583 = CARTESIAN_POINT ( 'NONE',  ( 2.278450415799071482, 1.363944286127257044, -1.625874803396127000 ) ) ;
#1584 = CARTESIAN_POINT ( 'NONE',  ( 2.703960780543711362, 1.680000000000000160, 3.369999999999996110 ) ) ;
#1585 = FILL_AREA_STYLE ('',( #2581 ) ) ;
#1586 = SURFACE_SIDE_STYLE ('',( #3416 ) ) ;
#1587 = DIRECTION ( 'NONE',  ( 1.000000000000000000, 0.000000000000000000, -5.188895745013400325E-16 ) ) ;
#1588 = STYLED_ITEM ( 'NONE', ( #1066 ), #1903 ) ;
#1589 = FILL_AREA_STYLE_COLOUR ( '', #3050 ) ;
#1590 =( BOUNDED_CURVE ( )  B_SPLINE_CURVE ( 3, ( #3412, #5323, #1514, #3929 ),
 .UNSPECIFIED., .F., .F. ) 
 B_SPLINE_CURVE_WITH_KNOTS ( ( 4, 4 ),
 ( 3.926990816987246280, 4.604831002340171509 ),
 .UNSPECIFIED. ) 
 CURVE ( )  GEOMETRIC_REPRESENTATION_ITEM ( )  RATIONAL_B_SPLINE_CURVE ( ( 1.000000000000000000, 0.9620761672608969528, 0.9620761672608969528, 1.000000000000000000 ) ) 
 REPRESENTATION_ITEM ( '' )  );
#1591 = CARTESIAN_POINT ( 'NONE',  ( -1.419805093539477481, 2.435466684635786638, 2.384013381815774935 ) ) ;
#1592 = PRESENTATION_LAYER_ASSIGNMENT (  '', '', ( #266 ) ) ;
#1593 = SURFACE_SIDE_STYLE ('',( #5271 ) ) ;
#1594 = SURFACE_SIDE_STYLE ('',( #3502 ) ) ;
#1595 = COLOUR_RGB ( '',1.000000000000000000, 1.000000000000000000, 1.000000000000000000 ) ;
#1596 = CARTESIAN_POINT ( 'NONE',  ( -3.113764165809499662, -2.123419242873898494, 2.802637182087451606 ) ) ;
#1597 =( LENGTH_UNIT ( ) NAMED_UNIT ( * ) SI_UNIT ( .MILLI., .METRE. ) );
#1598 = AXIS2_PLACEMENT_3D ( 'NONE', #2620, #4029, #4483 ) ;
#1599 = CARTESIAN_POINT ( 'NONE',  ( -2.703960780543710918, -1.679999999999999716, 3.749999999999996447 ) ) ;
#1600 = PRESENTATION_STYLE_ASSIGNMENT (( #3073 ) ) ;
#1601 =( NAMED_UNIT ( * ) PLANE_ANGLE_UNIT ( ) SI_UNIT ( $, .RADIAN. ) );
#1602 = EDGE_LOOP ( 'NONE', ( #2078, #1867, #2586, #921 ) ) ;
#1603 = EDGE_CURVE ( 'NONE', #310, #1688, #5660, .T. ) ;
#1604 = CARTESIAN_POINT ( 'NONE',  ( 2.800015747792319321, 1.946275210590514559, 3.750000000356337182 ) ) ;
#1605 = STYLED_ITEM ( 'NONE', ( #2859 ), #3878 ) ;
#1606 = EDGE_CURVE ( 'NONE', #153, #2295, #4423, .T. ) ;
#1607 = CARTESIAN_POINT ( 'NONE',  ( -2.636029882617202613, -2.500000000000000000, 3.372184921315798167 ) ) ;
#1608 = COLOUR_RGB ( '',1.000000000000000000, 1.000000000000000000, 1.000000000000000000 ) ;
#1609 = FILL_AREA_STYLE ('',( #1589 ) ) ;
#1610 = EDGE_LOOP ( 'NONE', ( #2364, #4915, #18, #6050 ) ) ;
#1611 = CARTESIAN_POINT ( 'NONE',  ( 1.328559273075405667, 2.224830101553473938, 2.308576615047569280 ) ) ;
#1612 = LINE ( 'NONE', #1468, #3336 ) ;
#1613 = CARTESIAN_POINT ( 'NONE',  ( -2.695802937302049340, 2.130524589332112750, 0.6546008206832808485 ) ) ;
#1614 =( LENGTH_UNIT ( ) NAMED_UNIT ( * ) SI_UNIT ( .MILLI., .METRE. ) );
#1615 = COLOUR_RGB ( '',1.000000000000000000, 1.000000000000000000, 1.000000000000000000 ) ;
#1616 = ORIENTED_EDGE ( 'NONE', *, *, #1576, .T. ) ;
#1617 = CARTESIAN_POINT ( 'NONE',  ( 2.130810716481306599, 2.321813085419477396, 1.739451790845671475 ) ) ;
#1618 = ORIENTED_EDGE ( 'NONE', *, *, #5743, .T. ) ;
#1619 = EDGE_CURVE ( 'NONE', #1643, #1682, #1409, .T. ) ;
#1620 = DIRECTION ( 'NONE',  ( 0.000000000000000000, 0.000000000000000000, -1.000000000000000000 ) ) ;
#1621 = ORIENTED_EDGE ( 'NONE', *, *, #821, .T. ) ;
#1622 = VERTEX_POINT ( 'NONE', #3332 ) ;
#1623 = CYLINDRICAL_SURFACE ( 'NONE', #265, 0.2500000000000000000 ) ;
#1624 = CARTESIAN_POINT ( 'NONE',  ( -1.607529992821276288, -2.089614208624059444, 2.456058130245157400 ) ) ;
#1625 = MECHANICAL_DESIGN_GEOMETRIC_PRESENTATION_REPRESENTATION (  '', ( #3579 ), #5099 ) ;
#1626 = UNCERTAINTY_MEASURE_WITH_UNIT (LENGTH_MEASURE( 1.000000000000000082E-05 ), #5376, 'distance_accuracy_value', 'NONE');
#1627 = ORIENTED_EDGE ( 'NONE', *, *, #367, .F. ) ;
#1628 = SURFACE_STYLE_USAGE ( .BOTH. , #3965 ) ;
#1629 = CARTESIAN_POINT ( 'NONE',  ( -2.313756012521727801, -2.500000000000007550, 3.733574561574641848 ) ) ;
#1630 = AXIS2_PLACEMENT_3D ( 'NONE', #5769, #4846, #5294 ) ;
#1631 = SURFACE_STYLE_FILL_AREA ( #10 ) ;
#1632 = CARTESIAN_POINT ( 'NONE',  ( 1.310626595474604361, 2.141712356523456151, 2.381874811610782405 ) ) ;
#1633 = DIRECTION ( 'NONE',  ( 0.000000000000000000, -0.1736481776669238364, 0.9848077530122092416 ) ) ;
#1634 = DIRECTION ( 'NONE',  ( -0.000000000000000000, -1.000000000000000000, 0.000000000000000000 ) ) ;
#1635 = CIRCLE ( 'NONE', #5228, 0.3800000000000001155 ) ;
#1636 = VERTEX_POINT ( 'NONE', #2422 ) ;
#1637 = CARTESIAN_POINT ( 'NONE',  ( -1.727973032657216468, 2.398008061664750556, 2.171574974371548450 ) ) ;
#1638 = SURFACE_STYLE_USAGE ( .BOTH. , #1593 ) ;
#1639 = STYLED_ITEM ( 'NONE', ( #5149 ), #2471 ) ;
#1640 = CARTESIAN_POINT ( 'NONE',  ( 2.660830130809083816, 2.156101294245082123, 3.749999963139773129 ) ) ;
#1641 =( NAMED_UNIT ( * ) SI_UNIT ( $, .STERADIAN. ) SOLID_ANGLE_UNIT ( ) );
#1642 = FACE_OUTER_BOUND ( 'NONE', #5152, .T. ) ;
#1643 = VERTEX_POINT ( 'NONE', #4272 ) ;
#1644 = PRESENTATION_STYLE_ASSIGNMENT (( #4577 ) ) ;
#1645 = VECTOR ( 'NONE', #629, 1000.000000000000000 ) ;
#1646 = CARTESIAN_POINT ( 'NONE',  ( 2.364015685209132300, 1.300000000000000044, 3.369999999999996998 ) ) ;
#1647 = EDGE_CURVE ( 'NONE', #2919, #5804, #2740, .T. ) ;
#1648 = AXIS2_PLACEMENT_3D ( 'NONE', #2569, #1202, #249 ) ;
#1649 = AXIS2_PLACEMENT_3D ( 'NONE', #2250, #2721, #6037 ) ;
#1650 = DIRECTION ( 'NONE',  ( 0.000000000000000000, 0.000000000000000000, 1.000000000000000000 ) ) ;
#1651 = VERTEX_POINT ( 'NONE', #4313 ) ;
#1652 = DIRECTION ( 'NONE',  ( 0.000000000000000000, 0.000000000000000000, 1.000000000000000000 ) ) ;
#1653 = SURFACE_SIDE_STYLE ('',( #5207 ) ) ;
#1654 = CARTESIAN_POINT ( 'NONE',  ( -1.808474227700714421, -2.480690444936100914, 2.640490071421593754 ) ) ;
#1655 = CARTESIAN_POINT ( 'NONE',  ( 1.496939041224879086, 2.322276459780240998, 1.742079717433544506 ) ) ;
#1656 = SURFACE_SIDE_STYLE ('',( #2571 ) ) ;
#1657 = CARTESIAN_POINT ( 'NONE',  ( -2.601985819494618823, -2.324282701931332351, 1.753457682070785006 ) ) ;
#1658 =( NAMED_UNIT ( * ) PLANE_ANGLE_UNIT ( ) SI_UNIT ( $, .RADIAN. ) );
#1659 = CARTESIAN_POINT ( 'NONE',  ( 2.296039219456288638, 1.300000000000000044, 3.369999999999996110 ) ) ;
#1660 = VECTOR ( 'NONE', #1893, 1000.000000000000000 ) ;
#1661 = CARTESIAN_POINT ( 'NONE',  ( 2.200000000000000178, 1.900000000000000133, 37.75000000000000000 ) ) ;
#1662 = FILL_AREA_STYLE ('',( #4505 ) ) ;
#1663 = CARTESIAN_POINT ( 'NONE',  ( 3.100000000000000089, 1.300000000000000044, 3.369999999999996110 ) ) ;
#1664 =( NAMED_UNIT ( * ) PLANE_ANGLE_UNIT ( ) SI_UNIT ( $, .RADIAN. ) );
#1665 = PRESENTATION_STYLE_ASSIGNMENT (( #203 ) ) ;
#1666 = CARTESIAN_POINT ( 'NONE',  ( 2.051543289325510333, 2.045841206191270967, 2.362670273047612568 ) ) ;
#1667 = AXIS2_PLACEMENT_3D ( 'NONE', #5102, #911, #2228 ) ;
#1668 = CARTESIAN_POINT ( 'NONE',  ( -1.886860119110816747, -2.096522615059135397, 2.778770107690665014 ) ) ;
#1669 = DIRECTION ( 'NONE',  ( 0.000000000000000000, -0.000000000000000000, 1.000000000000000000 ) ) ;
#1670 = DIRECTION ( 'NONE',  ( 1.000000000000000000, 0.000000000000000000, 0.000000000000000000 ) ) ;
#1671 = PRESENTATION_STYLE_ASSIGNMENT (( #3535 ) ) ;
#1672 = CARTESIAN_POINT ( 'NONE',  ( -2.325783511471961607, -1.878839352128911733, 1.477255374048169978 ) ) ;
#1673 = SURFACE_STYLE_FILL_AREA ( #695 ) ;
#1674 = MECHANICAL_DESIGN_GEOMETRIC_PRESENTATION_REPRESENTATION (  '', ( #230 ), #5143 ) ;
#1675 =( NAMED_UNIT ( * ) PLANE_ANGLE_UNIT ( ) SI_UNIT ( $, .RADIAN. ) );
#1676 = ORIENTED_EDGE ( 'NONE', *, *, #1739, .T. ) ;
#1677 = CARTESIAN_POINT ( 'NONE',  ( 2.431931169875453325, 1.300000000000000044, 3.376561182389721694 ) ) ;
#1678 = VECTOR ( 'NONE', #2827, 1000.000000000000000 ) ;
#1679 = AXIS2_PLACEMENT_3D ( 'NONE', #3153, #2175, #1685 ) ;
#1680 = FACE_OUTER_BOUND ( 'NONE', #5087, .T. ) ;
#1681 = DIRECTION ( 'NONE',  ( 0.000000000000000000, 1.000000000000000000, 0.000000000000000000 ) ) ;
#1682 = VERTEX_POINT ( 'NONE', #1336 ) ;
#1683 = CARTESIAN_POINT ( 'NONE',  ( 1.515858947548729185, 1.957976286444523595, 2.316481762605896222 ) ) ;
#1684 = FACE_OUTER_BOUND ( 'NONE', #2137, .T. ) ;
#1685 = DIRECTION ( 'NONE',  ( 1.000000000000000000, 0.000000000000000000, 0.000000000000000000 ) ) ;
#1686 = PRESENTATION_STYLE_ASSIGNMENT (( #5263 ) ) ;
#1687 =( NAMED_UNIT ( * ) PLANE_ANGLE_UNIT ( ) SI_UNIT ( $, .RADIAN. ) );
#1688 = VERTEX_POINT ( 'NONE', #2679 ) ;
#1689 = ORIENTED_EDGE ( 'NONE', *, *, #4460, .T. ) ;
#1690 = CARTESIAN_POINT ( 'NONE',  ( -2.719999999999999307, -2.103960780543711717, 3.749999999999996447 ) ) ;
#1691 = EDGE_CURVE ( 'NONE', #1991, #2441, #660, .T. ) ;
#1692 = ORIENTED_EDGE ( 'NONE', *, *, #2141, .T. ) ;
#1693 = SURFACE_SIDE_STYLE ('',( #93 ) ) ;
#1694 = MECHANICAL_DESIGN_GEOMETRIC_PRESENTATION_REPRESENTATION (  '', ( #2538 ), #208 ) ;
#1695 = SURFACE_SIDE_STYLE ('',( #445 ) ) ;
#1696 = EDGE_LOOP ( 'NONE', ( #323, #4875, #1689, #3350, #4374, #4224 ) ) ;
#1697 = CARTESIAN_POINT ( 'NONE',  ( 1.607788239373875383, 2.077531047340340553, 2.456316376797752277 ) ) ;
#1698 = VERTEX_POINT ( 'NONE', #1012 ) ;
#1699 = SPHERICAL_SURFACE ( 'NONE', #5646, 0.3800000000000000044 ) ;
#1700 = CARTESIAN_POINT ( 'NONE',  ( 1.846103277496103257, 2.067592567837368556, 2.694631414919981705 ) ) ;
#1701 = PRESENTATION_STYLE_ASSIGNMENT (( #861 ) ) ;
#1702 = DIRECTION ( 'NONE',  ( 0.000000000000000000, 1.000000000000000000, 0.000000000000000000 ) ) ;
#1703 = CARTESIAN_POINT ( 'NONE',  ( 2.411344882540272572, 1.300000000000000266, 3.692892036792947863 ) ) ;
#1704 = EDGE_LOOP ( 'NONE', ( #5005, #4478, #4489, #1358, #2301, #5392, #1548, #2587 ) ) ;
#1705 = EDGE_LOOP ( 'NONE', ( #4781, #5826, #3121, #2249 ) ) ;
#1706 = COLOUR_RGB ( '',1.000000000000000000, 1.000000000000000000, 1.000000000000000000 ) ;
#1707 = FILL_AREA_STYLE ('',( #3012 ) ) ;
#1708 = UNCERTAINTY_MEASURE_WITH_UNIT (LENGTH_MEASURE( 1.000000000000000082E-05 ), #2915, 'distance_accuracy_value', 'NONE');
#1709 = CIRCLE ( 'NONE', #423, 0.3800000000000001155 ) ;
#1710 = SURFACE_STYLE_USAGE ( .BOTH. , #5045 ) ;
#1711 = ORIENTED_EDGE ( 'NONE', *, *, #742, .F. ) ;
#1712 = CARTESIAN_POINT ( 'NONE',  ( 3.066215660611799176, 2.075723144754716198, 2.413132389363812802 ) ) ;
#1713 = SURFACE_STYLE_FILL_AREA ( #4827 ) ;
#1714 = CARTESIAN_POINT ( 'NONE',  ( -1.309240395240093946, -2.124060035304450977, 2.390361252816636028 ) ) ;
#1715 = PRESENTATION_STYLE_ASSIGNMENT (( #2312 ) ) ;
#1716 = AXIS2_PLACEMENT_3D ( 'NONE', #536, #1955, #2900 ) ;
#1717 = CARTESIAN_POINT ( 'NONE',  ( -3.100000000000000089, -1.831931169875449461, 3.376561182389721694 ) ) ;
#1718 =( NAMED_UNIT ( * ) PLANE_ANGLE_UNIT ( ) SI_UNIT ( $, .RADIAN. ) );
#1719 = COLOUR_RGB ( '',1.000000000000000000, 1.000000000000000000, 1.000000000000000000 ) ;
#1720 = FILL_AREA_STYLE_COLOUR ( '', #526 ) ;
#1721 = PRESENTATION_STYLE_ASSIGNMENT (( #5515 ) ) ;
#1722 = CARTESIAN_POINT ( 'NONE',  ( 1.500000000000000000, 2.500000000000000000, 2.914213562373118016 ) ) ;
#1723 = CARTESIAN_POINT ( 'NONE',  ( -2.320281731729003205, -1.914238292759049331, 1.471753594305166279 ) ) ;
#1724 = SURFACE_STYLE_FILL_AREA ( #2682 ) ;
#1725 = MECHANICAL_DESIGN_GEOMETRIC_PRESENTATION_REPRESENTATION (  '', ( #1408 ), #2677 ) ;
#1726 = ORIENTED_EDGE ( 'NONE', *, *, #2715, .F. ) ;
#1727 = CARTESIAN_POINT ( 'NONE',  ( 2.273790285802768540, 2.500000000000000000, 2.750000000000000444 ) ) ;
#1728 = FILL_AREA_STYLE ('',( #5926 ) ) ;
#1729 = CARTESIAN_POINT ( 'NONE',  ( 2.280000000000000249, 1.300000000000000044, 3.369999999999996110 ) ) ;
#1730 = EDGE_CURVE ( 'NONE', #2358, #4064, #4285, .T. ) ;
#1731 =( GEOMETRIC_REPRESENTATION_CONTEXT ( 3 ) GLOBAL_UNCERTAINTY_ASSIGNED_CONTEXT ( ( #713 ) ) GLOBAL_UNIT_ASSIGNED_CONTEXT ( ( #5249, #1111, #4352 ) ) REPRESENTATION_CONTEXT ( 'NONE', 'WORKASPACE' ) );
#1732 = EDGE_CURVE ( 'NONE', #4788, #5302, #5697, .T. ) ;
#1733 =( NAMED_UNIT ( * ) SI_UNIT ( $, .STERADIAN. ) SOLID_ANGLE_UNIT ( ) );
#1734 = CARTESIAN_POINT ( 'NONE',  ( -1.494080355202549004, -2.336408964933773369, 1.822049364076087308 ) ) ;
#1735 = DIRECTION ( 'NONE',  ( 1.000000000000000000, 0.000000000000000000, 0.000000000000000000 ) ) ;
#1736 = DIRECTION ( 'NONE',  ( 0.000000000000000000, 1.000000000000000000, 0.000000000000000000 ) ) ;
#1737 = DIRECTION ( 'NONE',  ( 1.000000000000000000, 0.000000000000000000, -0.000000000000000000 ) ) ;
#1738 = CARTESIAN_POINT ( 'NONE',  ( 2.269285443776596356, 1.118648245366244964, 1.557132149313660507 ) ) ;
#1739 = EDGE_CURVE ( 'NONE', #2965, #2862, #503, .T. ) ;
#1740 = SURFACE_SIDE_STYLE ('',( #311 ) ) ;
#1741 = LINE ( 'NONE', #3423, #3747 ) ;
#1742 = CARTESIAN_POINT ( 'NONE',  ( 2.296039219456288638, 1.300000000000000044, 3.369999999999996110 ) ) ;
#1743 = PRESENTATION_STYLE_ASSIGNMENT (( #53 ) ) ;
#1744 =( LENGTH_UNIT ( ) NAMED_UNIT ( * ) SI_UNIT ( .MILLI., .METRE. ) );
#1745 = PRESENTATION_LAYER_ASSIGNMENT (  '', '', ( #4824 ) ) ;
#1746 = CARTESIAN_POINT ( 'NONE',  ( -1.476985497751827525, -2.284161921480845514, 2.122936195164457640 ) ) ;
#1747 = EDGE_LOOP ( 'NONE', ( #4519, #4556, #5512, #6026 ) ) ;
#1748 =( GEOMETRIC_REPRESENTATION_CONTEXT ( 3 ) GLOBAL_UNCERTAINTY_ASSIGNED_CONTEXT ( ( #1189 ) ) GLOBAL_UNIT_ASSIGNED_CONTEXT ( ( #5993, #1781, #5535 ) ) REPRESENTATION_CONTEXT ( 'NONE', 'WORKASPACE' ) );
#1749 = CARTESIAN_POINT ( 'NONE',  ( -3.100000000000000089, -1.865914902230887185, 3.378513995163106909 ) ) ;
#1750 =( GEOMETRIC_REPRESENTATION_CONTEXT ( 3 ) GLOBAL_UNCERTAINTY_ASSIGNED_CONTEXT ( ( #3317 ) ) GLOBAL_UNIT_ASSIGNED_CONTEXT ( ( #2353, #1470, #1941 ) ) REPRESENTATION_CONTEXT ( 'NONE', 'WORKASPACE' ) );
#1751 = FILL_AREA_STYLE_COLOUR ( '', #3192 ) ;
#1752 = FILL_AREA_STYLE_COLOUR ( '', #3988 ) ;
#1753 = CARTESIAN_POINT ( 'NONE',  ( 1.384952186028550747, -1.970999630681261827, 2.402912572112792855 ) ) ;
#1754 = PRESENTATION_LAYER_ASSIGNMENT (  '', '', ( #3588 ) ) ;
#1755 = VECTOR ( 'NONE', #3377, 1000.000000000000000 ) ;
#1756 = SURFACE_STYLE_FILL_AREA ( #3176 ) ;
#1757 = AXIS2_PLACEMENT_3D ( 'NONE', #1119, #2983, #2041 ) ;
#1758 =( BOUNDED_SURFACE ( )  B_SPLINE_SURFACE ( 3, 2, ( 
 ( #2467, #1161, #4906 ),
 ( #5378, #720, #1697 ),
 ( #1152, #2594, #2134 ),
 ( #1611, #5843, #4057 ),
 ( #227, #4933, #749 ),
 ( #664, #4437, #684 ),
 ( #3549, #3060, #251 ),
 ( #3569, #4493, #2629 ),
 ( #5899, #2099, #3532 ),
 ( #209, #1655, #4039 ) ),
 .UNSPECIFIED., .F., .F., .F. ) 
 B_SPLINE_SURFACE_WITH_KNOTS ( ( 4, 2, 2, 2, 4 ),
 ( 3, 3 ),
 ( 2.710505431213761085E-20, 0.0003065909123240195301, 0.0006131818246480390602, 0.0009197727369720585903, 0.001226363649296078120 ),
 ( 0.000000000000000000, 1.000000000000000000 ),
 .UNSPECIFIED. ) 
 GEOMETRIC_REPRESENTATION_ITEM ( )  RATIONAL_B_SPLINE_SURFACE ( (
 ( 1.000000000000000000, 0.7996203632984812959, 1.000000000000000000),
 ( 1.000000000000000000, 0.7924251178707039101, 1.000000000000000000),
 ( 1.000000000000000000, 0.8034072541557459868, 1.000000000000000000),
 ( 1.000000000000000000, 0.8456296425962246399, 1.000000000000000000),
 ( 1.000000000000000000, 0.8759949474203083675, 1.000000000000000000),
 ( 1.000000000000000000, 0.9309413785954692155, 1.000000000000000000),
 ( 1.000000000000000000, 0.9559659733923273617, 1.000000000000000000),
 ( 1.000000000000000000, 0.9901640819542880667, 1.000000000000000000),
 ( 1.000000000000000000, 1.000066114546756202, 1.000000000000000000),
 ( 1.000000000000000000, 1.000000000000000000, 1.000000000000000000) ) ) 
 REPRESENTATION_ITEM ( '' )  SURFACE ( )  );
#1759 =( NAMED_UNIT ( * ) PLANE_ANGLE_UNIT ( ) SI_UNIT ( $, .RADIAN. ) );
#1760 = ORIENTED_EDGE ( 'NONE', *, *, #4799, .F. ) ;
#1761 = CARTESIAN_POINT ( 'NONE',  ( 2.294176566084576763, 1.451950297511069854, 1.528326567952189130 ) ) ;
#1762 = CARTESIAN_POINT ( 'NONE',  ( -3.089831069899500182, -2.218644917490439461, 2.733905286383377931 ) ) ;
#1763 = CARTESIAN_POINT ( 'NONE',  ( 2.280000000000000249, 0.000000000000000000, 3.749999999999996447 ) ) ;
#1764 = EDGE_CURVE ( 'NONE', #4593, #4140, #2140, .T. ) ;
#1765 = CARTESIAN_POINT ( 'NONE',  ( 2.296039219456288638, 1.300000000000000044, 3.369999999999996110 ) ) ;
#1766 = EDGE_LOOP ( 'NONE', ( #2546, #725, #316, #2505 ) ) ;
#1767 = FACE_OUTER_BOUND ( 'NONE', #5767, .T. ) ;
#1768 =( NAMED_UNIT ( * ) SI_UNIT ( $, .STERADIAN. ) SOLID_ANGLE_UNIT ( ) );
#1769 = ORIENTED_EDGE ( 'NONE', *, *, #2018, .F. ) ;
#1770 = EDGE_LOOP ( 'NONE', ( #2870, #4079, #512, #2213 ) ) ;
#1771 = CARTESIAN_POINT ( 'NONE',  ( 0.000000000000000000, 2.500000000000000000, 0.000000000000000000 ) ) ;
#1772 = CARTESIAN_POINT ( 'NONE',  ( -2.631370849898482689, -1.990981124534628055, 1.782842712474649316 ) ) ;
#1773 = ORIENTED_EDGE ( 'NONE', *, *, #4343, .T. ) ;
#1774 = SURFACE_STYLE_USAGE ( .BOTH. , #3641 ) ;
#1775 = COLOUR_RGB ( '',1.000000000000000000, 1.000000000000000000, 1.000000000000000000 ) ;
#1776 = AXIS2_PLACEMENT_3D ( 'NONE', #2256, #1351, #4627 ) ;
#1777 = CARTESIAN_POINT ( 'NONE',  ( 1.610127730998033746, 1.987048061223397388, 2.458655868421910640 ) ) ;
#1778 =( LENGTH_UNIT ( ) NAMED_UNIT ( * ) SI_UNIT ( .MILLI., .METRE. ) );
#1779 = ORIENTED_EDGE ( 'NONE', *, *, #3101, .F. ) ;
#1780 = CARTESIAN_POINT ( 'NONE',  ( 1.313905117247538223, 1.680000000000000160, 2.415813184596593555 ) ) ;
#1781 =( NAMED_UNIT ( * ) PLANE_ANGLE_UNIT ( ) SI_UNIT ( $, .RADIAN. ) );
#1782 = CARTESIAN_POINT ( 'NONE',  ( 2.500000000000000000, 1.900000000000000133, 3.749999999999996447 ) ) ;
#1783 = FILL_AREA_STYLE_COLOUR ( '', #1 ) ;
#1784 = DIRECTION ( 'NONE',  ( 0.000000000000000000, 1.000000000000000000, -0.000000000000000000 ) ) ;
#1785 = CARTESIAN_POINT ( 'NONE',  ( -2.445621208660145207, -1.958228451127391745, 1.597093071236310724 ) ) ;
#1786 =( NAMED_UNIT ( * ) PLANE_ANGLE_UNIT ( ) SI_UNIT ( $, .RADIAN. ) );
#1787 = VECTOR ( 'NONE', #4704, 1000.000000000000000 ) ;
#1788 = VECTOR ( 'NONE', #6047, 1000.000000000000000 ) ;
#1789 = UNCERTAINTY_MEASURE_WITH_UNIT (LENGTH_MEASURE( 1.000000000000000082E-05 ), #2746, 'distance_accuracy_value', 'NONE');
#1790 = VECTOR ( 'NONE', #3835, 1000.000000000000000 ) ;
#1791 = MECHANICAL_DESIGN_GEOMETRIC_PRESENTATION_REPRESENTATION (  '', ( #2622 ), #5676 ) ;
#1792 = ADVANCED_FACE ( 'NONE', ( #237 ), #1115, .T. ) ;
#1793 = FILL_AREA_STYLE ('',( #1298 ) ) ;
#1794 = DIRECTION ( 'NONE',  ( -1.000000000000000000, 0.000000000000000000, 0.000000000000000000 ) ) ;
#1795 = CARTESIAN_POINT ( 'NONE',  ( 2.280000000000000249, 2.120000000000000107, 3.749999999999996447 ) ) ;
#1796 = CIRCLE ( 'NONE', #1325, 0.3800000000000001155 ) ;
#1797 = ORIENTED_EDGE ( 'NONE', *, *, #4845, .T. ) ;
#1798 = CARTESIAN_POINT ( 'NONE',  ( -1.496939041224877975, -2.322276459780242330, 1.742079717433545838 ) ) ;
#1799 = SURFACE_STYLE_FILL_AREA ( #217 ) ;
#1800 = FILL_AREA_STYLE_COLOUR ( '', #4555 ) ;
#1801 = AXIS2_PLACEMENT_3D ( 'NONE', #2851, #2428, #4297 ) ;
#1802 = VERTEX_POINT ( 'NONE', #1097 ) ;
#1803 = CARTESIAN_POINT ( 'NONE',  ( -1.934779197844342935, -2.272129361046208995, 1.457681388076646378 ) ) ;
#1804 = CARTESIAN_POINT ( 'NONE',  ( -2.244196098499166681, -2.135534550465152837, 1.319511396551227733 ) ) ;
#1805 = CARTESIAN_POINT ( 'NONE',  ( 2.251808660694806896, 2.469466974948795190, 2.576838610129165819 ) ) ;
#1806 = MECHANICAL_DESIGN_GEOMETRIC_PRESENTATION_REPRESENTATION (  '', ( #4878 ), #3522 ) ;
#1807 = CARTESIAN_POINT ( 'NONE',  ( -2.799999999999999378, -1.899999999999999689, 3.749999999999996447 ) ) ;
#1808 = CARTESIAN_POINT ( 'NONE',  ( -2.199999999999999734, -1.899999999999999689, 3.749999999999996447 ) ) ;
#1809 = CARTESIAN_POINT ( 'NONE',  ( 1.899999999999999911, 2.103960780543711717, 3.369999999999996110 ) ) ;
#1810 = EDGE_CURVE ( 'NONE', #4634, #2965, #2223, .T. ) ;
#1811 = PRESENTATION_LAYER_ASSIGNMENT (  '', '', ( #1178 ) ) ;
#1812 = PLANE ( 'NONE',  #3718 ) ;
#1813 = CARTESIAN_POINT ( 'NONE',  ( -2.314080124404404248, -1.663273992654533906, 3.749999999999996447 ) ) ;
#1814 = DIRECTION ( 'NONE',  ( 1.000000000000000000, 0.000000000000000000, 0.000000000000000000 ) ) ;
#1815 = CARTESIAN_POINT ( 'NONE',  ( 2.362670273047593472, 2.365208070679267305, 1.985556981812102384 ) ) ;
#1816 = CARTESIAN_POINT ( 'NONE',  ( 1.690003487495342460, -1.940286830905585402, 2.199083809030669467 ) ) ;
#1817 = CARTESIAN_POINT ( 'NONE',  ( 1.610127742796361394, 1.578618756858878314, 2.458655880220237400 ) ) ;
#1818 = ADVANCED_FACE ( 'NONE', ( #3266 ), #2584, .T. ) ;
#1819 =( BOUNDED_SURFACE ( )  B_SPLINE_SURFACE ( 3, 2, ( 
 ( #5987, #4644, #1284 ),
 ( #5060, #5123, #1813 ),
 ( #4567, #5529, #5047 ),
 ( #1348, #4622, #2292 ),
 ( #2774, #6044, #3257 ),
 ( #5960, #6078, #1894 ),
 ( #4230, #3337, #1858 ),
 ( #2791, #4249, #1402 ),
 ( #2815, #3297, #5642 ),
 ( #6064, #33, #3819 ) ),
 .UNSPECIFIED., .F., .F., .T. ) 
 B_SPLINE_SURFACE_WITH_KNOTS ( ( 4, 2, 2, 2, 4 ),
 ( 3, 3 ),
 ( 0.0006473904975842597860, 0.0007487887945849651134, 0.0008501870915856703324, 0.0009515853885863756597, 0.001052983685587080987 ),
 ( 0.000000000000000000, 1.000000000000000000 ),
 .UNSPECIFIED. ) 
 GEOMETRIC_REPRESENTATION_ITEM ( )  RATIONAL_B_SPLINE_SURFACE ( (
 ( 1.000000000000000000, 0.7071067811865476838, 1.000000000000000000),
 ( 1.000000000000000000, 0.7226631380906479718, 1.000000000000000000),
 ( 1.000000000000000000, 0.7400659817844413846, 1.000000000000000000),
 ( 1.000000000000000000, 0.7680643551607723163, 1.000000000000000000),
 ( 1.000000000000000000, 0.7779732589884388316, 1.000000000000000000),
 ( 1.000000000000000000, 0.7779999221212968719, 1.000000000000000000),
 ( 1.000000000000000000, 0.7681014171511523214, 1.000000000000000000),
 ( 1.000000000000000000, 0.7400591673475928056, 1.000000000000000000),
 ( 1.000000000000000000, 0.7226381619579861360, 1.000000000000000000),
 ( 1.000000000000000000, 0.7071067811865471286, 1.000000000000000000) ) ) 
 REPRESENTATION_ITEM ( '' )  SURFACE ( )  );
#1820 = CARTESIAN_POINT ( 'NONE',  ( -2.320281731729003205, -1.914238292759047999, 1.471753594305166279 ) ) ;
#1821 = EDGE_CURVE ( 'NONE', #1948, #3852, #1330, .T. ) ;
#1822 = ORIENTED_EDGE ( 'NONE', *, *, #3560, .T. ) ;
#1823 = FILL_AREA_STYLE ('',( #411 ) ) ;
#1824 = ORIENTED_EDGE ( 'NONE', *, *, #4067, .F. ) ;
#1825 = STYLED_ITEM ( 'NONE', ( #887 ), #1535 ) ;
#1826 = DIRECTION ( 'NONE',  ( 1.000000000000000000, 0.000000000000000000, 0.000000000000000000 ) ) ;
#1827 = VECTOR ( 'NONE', #196, 1000.000000000000000 ) ;
#1828 = CARTESIAN_POINT ( 'NONE',  ( -3.100000000000000089, -1.299999999999999600, 3.749999999999996447 ) ) ;
#1829 = COLOUR_RGB ( '',1.000000000000000000, 1.000000000000000000, 1.000000000000000000 ) ;
#1830 = FILL_AREA_STYLE ('',( #5083 ) ) ;
#1831 = SURFACE_STYLE_FILL_AREA ( #61 ) ;
#1832 = CARTESIAN_POINT ( 'NONE',  ( -1.552371932677503619, -2.419567804003456057, 2.293846349133005891 ) ) ;
#1833 =( GEOMETRIC_REPRESENTATION_CONTEXT ( 3 ) GLOBAL_UNCERTAINTY_ASSIGNED_CONTEXT ( ( #3589 ) ) GLOBAL_UNIT_ASSIGNED_CONTEXT ( ( #3421, #5279, #2478 ) ) REPRESENTATION_CONTEXT ( 'NONE', 'WORKASPACE' ) );
#1834 = CARTESIAN_POINT ( 'NONE',  ( 0.000000000000000000, -1.049999999999999378, 0.000000000000000000 ) ) ;
#1835 = ORIENTED_EDGE ( 'NONE', *, *, #4773, .F. ) ;
#1836 = FACE_OUTER_BOUND ( 'NONE', #1404, .T. ) ;
#1837 = PRESENTATION_LAYER_ASSIGNMENT (  '', '', ( #1639 ) ) ;
#1838 = PRESENTATION_STYLE_ASSIGNMENT (( #2692 ) ) ;
#1839 = FACE_OUTER_BOUND ( 'NONE', #1904, .T. ) ;
#1840 = ORIENTED_EDGE ( 'NONE', *, *, #5979, .T. ) ;
#1841 = ORIENTED_EDGE ( 'NONE', *, *, #2063, .F. ) ;
#1842 = EDGE_CURVE ( 'NONE', #3654, #5291, #5073, .T. ) ;
#1843 = COLOUR_RGB ( '',1.000000000000000000, 1.000000000000000000, 1.000000000000000000 ) ;
#1844 = DIRECTION ( 'NONE',  ( 0.7071067811865435759, 0.000000000000000000, -0.7071067811865515695 ) ) ;
#1845 = ORIENTED_EDGE ( 'NONE', *, *, #3750, .T. ) ;
#1846 = EDGE_CURVE ( 'NONE', #183, #2529, #3841, .T. ) ;
#1847 = EDGE_LOOP ( 'NONE', ( #4211, #1711, #4858, #3351, #5243 ) ) ;
#1848 = AXIS2_PLACEMENT_3D ( 'NONE', #2181, #3604, #2672 ) ;
#1849 = EDGE_CURVE ( 'NONE', #841, #5310, #4448, .T. ) ;
#1850 = COLOUR_RGB ( '',1.000000000000000000, 1.000000000000000000, 1.000000000000000000 ) ;
#1851 = DIRECTION ( 'NONE',  ( -0.000000000000000000, -1.000000000000000000, 0.000000000000000000 ) ) ;
#1852 = ADVANCED_FACE ( 'NONE', ( #4658 ), #682, .F. ) ;
#1853 = DIRECTION ( 'NONE',  ( 1.000000000000000000, 0.000000000000000000, 0.000000000000000000 ) ) ;
#1854 =( LENGTH_UNIT ( ) NAMED_UNIT ( * ) SI_UNIT ( .MILLI., .METRE. ) );
#1855 = EDGE_LOOP ( 'NONE', ( #2656, #5347, #1562, #1333, #5594 ) ) ;
#1856 =( NAMED_UNIT ( * ) PLANE_ANGLE_UNIT ( ) SI_UNIT ( $, .RADIAN. ) );
#1857 = ORIENTED_EDGE ( 'NONE', *, *, #367, .T. ) ;
#1858 = CARTESIAN_POINT ( 'NONE',  ( -2.591541582993710513, -1.611764789098122375, 3.750000036924224567 ) ) ;
#1859 = FILL_AREA_STYLE_COLOUR ( '', #4116 ) ;
#1860 = SURFACE_SIDE_STYLE ('',( #2234 ) ) ;
#1861 =( NAMED_UNIT ( * ) PLANE_ANGLE_UNIT ( ) SI_UNIT ( $, .RADIAN. ) );
#1862 = CARTESIAN_POINT ( 'NONE',  ( 1.879217073171676411, -1.748204514414503974, -1.513644069471864029 ) ) ;
#1863 = SURFACE_STYLE_USAGE ( .BOTH. , #80 ) ;
#1864 = LINE ( 'NONE', #5577, #4292 ) ;
#1865 = SURFACE_STYLE_FILL_AREA ( #1377 ) ;
#1866 = CARTESIAN_POINT ( 'NONE',  ( -2.270086633725974412, -2.500000000000000000, 2.750000000000000444 ) ) ;
#1867 = ORIENTED_EDGE ( 'NONE', *, *, #3639, .T. ) ;
#1868 = CARTESIAN_POINT ( 'NONE',  ( -1.899999999999999245, -2.103960780543710829, 3.369999999999996110 ) ) ;
#1869 = STYLED_ITEM ( 'NONE', ( #3906 ), #4742 ) ;
#1870 = EDGE_LOOP ( 'NONE', ( #687, #5516, #2949 ) ) ;
#1871 = DIRECTION ( 'NONE',  ( -0.000000000000000000, -1.000000000000000000, 0.000000000000000000 ) ) ;
#1872 = PRESENTATION_LAYER_ASSIGNMENT (  '', '', ( #2705 ) ) ;
#1873 = CARTESIAN_POINT ( 'NONE',  ( 4.699999999999998401, -2.417221664167203965, 2.280540728933230898 ) ) ;
#1874 = AXIS2_PLACEMENT_3D ( 'NONE', #5836, #706, #2527 ) ;
#1875 = SURFACE_SIDE_STYLE ('',( #3530 ) ) ;
#1876 = CARTESIAN_POINT ( 'NONE',  ( -2.279999999999999361, -2.120000000000000107, 3.749999999999996447 ) ) ;
#1877 = AXIS2_PLACEMENT_3D ( 'NONE', #3006, #5299, #5773 ) ;
#1878 = CARTESIAN_POINT ( 'NONE',  ( 1.808392587802123197, 2.267473959965859542, 1.431279296566627668 ) ) ;
#1879 = CARTESIAN_POINT ( 'NONE',  ( -1.433351036997312367, -1.972943487486412684, 2.635432565014466544 ) ) ;
#1880 = CARTESIAN_POINT ( 'NONE',  ( 2.402912572024155757, -1.400246366315456070, -1.384952186242537797 ) ) ;
#1881 = CARTESIAN_POINT ( 'NONE',  ( 2.799999999999999822, 1.900000000000000133, 3.749999999999996447 ) ) ;
#1882 =( NAMED_UNIT ( * ) SI_UNIT ( $, .STERADIAN. ) SOLID_ANGLE_UNIT ( ) );
#1883 = ADVANCED_FACE ( 'NONE', ( #917 ), #4160, .T. ) ;
#1884 = AXIS2_PLACEMENT_3D ( 'NONE', #4855, #5793, #4027 ) ;
#1885 =( GEOMETRIC_REPRESENTATION_CONTEXT ( 3 ) GLOBAL_UNCERTAINTY_ASSIGNED_CONTEXT ( ( #3204 ) ) GLOBAL_UNIT_ASSIGNED_CONTEXT ( ( #4606, #2254, #425 ) ) REPRESENTATION_CONTEXT ( 'NONE', 'WORKASPACE' ) );
#1886 = LINE ( 'NONE', #2346, #4382 ) ;
#1887 = CARTESIAN_POINT ( 'NONE',  ( 2.200000000000000178, 1.900000000000000133, 3.749999999999996447 ) ) ;
#1888 = CARTESIAN_POINT ( 'NONE',  ( -1.960045167603169380, -1.049999999999999600, 2.271172151325272281 ) ) ;
#1889 =( NAMED_UNIT ( * ) SI_UNIT ( $, .STERADIAN. ) SOLID_ANGLE_UNIT ( ) );
#1890 = CARTESIAN_POINT ( 'NONE',  ( 0.000000000000000000, -2.417221664167204409, 2.280540728933230898 ) ) ;
#1891 = EDGE_CURVE ( 'NONE', #2884, #1802, #2914, .T. ) ;
#1892 = MECHANICAL_DESIGN_GEOMETRIC_PRESENTATION_REPRESENTATION (  '', ( #2850 ), #5665 ) ;
#1893 = DIRECTION ( 'NONE',  ( -0.000000000000000000, -1.000000000000000000, -0.000000000000000000 ) ) ;
#1894 = CARTESIAN_POINT ( 'NONE',  ( -2.546275210590505544, -1.599984252207680591, 3.750000000356337182 ) ) ;
#1895 = CARTESIAN_POINT ( 'NONE',  ( -2.458655869717812248, -1.679999999999999716, 1.610127732293977543 ) ) ;
#1896 =( NAMED_UNIT ( * ) PLANE_ANGLE_UNIT ( ) SI_UNIT ( $, .RADIAN. ) );
#1897 = UNCERTAINTY_MEASURE_WITH_UNIT (LENGTH_MEASURE( 1.000000000000000082E-05 ), #2857, 'distance_accuracy_value', 'NONE');
#1898 = CARTESIAN_POINT ( 'NONE',  ( 1.384952186028560295, -1.246860685913597777, -2.402912572112788414 ) ) ;
#1899 = PRESENTATION_STYLE_ASSIGNMENT (( #4986 ) ) ;
#1900 = DIRECTION ( 'NONE',  ( 0.000000000000000000, -1.000000000000000000, 0.000000000000000000 ) ) ;
#1901 = ORIENTED_EDGE ( 'NONE', *, *, #5314, .T. ) ;
#1902 = AXIS2_PLACEMENT_3D ( 'NONE', #4999, #4561, #2189 ) ;
#1903 = ADVANCED_FACE ( 'NONE', ( #1203 ), #3290, .T. ) ;
#1904 = EDGE_LOOP ( 'NONE', ( #3118, #3485, #2887, #3148, #3678, #3944 ) ) ;
#1905 = CYLINDRICAL_SURFACE ( 'NONE', #2019, 0.3800000000000001155 ) ;
#1906 = DIRECTION ( 'NONE',  ( 1.000000000000000000, -0.000000000000000000, 0.000000000000000000 ) ) ;
#1907 = ADVANCED_FACE ( 'NONE', ( #3142 ), #3797, .T. ) ;
#1908 = MECHANICAL_DESIGN_GEOMETRIC_PRESENTATION_REPRESENTATION (  '', ( #4865 ), #3735 ) ;
#1909 = SURFACE_SIDE_STYLE ('',( #1922 ) ) ;
#1910 = ORIENTED_EDGE ( 'NONE', *, *, #2052, .F. ) ;
#1911 = CARTESIAN_POINT ( 'NONE',  ( -2.499999999999999556, -1.899999999999999689, 3.749999999999996447 ) ) ;
#1912 = DIRECTION ( 'NONE',  ( 0.000000000000000000, 1.000000000000000000, 0.000000000000000000 ) ) ;
#1913 = AXIS2_PLACEMENT_3D ( 'NONE', #2687, #1463, #5684 ) ;
#1914 = CARTESIAN_POINT ( 'NONE',  ( 1.946820408429503546, 2.260646750068530331, 1.392560265197187119 ) ) ;
#1915 = ORIENTED_EDGE ( 'NONE', *, *, #3754, .T. ) ;
#1916 = DIRECTION ( 'NONE',  ( 0.000000000000000000, 1.000000000000000000, 0.000000000000000000 ) ) ;
#1917 = CARTESIAN_POINT ( 'NONE',  ( -1.433351036997312367, -1.679999999999999716, 2.635432565014466544 ) ) ;
#1918 = CARTESIAN_POINT ( 'NONE',  ( 1.444184798405094394, -1.671496586894179126, -1.948676344238452041 ) ) ;
#1919 = EDGE_LOOP ( 'NONE', ( #2812, #1418, #161, #3190, #2314, #2689 ) ) ;
#1920 = CARTESIAN_POINT ( 'NONE',  ( -2.279999999999999361, -1.299999999999999600, 3.369999999999996110 ) ) ;
#1921 = MECHANICAL_DESIGN_GEOMETRIC_PRESENTATION_REPRESENTATION (  '', ( #4837 ), #5462 ) ;
#1922 = SURFACE_STYLE_FILL_AREA ( #5682 ) ;
#1923 =( NAMED_UNIT ( * ) PLANE_ANGLE_UNIT ( ) SI_UNIT ( $, .RADIAN. ) );
#1924 = EDGE_LOOP ( 'NONE', ( #4615, #2001, #2138, #4967 ) ) ;
#1925 = ORIENTED_EDGE ( 'NONE', *, *, #2603, .T. ) ;
#1926 = B_SPLINE_CURVE_WITH_KNOTS ( 'NONE', 3,
 ( #1438, #4271, #563, #1497, #2023, #4309 ),
 .UNSPECIFIED., .F., .F.,
 ( 4, 2, 4 ),
 ( -7.071124096059807409E-06, 0.0002927125687037441300, 0.0005924962615035480641 ),
 .UNSPECIFIED. ) ;
#1927 = CARTESIAN_POINT ( 'NONE',  ( -1.444184798405100834, 1.671496586894191561, -1.948676344238374769 ) ) ;
#1928 = SURFACE_STYLE_FILL_AREA ( #5209 ) ;
#1929 = EDGE_CURVE ( 'NONE', #4004, #5741, #4957, .T. ) ;
#1930 = ORIENTED_EDGE ( 'NONE', *, *, #3443, .F. ) ;
#1931 = PRESENTATION_LAYER_ASSIGNMENT (  '', '', ( #1605 ) ) ;
#1932 = FACE_OUTER_BOUND ( 'NONE', #517, .T. ) ;
#1933 = SURFACE_STYLE_USAGE ( .BOTH. , #991 ) ;
#1934 = CARTESIAN_POINT ( 'NONE',  ( 2.719999999999999751, 1.300000000000000044, 3.369999999999996110 ) ) ;
#1935 = FILL_AREA_STYLE_COLOUR ( '', #3363 ) ;
#1936 = LINE ( 'NONE', #473, #4649 ) ;
#1937 = ORIENTED_EDGE ( 'NONE', *, *, #5282, .T. ) ;
#1938 = FILL_AREA_STYLE ('',( #1427 ) ) ;
#1939 = CARTESIAN_POINT ( 'NONE',  ( 2.368264652979343854, 2.006522164926077156, 1.302130384818624975 ) ) ;
#1940 =( NAMED_UNIT ( * ) PLANE_ANGLE_UNIT ( ) SI_UNIT ( $, .RADIAN. ) );
#1941 =( NAMED_UNIT ( * ) SI_UNIT ( $, .STERADIAN. ) SOLID_ANGLE_UNIT ( ) );
#1942 = UNCERTAINTY_MEASURE_WITH_UNIT (LENGTH_MEASURE( 1.000000000000000082E-05 ), #4843, 'distance_accuracy_value', 'NONE');
#1943 = FACE_OUTER_BOUND ( 'NONE', #1346, .T. ) ;
#1944 = EDGE_LOOP ( 'NONE', ( #1998, #4942, #5170, #2359 ) ) ;
#1945 =( NAMED_UNIT ( * ) SI_UNIT ( $, .STERADIAN. ) SOLID_ANGLE_UNIT ( ) );
#1946 = ADVANCED_FACE ( 'NONE', ( #1281 ), #675, .T. ) ;
#1947 = CARTESIAN_POINT ( 'NONE',  ( 2.243906838420347771, 1.739139873586643237, 3.749999963075767884 ) ) ;
#1948 = VERTEX_POINT ( 'NONE', #4586 ) ;
#1949 = AXIS2_PLACEMENT_3D ( 'NONE', #2739, #1335, #5580 ) ;
#1950 = CARTESIAN_POINT ( 'NONE',  ( -2.169541240889232281, 1.710460271028448220, -1.727702310782234019 ) ) ;
#1951 = SURFACE_STYLE_USAGE ( .BOTH. , #1909 ) ;
#1952 = AXIS2_PLACEMENT_3D ( 'NONE', #79, #3394, #218 ) ;
#1953 = SURFACE_STYLE_USAGE ( .BOTH. , #5238 ) ;
#1954 = CARTESIAN_POINT ( 'NONE',  ( -2.458655885456804135, -1.579561146123895421, 1.610127748032969208 ) ) ;
#1955 = DIRECTION ( 'NONE',  ( 1.000000000000000000, -2.159382725279304140E-17, -1.224646799147353454E-16 ) ) ;
#1956 = CARTESIAN_POINT ( 'NONE',  ( -1.433351036997312367, 2.500000000000000000, 2.385432565014466544 ) ) ;
#1957 =( NAMED_UNIT ( * ) PLANE_ANGLE_UNIT ( ) SI_UNIT ( $, .RADIAN. ) );
#1958 = CARTESIAN_POINT ( 'NONE',  ( -1.808392587802122753, -2.267473959965859542, 1.431279296566629000 ) ) ;
#1959 = EDGE_CURVE ( 'NONE', #4788, #5678, #683, .T. ) ;
#1960 = FACE_OUTER_BOUND ( 'NONE', #3027, .T. ) ;
#1961 = B_SPLINE_CURVE_WITH_KNOTS ( 'NONE', 3,
 ( #5468, #3631, #5808, #5881, #780, #4682 ),
 .UNSPECIFIED., .F., .F.,
 ( 4, 2, 4 ),
 ( 0.000000000000000000, 0.0002044523773157530370, 0.0004089047546315060741 ),
 .UNSPECIFIED. ) ;
#1962 = EDGE_CURVE ( 'NONE', #2733, #437, #2681, .T. ) ;
#1963 = PRESENTATION_LAYER_ASSIGNMENT (  '', '', ( #3884 ) ) ;
#1964 = DIRECTION ( 'NONE',  ( 1.000000000000000000, 0.000000000000000000, 0.000000000000000000 ) ) ;
#1965 = PRESENTATION_STYLE_ASSIGNMENT (( #3404 ) ) ;
#1966 = CARTESIAN_POINT ( 'NONE',  ( 0.000000000000000000, 1.300000000000000044, 0.000000000000000000 ) ) ;
#1967 = ADVANCED_FACE ( 'NONE', ( #5032 ), #5831, .T. ) ;
#1968 = DIRECTION ( 'NONE',  ( 0.000000000000000000, 0.000000000000000000, -1.000000000000000000 ) ) ;
#1969 = CARTESIAN_POINT ( 'NONE',  ( 2.703960780543711806, 2.500000000000000000, 3.369999999999996110 ) ) ;
#1970 =( BOUNDED_SURFACE ( )  B_SPLINE_SURFACE ( 3, 2, ( 
 ( #1742, #4086, #2201 ),
 ( #3098, #5414, #5981 ),
 ( #5439, #5494, #3576 ),
 ( #1677, #1703, #4981 ),
 ( #5883, #3149, #2635 ),
 ( #794, #2680, #4107 ),
 ( #3593, #5039, #727 ),
 ( #5482, #2615, #5950 ),
 ( #4498, #1280, #4043 ),
 ( #315, #5903, #4581 ) ),
 .UNSPECIFIED., .F., .F., .F. ) 
 B_SPLINE_SURFACE_WITH_KNOTS ( ( 4, 2, 2, 2, 4 ),
 ( 3, 3 ),
 ( 0.0006473904975842597860, 0.0007487887945849651134, 0.0008501870915856705492, 0.0009515853885863758766, 0.001052983685587081204 ),
 ( 0.000000000000000000, 1.000000000000000000 ),
 .UNSPECIFIED. ) 
 GEOMETRIC_REPRESENTATION_ITEM ( )  RATIONAL_B_SPLINE_SURFACE ( (
 ( 1.000000000000000000, 0.7071067811865475727, 1.000000000000000000),
 ( 1.000000000000000000, 0.7226631380906473057, 1.000000000000000000),
 ( 1.000000000000000000, 0.7400659817844412736, 1.000000000000000000),
 ( 1.000000000000000000, 0.7680643551607722053, 1.000000000000000000),
 ( 1.000000000000000000, 0.7779732589884386096, 1.000000000000000000),
 ( 1.000000000000000000, 0.7779999221212966498, 1.000000000000000000),
 ( 1.000000000000000000, 0.7681014171511540978, 1.000000000000000000),
 ( 1.000000000000000000, 0.7400591673475908072, 1.000000000000000000),
 ( 1.000000000000000000, 0.7226381619579872462, 1.000000000000000000),
 ( 1.000000000000000000, 0.7071067811865469066, 1.000000000000000000) ) ) 
 REPRESENTATION_ITEM ( '' )  SURFACE ( )  );
#1971 = CIRCLE ( 'NONE', #797, 0.3800000000000001710 ) ;
#1972 = CYLINDRICAL_SURFACE ( 'NONE', #4133, 0.3800000000000001155 ) ;
#1973 = DIRECTION ( 'NONE',  ( 0.000000000000000000, 0.000000000000000000, 1.000000000000000000 ) ) ;
#1974 = PRESENTATION_STYLE_ASSIGNMENT (( #1521 ) ) ;
#1975 = SURFACE_SIDE_STYLE ('',( #2225 ) ) ;
#1976 = VERTEX_POINT ( 'NONE', #1772 ) ;
#1977 = CARTESIAN_POINT ( 'NONE',  ( 2.415813184596580232, 1.519491702725156657, 1.313905117247562426 ) ) ;
#1978 = FILL_AREA_STYLE ('',( #1092 ) ) ;
#1979 = CARTESIAN_POINT ( 'NONE',  ( -2.708897806240349482, -2.500000000000000000, 2.750000000000000444 ) ) ;
#1980 = FACE_OUTER_BOUND ( 'NONE', #2472, .T. ) ;
#1981 = CARTESIAN_POINT ( 'NONE',  ( -1.674869084826771104, -1.049999999999999600, 2.187056115943875056 ) ) ;
#1982 = VECTOR ( 'NONE', #4614, 1000.000000000000000 ) ;
#1983 = PRESENTATION_STYLE_ASSIGNMENT (( #2645 ) ) ;
#1984 = SURFACE_STYLE_USAGE ( .BOTH. , #4797 ) ;
#1985 = CARTESIAN_POINT ( 'NONE',  ( 2.716008807648083501, 2.499933720857093089, 2.749624112301811252 ) ) ;
#1986 = ORIENTED_EDGE ( 'NONE', *, *, #4526, .T. ) ;
#1987 = SURFACE_STYLE_FILL_AREA ( #40 ) ;
#1988 =( GEOMETRIC_REPRESENTATION_CONTEXT ( 3 ) GLOBAL_UNCERTAINTY_ASSIGNED_CONTEXT ( ( #934 ) ) GLOBAL_UNIT_ASSIGNED_CONTEXT ( ( #4469, #4953, #270 ) ) REPRESENTATION_CONTEXT ( 'NONE', 'WORKASPACE' ) );
#1989 = ORIENTED_EDGE ( 'NONE', *, *, #1821, .T. ) ;
#1990 = SURFACE_STYLE_USAGE ( .BOTH. , #112 ) ;
#1991 = VERTEX_POINT ( 'NONE', #3215 ) ;
#1992 = CARTESIAN_POINT ( 'NONE',  ( -1.499999999999999556, -2.500000000000000000, 2.914213562373118904 ) ) ;
#1993 =( NAMED_UNIT ( * ) PLANE_ANGLE_UNIT ( ) SI_UNIT ( $, .RADIAN. ) );
#1994 = VECTOR ( 'NONE', #4188, 1000.000000000000114 ) ;
#1995 = CARTESIAN_POINT ( 'NONE',  ( -2.431084562603101240, -1.817991863806504460, 1.387460249576152105 ) ) ;
#1996 = PRESENTATION_LAYER_ASSIGNMENT (  '', '', ( #1368 ) ) ;
#1997 = CARTESIAN_POINT ( 'NONE',  ( 2.719999999999999751, 1.680000000000000160, 3.369999999999996110 ) ) ;
#1998 = ORIENTED_EDGE ( 'NONE', *, *, #5189, .T. ) ;
#1999 =( NAMED_UNIT ( * ) SI_UNIT ( $, .STERADIAN. ) SOLID_ANGLE_UNIT ( ) );
#2000 = ORIENTED_EDGE ( 'NONE', *, *, #3877, .F. ) ;
#2001 = ORIENTED_EDGE ( 'NONE', *, *, #204, .T. ) ;
#2002 = DIRECTION ( 'NONE',  ( 0.000000000000000000, 0.000000000000000000, -1.000000000000000000 ) ) ;
#2003 = STYLED_ITEM ( 'NONE', ( #1743 ), #5764 ) ;
#2004 = CARTESIAN_POINT ( 'NONE',  ( -2.279999999999999361, -1.679999999999999716, 2.914213562373119792 ) ) ;
#2005 = CARTESIAN_POINT ( 'NONE',  ( 2.635432565014451001, 1.680000000000000160, 1.433351036997340566 ) ) ;
#2006 =( NAMED_UNIT ( * ) PLANE_ANGLE_UNIT ( ) SI_UNIT ( $, .RADIAN. ) );
#2007 = DIRECTION ( 'NONE',  ( -0.000000000000000000, -1.000000000000000000, 0.000000000000000000 ) ) ;
#2008 = ORIENTED_EDGE ( 'NONE', *, *, #1810, .F. ) ;
#2009 = STYLED_ITEM ( 'NONE', ( #5579 ), #3013 ) ;
#2010 = CARTESIAN_POINT ( 'NONE',  ( -1.782842712474619784, -1.299999999999999600, 2.631370849898502229 ) ) ;
#2011 = CIRCLE ( 'NONE', #42, 0.3800000000000001155 ) ;
#2012 = CARTESIAN_POINT ( 'NONE',  ( 2.199984252207680679, 1.853724789409493257, 3.750000000356337182 ) ) ;
#2013 = B_SPLINE_CURVE_WITH_KNOTS ( 'NONE', 3,
 ( #3542, #1981, #5258, #4430, #3395, #553 ),
 .UNSPECIFIED., .F., .F.,
 ( 4, 2, 4 ),
 ( 0.000000000000000000, 0.0004745557234832414547, 0.0009491114469664829094 ),
 .UNSPECIFIED. ) ;
#2014 = FACE_OUTER_BOUND ( 'NONE', #3757, .T. ) ;
#2015 = PRESENTATION_STYLE_ASSIGNMENT (( #4816 ) ) ;
#2016 = UNCERTAINTY_MEASURE_WITH_UNIT (LENGTH_MEASURE( 1.000000000000000082E-05 ), #4203, 'distance_accuracy_value', 'NONE');
#2017 = DIRECTION ( 'NONE',  ( -0.000000000000000000, -1.000000000000000000, -0.000000000000000000 ) ) ;
#2018 = EDGE_CURVE ( 'NONE', #2102, #1698, #534, .T. ) ;
#2019 = AXIS2_PLACEMENT_3D ( 'NONE', #5500, #4540, #366 ) ;
#2020 = SURFACE_STYLE_USAGE ( .BOTH. , #606 ) ;
#2021 = CARTESIAN_POINT ( 'NONE',  ( -1.899999999999999245, -1.740673160867354463, 3.716906007445580418 ) ) ;
#2022 = DIRECTION ( 'NONE',  ( 0.7071067811865514585, 0.000000000000000000, 0.7071067811865435759 ) ) ;
#2023 = CARTESIAN_POINT ( 'NONE',  ( 2.163670053032455076, 2.500000000000001332, 2.767821522670149470 ) ) ;
#2024 =( NAMED_UNIT ( * ) PLANE_ANGLE_UNIT ( ) SI_UNIT ( $, .RADIAN. ) );
#2025 = CARTESIAN_POINT ( 'NONE',  ( 2.635432565014451445, 1.806908619139122374, 1.433351036997340566 ) ) ;
#2026 =( BOUNDED_SURFACE ( )  B_SPLINE_SURFACE ( 3, 2, ( 
 ( #3883, #3945, #3920 ),
 ( #172, #3488, #1148 ),
 ( #1607, #5840, #1108 ),
 ( #4433, #5802, #3032 ),
 ( #4888, #4902, #2508 ),
 ( #600, #2095, #4385 ),
 ( #1129, #5349, #5391 ),
 ( #2534, #2054, #3019 ),
 ( #1573, #1629, #3510 ),
 ( #5373, #3464, #2033 ) ),
 .UNSPECIFIED., .F., .F., .F. ) 
 B_SPLINE_SURFACE_WITH_KNOTS ( ( 4, 2, 2, 2, 4 ),
 ( 3, 3 ),
 ( 0.0006473904975842597860, 0.0007487887945849651134, 0.0008501870915856703324, 0.0009515853885863756597, 0.001052983685587080987 ),
 ( 0.000000000000000000, 1.000000000000000000 ),
 .UNSPECIFIED. ) 
 GEOMETRIC_REPRESENTATION_ITEM ( )  RATIONAL_B_SPLINE_SURFACE ( (
 ( 1.000000000000000000, 0.7071067811865475727, 1.000000000000000000),
 ( 1.000000000000000000, 0.7226631380906476387, 1.000000000000000000),
 ( 1.000000000000000000, 0.7400659817844410515, 1.000000000000000000),
 ( 1.000000000000000000, 0.7680643551607719832, 1.000000000000000000),
 ( 1.000000000000000000, 0.7779732589884423843, 1.000000000000000000),
 ( 1.000000000000000000, 0.7779999221212928751, 1.000000000000000000),
 ( 1.000000000000000000, 0.7681014171511559852, 1.000000000000000000),
 ( 1.000000000000000000, 0.7400591673475889198, 1.000000000000000000),
 ( 1.000000000000000000, 0.7226381619579885784, 1.000000000000000000),
 ( 1.000000000000000000, 0.7071067811865471286, 1.000000000000000000) ) ) 
 REPRESENTATION_ITEM ( '' )  SURFACE ( )  );
#2027 = CARTESIAN_POINT ( 'NONE',  ( -1.499999999999999556, -2.120000000000000107, 2.914213562373118904 ) ) ;
#2028 = EDGE_LOOP ( 'NONE', ( #1726, #1120, #4769, #5368 ) ) ;
#2029 = DIRECTION ( 'NONE',  ( -0.000000000000000000, -1.000000000000000000, 0.000000000000000000 ) ) ;
#2030 = CARTESIAN_POINT ( 'NONE',  ( -1.808392587802122753, -2.267473959965859542, 1.431279296566629000 ) ) ;
#2031 = DIRECTION ( 'NONE',  ( -5.282010583903728587E-15, 0.000000000000000000, 1.000000000000000000 ) ) ;
#2032 = UNCERTAINTY_MEASURE_WITH_UNIT (LENGTH_MEASURE( 1.000000000000000082E-05 ), #3566, 'distance_accuracy_value', 'NONE');
#2033 = CARTESIAN_POINT ( 'NONE',  ( -2.296039219456287306, -2.119999999999999662, 3.749999999999996447 ) ) ;
#2034 = AXIS2_PLACEMENT_3D ( 'NONE', #2402, #70, #3837 ) ;
#2035 = DIRECTION ( 'NONE',  ( 0.000000000000000000, 0.000000000000000000, 1.000000000000000000 ) ) ;
#2036 = CARTESIAN_POINT ( 'NONE',  ( -2.263273992654534439, -2.085919875595596107, 3.749999999999996447 ) ) ;
#2037 = CARTESIAN_POINT ( 'NONE',  ( -2.719999999999999751, -1.679999999999999716, 3.369999999999996110 ) ) ;
#2038 = CARTESIAN_POINT ( 'NONE',  ( 3.099999999999999645, 2.500000000000000000, 2.914213562373118016 ) ) ;
#2039 = AXIS2_PLACEMENT_3D ( 'NONE', #4236, #4688, #2842 ) ;
#2040 = ADVANCED_FACE ( 'NONE', ( #4730 ), #2789, .T. ) ;
#2041 = DIRECTION ( 'NONE',  ( 0.000000000000000000, -0.000000000000000000, 1.000000000000000000 ) ) ;
#2042 = SURFACE_STYLE_FILL_AREA ( #4780 ) ;
#2043 =( LENGTH_UNIT ( ) NAMED_UNIT ( * ) SI_UNIT ( .MILLI., .METRE. ) );
#2044 = AXIS2_PLACEMENT_3D ( 'NONE', #1879, #2841, #5216 ) ;
#2045 = DIRECTION ( 'NONE',  ( 0.000000000000000000, 0.000000000000000000, -1.000000000000000000 ) ) ;
#2046 = DIRECTION ( 'NONE',  ( 1.000000000000000000, 0.000000000000000000, -0.000000000000000000 ) ) ;
#2047 = CYLINDRICAL_SURFACE ( 'NONE', #4760, 2.750000000000000444 ) ;
#2048 = SURFACE_SIDE_STYLE ('',( #1831 ) ) ;
#2049 = SURFACE_STYLE_FILL_AREA ( #5674 ) ;
#2050 = EDGE_CURVE ( 'NONE', #1991, #5513, #1527, .T. ) ;
#2051 =( GEOMETRIC_REPRESENTATION_CONTEXT ( 3 ) GLOBAL_UNCERTAINTY_ASSIGNED_CONTEXT ( ( #2094 ) ) GLOBAL_UNIT_ASSIGNED_CONTEXT ( ( #1074, #2024, #2495 ) ) REPRESENTATION_CONTEXT ( 'NONE', 'WORKASPACE' ) );
#2052 = EDGE_CURVE ( 'NONE', #2843, #4492, #4880, .T. ) ;
#2053 = FACE_OUTER_BOUND ( 'NONE', #5761, .T. ) ;
#2054 = CARTESIAN_POINT ( 'NONE',  ( -2.340673160867339231, -2.499999999999999556, 3.716906007445580418 ) ) ;
#2055 = SURFACE_SIDE_STYLE ('',( #292 ) ) ;
#2056 = FACE_OUTER_BOUND ( 'NONE', #2067, .T. ) ;
#2057 = CARTESIAN_POINT ( 'NONE',  ( 2.877919977996279827E-16, 2.417221664167203521, 2.280540728933230898 ) ) ;
#2058 = DIRECTION ( 'NONE',  ( -0.000000000000000000, 0.000000000000000000, 1.000000000000000000 ) ) ;
#2059 = ORIENTED_EDGE ( 'NONE', *, *, #670, .F. ) ;
#2060 = DIRECTION ( 'NONE',  ( -7.402384262558309981E-32, 1.000000000000000000, -1.426581805901979142E-16 ) ) ;
#2061 = COLOUR_RGB ( '',1.000000000000000000, 1.000000000000000000, 1.000000000000000000 ) ;
#2062 = CIRCLE ( 'NONE', #3662, 0.3800000000000001155 ) ;
#2063 = EDGE_CURVE ( 'NONE', #5302, #2445, #3963, .T. ) ;
#2064 = TOROIDAL_SURFACE ( 'NONE', #4390, 1.220000000000001084, 0.3800000000000000044 ) ;
#2065 =( NAMED_UNIT ( * ) PLANE_ANGLE_UNIT ( ) SI_UNIT ( $, .RADIAN. ) );
#2066 =( NAMED_UNIT ( * ) PLANE_ANGLE_UNIT ( ) SI_UNIT ( $, .RADIAN. ) );
#2067 = EDGE_LOOP ( 'NONE', ( #3577, #5004, #4202, #2999 ) ) ;
#2068 = ORIENTED_EDGE ( 'NONE', *, *, #364, .T. ) ;
#2069 = AXIS2_PLACEMENT_3D ( 'NONE', #2158, #4058, #5945 ) ;
#2070 = EDGE_LOOP ( 'NONE', ( #451, #4353, #243, #4047, #5975, #1822 ) ) ;
#2071 = ORIENTED_EDGE ( 'NONE', *, *, #3639, .F. ) ;
#2072 = CARTESIAN_POINT ( 'NONE',  ( 3.100000000000000089, 2.103960780543712605, 3.749999999999996447 ) ) ;
#2073 = FILL_AREA_STYLE_COLOUR ( '', #1615 ) ;
#2074 = PRESENTATION_STYLE_ASSIGNMENT (( #1951 ) ) ;
#2075 = AXIS2_PLACEMENT_3D ( 'NONE', #1291, #5064, #1307 ) ;
#2076 = SURFACE_SIDE_STYLE ('',( #596 ) ) ;
#2077 = PRESENTATION_LAYER_ASSIGNMENT (  '', '', ( #3356 ) ) ;
#2078 = ORIENTED_EDGE ( 'NONE', *, *, #1070, .F. ) ;
#2079 = DIRECTION ( 'NONE',  ( 0.000000000000000000, 1.000000000000000000, -0.000000000000000000 ) ) ;
#2080 =( GEOMETRIC_REPRESENTATION_CONTEXT ( 3 ) GLOBAL_UNCERTAINTY_ASSIGNED_CONTEXT ( ( #5849 ) ) GLOBAL_UNIT_ASSIGNED_CONTEXT ( ( #5873, #3089, #895 ) ) REPRESENTATION_CONTEXT ( 'NONE', 'WORKASPACE' ) );
#2081 = CARTESIAN_POINT ( 'NONE',  ( -2.435214774646639491, 2.249747621903293915, 1.330748237784058041 ) ) ;
#2082 =( NAMED_UNIT ( * ) PLANE_ANGLE_UNIT ( ) SI_UNIT ( $, .RADIAN. ) );
#2083 = CARTESIAN_POINT ( 'NONE',  ( 2.329905229889019047, 2.500000000000000000, 3.370000105193565521 ) ) ;
#2084 = CARTESIAN_POINT ( 'NONE',  ( 1.947039446228233883, 1.757867387332124443, -1.458843193968877738 ) ) ;
#2085 = ORIENTED_EDGE ( 'NONE', *, *, #6059, .F. ) ;
#2086 = EDGE_CURVE ( 'NONE', #1459, #5816, #4089, .T. ) ;
#2087 =( NAMED_UNIT ( * ) SI_UNIT ( $, .STERADIAN. ) SOLID_ANGLE_UNIT ( ) );
#2088 = TOROIDAL_SURFACE ( 'NONE', #1776, 1.220000000000001084, 0.3800000000000000044 ) ;
#2089 =( LENGTH_UNIT ( ) NAMED_UNIT ( * ) SI_UNIT ( .MILLI., .METRE. ) );
#2090 = PRESENTATION_STYLE_ASSIGNMENT (( #2285 ) ) ;
#2091 = PRESENTATION_LAYER_ASSIGNMENT (  '', '', ( #2284 ) ) ;
#2092 = CIRCLE ( 'NONE', #3035, 0.7799999999999999156 ) ;
#2093 =( NAMED_UNIT ( * ) SI_UNIT ( $, .STERADIAN. ) SOLID_ANGLE_UNIT ( ) );
#2094 = UNCERTAINTY_MEASURE_WITH_UNIT (LENGTH_MEASURE( 1.000000000000000082E-05 ), #1074, 'distance_accuracy_value', 'NONE');
#2095 = CARTESIAN_POINT ( 'NONE',  ( -2.455871511874248903, -2.500000000000000000, 3.685384098565845257 ) ) ;
#2096 = AXIS2_PLACEMENT_3D ( 'NONE', #3235, #3703, #1305 ) ;
#2097 = SURFACE_STYLE_FILL_AREA ( #1156 ) ;
#2098 = PRESENTATION_LAYER_ASSIGNMENT (  '', '', ( #833 ) ) ;
#2099 = CARTESIAN_POINT ( 'NONE',  ( 1.494080355208164734, 2.336408965210498234, 1.822049364027631180 ) ) ;
#2100 =( LENGTH_UNIT ( ) NAMED_UNIT ( * ) SI_UNIT ( .MILLI., .METRE. ) );
#2101 = CARTESIAN_POINT ( 'NONE',  ( -0.3600390530802470845, 2.023298562961252323, 2.750000000000000888 ) ) ;
#2102 = VERTEX_POINT ( 'NONE', #1809 ) ;
#2103 = CARTESIAN_POINT ( 'NONE',  ( 2.591646333145756653, 2.188192408776421960, 3.750000036860219765 ) ) ;
#2104 = APPLICATION_CONTEXT ( 'automotive_design' ) ;
#2105 = DIRECTION ( 'NONE',  ( 0.7071067811865512365, 0.000000000000000000, -0.7071067811865439090 ) ) ;
#2106 = UNCERTAINTY_MEASURE_WITH_UNIT (LENGTH_MEASURE( 1.000000000000000082E-05 ), #1534, 'distance_accuracy_value', 'NONE');
#2107 = FILL_AREA_STYLE_COLOUR ( '', #5616 ) ;
#2108 = SURFACE_SIDE_STYLE ('',( #2496 ) ) ;
#2109 =( GEOMETRIC_REPRESENTATION_CONTEXT ( 3 ) GLOBAL_UNCERTAINTY_ASSIGNED_CONTEXT ( ( #2129 ) ) GLOBAL_UNIT_ASSIGNED_CONTEXT ( ( #1744, #5042, #2226 ) ) REPRESENTATION_CONTEXT ( 'NONE', 'WORKASPACE' ) );
#2110 = DIRECTION ( 'NONE',  ( 1.000000000000000000, 0.000000000000000000, 0.000000000000000000 ) ) ;
#2111 = PRESENTATION_LAYER_ASSIGNMENT (  '', '', ( #3038 ) ) ;
#2112 = PRESENTATION_LAYER_ASSIGNMENT (  '', '', ( #2712 ) ) ;
#2113 = PLANE ( 'NONE',  #3252 ) ;
#2114 = VECTOR ( 'NONE', #5714, 1000.000000000000000 ) ;
#2115 = CARTESIAN_POINT ( 'NONE',  ( -2.053398016093408884, 2.211537051484311789, 1.114045324449593588 ) ) ;
#2116 = DIRECTION ( 'NONE',  ( 0.7071067811865439090, 0.000000000000000000, 0.7071067811865512365 ) ) ;
#2117 = FACE_OUTER_BOUND ( 'NONE', #1847, .T. ) ;
#2118 = CARTESIAN_POINT ( 'NONE',  ( 1.892462646618480626, 1.651647372667121250, -2.061246832018034159 ) ) ;
#2119 = APPLICATION_PROTOCOL_DEFINITION ( 'draft international standard', 'automotive_design', 1998, #2104 ) ;
#2120 = MECHANICAL_DESIGN_GEOMETRIC_PRESENTATION_REPRESENTATION (  '', ( #2009 ), #4025 ) ;
#2121 = ORIENTED_EDGE ( 'NONE', *, *, #3642, .F. ) ;
#2122 = DIRECTION ( 'NONE',  ( 0.000000000000000000, 0.000000000000000000, -1.000000000000000000 ) ) ;
#2123 = SURFACE_STYLE_USAGE ( .BOTH. , #4463 ) ;
#2124 = CARTESIAN_POINT ( 'NONE',  ( 1.610127732293952896, 1.972943487486412462, 2.458655869717829567 ) ) ;
#2125 = ORIENTED_EDGE ( 'NONE', *, *, #779, .F. ) ;
#2126 = EDGE_CURVE ( 'NONE', #5451, #106, #3869, .T. ) ;
#2127 = FILL_AREA_STYLE_COLOUR ( '', #1180 ) ;
#2128 = PRESENTATION_LAYER_ASSIGNMENT (  '', '', ( #3131 ) ) ;
#2129 = UNCERTAINTY_MEASURE_WITH_UNIT (LENGTH_MEASURE( 1.000000000000000082E-05 ), #1744, 'distance_accuracy_value', 'NONE');
#2130 = DIRECTION ( 'NONE',  ( 0.000000000000000000, 1.000000000000000000, -0.000000000000000000 ) ) ;
#2131 = CIRCLE ( 'NONE', #1913, 0.2500000000000000000 ) ;
#2132 =( NAMED_UNIT ( * ) SI_UNIT ( $, .STERADIAN. ) SOLID_ANGLE_UNIT ( ) );
#2133 = VERTEX_POINT ( 'NONE', #5210 ) ;
#2134 = CARTESIAN_POINT ( 'NONE',  ( 1.604526590296322830, 2.137347596400356320, 2.430551628706303369 ) ) ;
#2135 = CARTESIAN_POINT ( 'NONE',  ( -3.090323925806710115, -2.495927237417958189, 2.726902215612847069 ) ) ;
#2136 = ORIENTED_EDGE ( 'NONE', *, *, #907, .T. ) ;
#2137 = EDGE_LOOP ( 'NONE', ( #2765, #4863, #226, #2320 ) ) ;
#2138 = ORIENTED_EDGE ( 'NONE', *, *, #1505, .F. ) ;
#2139 = CIRCLE ( 'NONE', #5617, 0.3800000000000001155 ) ;
#2140 = LINE ( 'NONE', #3457, #4268 ) ;
#2141 = EDGE_CURVE ( 'NONE', #2843, #4943, #5098, .T. ) ;
#2142 = CIRCLE ( 'NONE', #2365, 0.2500000000000002220 ) ;
#2143 = FILL_AREA_STYLE_COLOUR ( '', #5320 ) ;
#2144 = ORIENTED_EDGE ( 'NONE', *, *, #4145, .T. ) ;
#2145 = ORIENTED_EDGE ( 'NONE', *, *, #5473, .T. ) ;
#2146 = ORIENTED_EDGE ( 'NONE', *, *, #2924, .F. ) ;
#2147 = CARTESIAN_POINT ( 'NONE',  ( -1.899999999999999245, -1.299999999999999600, 3.749999999999996447 ) ) ;
#2148 = CARTESIAN_POINT ( 'NONE',  ( -1.514118253401470771, -2.336515015854499389, 1.822830581635089375 ) ) ;
#2149 =( GEOMETRIC_REPRESENTATION_CONTEXT ( 3 ) GLOBAL_UNCERTAINTY_ASSIGNED_CONTEXT ( ( #4102 ) ) GLOBAL_UNIT_ASSIGNED_CONTEXT ( ( #4163, #5101, #2769 ) ) REPRESENTATION_CONTEXT ( 'NONE', 'WORKASPACE' ) );
#2150 = ORIENTED_EDGE ( 'NONE', *, *, #1299, .F. ) ;
#2151 = CARTESIAN_POINT ( 'NONE',  ( -1.499999999999999556, -2.120000000000000107, 2.914213562373118904 ) ) ;
#2152 = VECTOR ( 'NONE', #5990, 1000.000000000000227 ) ;
#2153 = CIRCLE ( 'NONE', #958, 1.220000000000001084 ) ;
#2154 = SURFACE_SIDE_STYLE ('',( #145 ) ) ;
#2155 = FILL_AREA_STYLE ('',( #700 ) ) ;
#2156 = DIRECTION ( 'NONE',  ( 1.000000000000000000, -0.000000000000000000, -0.000000000000000000 ) ) ;
#2157 = CIRCLE ( 'NONE', #4198, 0.3800000000000001155 ) ;
#2158 = CARTESIAN_POINT ( 'NONE',  ( 2.500000000000000000, 1.900000000000000133, 37.75000000000000000 ) ) ;
#2159 = AXIS2_PLACEMENT_3D ( 'NONE', #2151, #1736, #3075 ) ;
#2160 = EDGE_CURVE ( 'NONE', #4158, #1541, #5319, .T. ) ;
#2161 = SURFACE_STYLE_FILL_AREA ( #3904 ) ;
#2162 = CARTESIAN_POINT ( 'NONE',  ( -1.931644087923330089, -2.318428572049171521, 2.823379808196171403 ) ) ;
#2163 =( NAMED_UNIT ( * ) SI_UNIT ( $, .STERADIAN. ) SOLID_ANGLE_UNIT ( ) );
#2164 = COLOUR_RGB ( '',1.000000000000000000, 1.000000000000000000, 1.000000000000000000 ) ;
#2165 = EDGE_LOOP ( 'NONE', ( #1266, #5872, #5819, #6023, #1627 ) ) ;
#2166 = EDGE_CURVE ( 'NONE', #5741, #1651, #4803, .T. ) ;
#2167 = TOROIDAL_SURFACE ( 'NONE', #5443, 0.7799999999999998046, 0.3800000000000000044 ) ;
#2168 = FILL_AREA_STYLE ('',( #3102 ) ) ;
#2169 = UNCERTAINTY_MEASURE_WITH_UNIT (LENGTH_MEASURE( 1.000000000000000082E-05 ), #5426, 'distance_accuracy_value', 'NONE');
#2170 = FILL_AREA_STYLE_COLOUR ( '', #1706 ) ;
#2171 = EDGE_CURVE ( 'NONE', #5678, #5784, #4084, .T. ) ;
#2172 = PRESENTATION_LAYER_ASSIGNMENT (  '', '', ( #4806 ) ) ;
#2174 = EDGE_CURVE ( 'NONE', #4005, #2376, #1590, .T. ) ;
#2173 = CARTESIAN_POINT ( 'NONE',  ( 0.5441455965748916990, 2.408805572831708819, 2.232810703149997522 ) ) ;
#2175 = DIRECTION ( 'NONE',  ( 0.000000000000000000, 0.000000000000000000, 1.000000000000000000 ) ) ;
#2176 = ORIENTED_EDGE ( 'NONE', *, *, #3325, .T. ) ;
#2177 = CARTESIAN_POINT ( 'NONE',  ( -1.567594715404058592, -2.322442576227167432, 2.139995148880522002 ) ) ;
#2178 = SURFACE_STYLE_USAGE ( .BOTH. , #4544 ) ;
#2179 = DIRECTION ( 'NONE',  ( 0.000000000000000000, -0.000000000000000000, 1.000000000000000000 ) ) ;
#2180 = ORIENTED_EDGE ( 'NONE', *, *, #5078, .F. ) ;
#2181 = CARTESIAN_POINT ( 'NONE',  ( -2.499999999999999556, -1.899999999999999689, 3.749999999999996447 ) ) ;
#2182 = DIRECTION ( 'NONE',  ( 1.000000000000000000, 0.000000000000000000, 0.000000000000000000 ) ) ;
#2183 = SURFACE_SIDE_STYLE ('',( #5493 ) ) ;
#2184 =( LENGTH_UNIT ( ) NAMED_UNIT ( * ) SI_UNIT ( .MILLI., .METRE. ) );
#2185 = CARTESIAN_POINT ( 'NONE',  ( -1.880291432139880037, -2.091678213784813334, 2.764680894940009015 ) ) ;
#2186 = CARTESIAN_POINT ( 'NONE',  ( 2.296039219456288194, 2.120000000000000107, 3.369999999999996110 ) ) ;
#2187 =( LENGTH_UNIT ( ) NAMED_UNIT ( * ) SI_UNIT ( .MILLI., .METRE. ) );
#2188 = CIRCLE ( 'NONE', #3527, 0.2500000000000002220 ) ;
#2189 = DIRECTION ( 'NONE',  ( 0.7071067811865515695, 0.000000000000000000, 0.7071067811865435759 ) ) ;
#2190 = CARTESIAN_POINT ( 'NONE',  ( 3.095298008462543216, 2.126613244351779120, 2.791640057097930061 ) ) ;
#2191 = ORIENTED_EDGE ( 'NONE', *, *, #5157, .T. ) ;
#2192 =( GEOMETRIC_REPRESENTATION_CONTEXT ( 3 ) GLOBAL_UNCERTAINTY_ASSIGNED_CONTEXT ( ( #4035 ) ) GLOBAL_UNIT_ASSIGNED_CONTEXT ( ( #2735, #1311, #3629 ) ) REPRESENTATION_CONTEXT ( 'NONE', 'WORKASPACE' ) );
#2193 = MECHANICAL_DESIGN_GEOMETRIC_PRESENTATION_REPRESENTATION (  '', ( #5029 ), #4099 ) ;
#2194 = STYLED_ITEM ( 'NONE', ( #5891 ), #2342 ) ;
#2195 = CARTESIAN_POINT ( 'NONE',  ( -1.897278896993674691, -2.127078019227740757, 2.867635906748464247 ) ) ;
#2196 = CARTESIAN_POINT ( 'NONE',  ( -3.100000000000000089, -1.299999999999999600, 3.749999999999996447 ) ) ;
#2197 = DIRECTION ( 'NONE',  ( 0.000000000000000000, 0.000000000000000000, 1.000000000000000000 ) ) ;
#2198 = PRODUCT_DEFINITION ( 'UNKNOWN', '', #2429, #5528 ) ;
#2199 = DIRECTION ( 'NONE',  ( -0.000000000000000000, -1.000000000000000000, -0.000000000000000000 ) ) ;
#2200 = SURFACE_SIDE_STYLE ('',( #2306 ) ) ;
#2201 = CARTESIAN_POINT ( 'NONE',  ( 2.296039219456288638, 1.680000000000000160, 3.749999999999996447 ) ) ;
#2202 = AXIS2_PLACEMENT_3D ( 'NONE', #4991, #5010, #1239 ) ;
#2203 = SURFACE_STYLE_USAGE ( .BOTH. , #5020 ) ;
#2204 = ORIENTED_EDGE ( 'NONE', *, *, #5343, .F. ) ;
#2205 = CARTESIAN_POINT ( 'NONE',  ( 2.445621208660145651, 1.958228451127391745, 1.597093071236308726 ) ) ;
#2206 = SURFACE_STYLE_USAGE ( .BOTH. , #5794 ) ;
#2207 = DIRECTION ( 'NONE',  ( -1.000000000000000000, -0.000000000000000000, 0.000000000000000000 ) ) ;
#2208 = CARTESIAN_POINT ( 'NONE',  ( -2.719999999999999751, -1.299999999999999600, 3.369999999999996110 ) ) ;
#2209 =( GEOMETRIC_REPRESENTATION_CONTEXT ( 3 ) GLOBAL_UNCERTAINTY_ASSIGNED_CONTEXT ( ( #4681 ) ) GLOBAL_UNIT_ASSIGNED_CONTEXT ( ( #2818, #6080, #3788 ) ) REPRESENTATION_CONTEXT ( 'NONE', 'WORKASPACE' ) );
#2210 = CARTESIAN_POINT ( 'NONE',  ( -1.607788239373950878, -2.077531047340348991, 2.456316376797831769 ) ) ;
#2211 = SURFACE_SIDE_STYLE ('',( #3635 ) ) ;
#2212 = EDGE_CURVE ( 'NONE', #3110, #1622, #5606, .T. ) ;
#2213 = ORIENTED_EDGE ( 'NONE', *, *, #2018, .T. ) ;
#2214 = DIRECTION ( 'NONE',  ( 1.000000000000000000, 0.000000000000000000, 0.000000000000000000 ) ) ;
#2215 = AXIS2_PLACEMENT_3D ( 'NONE', #1321, #2230, #4565 ) ;
#2216 = SURFACE_STYLE_USAGE ( .BOTH. , #1653 ) ;
#2217 = PRESENTATION_STYLE_ASSIGNMENT (( #568 ) ) ;
#2218 =( LENGTH_UNIT ( ) NAMED_UNIT ( * ) SI_UNIT ( .MILLI., .METRE. ) );
#2219 = VERTEX_POINT ( 'NONE', #5683 ) ;
#2220 = EDGE_LOOP ( 'NONE', ( #3933, #260, #5505, #6035, #1857, #5018, #1676, #2452, #877, #4421 ) ) ;
#2221 = CARTESIAN_POINT ( 'NONE',  ( 2.458655885456849877, 1.579561146123892090, 1.610127748033013395 ) ) ;
#2222 = ORIENTED_EDGE ( 'NONE', *, *, #4242, .F. ) ;
#2223 = CIRCLE ( 'NONE', #29, 0.2500000000000000000 ) ;
#2224 = VERTEX_POINT ( 'NONE', #1091 ) ;
#2225 = SURFACE_STYLE_FILL_AREA ( #2989 ) ;
#2226 =( NAMED_UNIT ( * ) SI_UNIT ( $, .STERADIAN. ) SOLID_ANGLE_UNIT ( ) );
#2227 = CARTESIAN_POINT ( 'NONE',  ( 1.899999999999999689, 2.120000000000000107, 2.914213562373118016 ) ) ;
#2228 = DIRECTION ( 'NONE',  ( 0.000000000000000000, 0.000000000000000000, 1.000000000000000000 ) ) ;
#2229 = ORIENTED_EDGE ( 'NONE', *, *, #2363, .F. ) ;
#2230 = DIRECTION ( 'NONE',  ( 0.000000000000000000, 0.000000000000000000, 1.000000000000000000 ) ) ;
#2231 = DIRECTION ( 'NONE',  ( -0.7016738431598600334, -0.1237240302064796099, -0.7016738431598673609 ) ) ;
#2232 = CIRCLE ( 'NONE', #1145, 0.4000000000000014655 ) ;
#2233 = AXIS2_PLACEMENT_3D ( 'NONE', #1006, #3781, #1223 ) ;
#2234 = SURFACE_STYLE_FILL_AREA ( #6066 ) ;
#2235 = CARTESIAN_POINT ( 'NONE',  ( -2.788192408776414499, -1.808353666854236819, 3.750000036860220209 ) ) ;
#2236 = DIRECTION ( 'NONE',  ( 0.000000000000000000, 1.000000000000000000, -0.000000000000000000 ) ) ;
#2237 = CARTESIAN_POINT ( 'NONE',  ( 1.433351036997314587, 2.500000000000000000, 2.385432565014465656 ) ) ;
#2238 = SURFACE_STYLE_FILL_AREA ( #4532 ) ;
#2239 = MECHANICAL_DESIGN_GEOMETRIC_PRESENTATION_REPRESENTATION (  '', ( #5296 ), #5488 ) ;
#2240 = FILL_AREA_STYLE_COLOUR ( '', #4119 ) ;
#2241 = CARTESIAN_POINT ( 'NONE',  ( 2.415813150359167771, 1.513482948727735922, 1.313905180198221778 ) ) ;
#2242 = FILL_AREA_STYLE ('',( #2673 ) ) ;
#2243 = SURFACE_STYLE_FILL_AREA ( #646 ) ;
#2244 = CARTESIAN_POINT ( 'NONE',  ( 1.897278896993676467, 2.127078019227739869, 2.867635906748461139 ) ) ;
#2245 = AXIS2_PLACEMENT_3D ( 'NONE', #925, #1844, #2802 ) ;
#2246 = ORIENTED_EDGE ( 'NONE', *, *, #3447, .T. ) ;
#2247 = CARTESIAN_POINT ( 'NONE',  ( -1.899999999999999245, -1.832210634895237389, 3.378528212460669256 ) ) ;
#2248 =( BOUNDED_CURVE ( )  B_SPLINE_CURVE ( 3, ( #5444, #5908, #298, #3596 ),
 .UNSPECIFIED., .F., .F. ) 
 B_SPLINE_CURVE_WITH_KNOTS ( ( 4, 4 ),
 ( 3.926990816987247168, 4.604831002340169732 ),
 .UNSPECIFIED. ) 
 CURVE ( )  GEOMETRIC_REPRESENTATION_ITEM ( )  RATIONAL_B_SPLINE_CURVE ( ( 1.000000000000000000, 0.9620761672608972859, 0.9620761672608972859, 1.000000000000000000 ) ) 
 REPRESENTATION_ITEM ( '' )  );
#2249 = ORIENTED_EDGE ( 'NONE', *, *, #3923, .F. ) ;
#2250 = CARTESIAN_POINT ( 'NONE',  ( -3.100000000000000089, -2.120000000000000107, 3.369999999999996110 ) ) ;
#2251 = EDGE_CURVE ( 'NONE', #5154, #5520, #4363, .T. ) ;
#2252 = AXIS2_PLACEMENT_3D ( 'NONE', #2010, #4342, #2968 ) ;
#2253 = EDGE_CURVE ( 'NONE', #3852, #5784, #3918, .T. ) ;
#2254 =( NAMED_UNIT ( * ) PLANE_ANGLE_UNIT ( ) SI_UNIT ( $, .RADIAN. ) );
#2255 = CARTESIAN_POINT ( 'NONE',  ( -0.3282201763653395665, -2.499999999998172573, 2.749999999991797672 ) ) ;
#2256 = CARTESIAN_POINT ( 'NONE',  ( 1.500000000000000000, 1.680000000000000160, 2.914213562373118016 ) ) ;
#2257 = CARTESIAN_POINT ( 'NONE',  ( 1.960045167603170269, 1.050000000000000044, 2.271172151325271837 ) ) ;
#2258 = DIRECTION ( 'NONE',  ( 1.000000000000000000, 0.000000000000000000, -0.000000000000000000 ) ) ;
#2259 = CARTESIAN_POINT ( 'NONE',  ( -2.298085386235351635, -2.157537612826517126, 1.538511188095345705 ) ) ;
#2260 = ADVANCED_FACE ( 'NONE', ( #5026 ), #2959, .T. ) ;
#2261 = CARTESIAN_POINT ( 'NONE',  ( 2.081907805381481236, 1.050000000000000044, 1.796708070302926563 ) ) ;
#2262 = CARTESIAN_POINT ( 'NONE',  ( -1.808392587802122975, -2.267473959965859542, 1.431279296566628112 ) ) ;
#2263 =( NAMED_UNIT ( * ) SI_UNIT ( $, .STERADIAN. ) SOLID_ANGLE_UNIT ( ) );
#2264 = MECHANICAL_DESIGN_GEOMETRIC_PRESENTATION_REPRESENTATION (  '', ( #4932 ), #3543 ) ;
#2265 =( NAMED_UNIT ( * ) PLANE_ANGLE_UNIT ( ) SI_UNIT ( $, .RADIAN. ) );
#2266 = DIRECTION ( 'NONE',  ( -1.279048221035206657E-15, -1.000000000000000000, 1.279048221035222237E-15 ) ) ;
#2267 = SPHERICAL_SURFACE ( 'NONE', #940, 0.3800000000000000044 ) ;
#2268 = CARTESIAN_POINT ( 'NONE',  ( -1.496939041224877975, -2.322276459780242330, 1.742079717433545838 ) ) ;
#2269 = CARTESIAN_POINT ( 'NONE',  ( -0.3184566815974800846, -2.023298562961317604, 2.750000000000001332 ) ) ;
#2270 = ORIENTED_EDGE ( 'NONE', *, *, #4260, .T. ) ;
#2271 = MECHANICAL_DESIGN_GEOMETRIC_PRESENTATION_REPRESENTATION (  '', ( #805 ), #3466 ) ;
#2272 = MECHANICAL_DESIGN_GEOMETRIC_PRESENTATION_REPRESENTATION (  '', ( #5641 ), #2591 ) ;
#2273 = DIRECTION ( 'NONE',  ( 0.000000000000000000, -1.000000000000000000, 0.000000000000000000 ) ) ;
#2274 = DIRECTION ( 'NONE',  ( 0.000000000000000000, 0.000000000000000000, 1.000000000000000000 ) ) ;
#2275 = SURFACE_STYLE_FILL_AREA ( #2543 ) ;
#2276 =( GEOMETRIC_REPRESENTATION_CONTEXT ( 3 ) GLOBAL_UNCERTAINTY_ASSIGNED_CONTEXT ( ( #5696 ) ) GLOBAL_UNIT_ASSIGNED_CONTEXT ( ( #202, #4420, #1641 ) ) REPRESENTATION_CONTEXT ( 'NONE', 'WORKASPACE' ) );
#2277 = ORIENTED_EDGE ( 'NONE', *, *, #904, .T. ) ;
#2278 = UNCERTAINTY_MEASURE_WITH_UNIT (LENGTH_MEASURE( 1.000000000000000082E-05 ), #5689, 'distance_accuracy_value', 'NONE');
#2279 = DIRECTION ( 'NONE',  ( -0.000000000000000000, -1.000000000000000000, -0.000000000000000000 ) ) ;
#2280 = SURFACE_SIDE_STYLE ('',( #3182 ) ) ;
#2281 = ORIENTED_EDGE ( 'NONE', *, *, #167, .T. ) ;
#2282 = CIRCLE ( 'NONE', #2796, 0.3800000000000001155 ) ;
#2283 = EDGE_CURVE ( 'NONE', #5438, #341, #3056, .T. ) ;
#2284 = STYLED_ITEM ( 'NONE', ( #1715 ), #3474 ) ;
#2285 = SURFACE_STYLE_USAGE ( .BOTH. , #1359 ) ;
#2286 = ADVANCED_FACE ( 'NONE', ( #1932 ), #3084, .T. ) ;
#2287 = ORIENTED_EDGE ( 'NONE', *, *, #909, .F. ) ;
#2288 =( LENGTH_UNIT ( ) NAMED_UNIT ( * ) SI_UNIT ( .MILLI., .METRE. ) );
#2289 = FILL_AREA_STYLE_COLOUR ( '', #3713 ) ;
#2290 = ORIENTED_EDGE ( 'NONE', *, *, #2166, .T. ) ;
#2291 = CARTESIAN_POINT ( 'NONE',  ( 1.899999999999999911, 2.103960780543711717, 3.369999999999996110 ) ) ;
#2292 = CARTESIAN_POINT ( 'NONE',  ( -2.408353666854243791, -1.611807591223577862, 3.750000036860219765 ) ) ;
#2293 = SURFACE_STYLE_USAGE ( .BOTH. , #4166 ) ;
#2294 = UNCERTAINTY_MEASURE_WITH_UNIT (LENGTH_MEASURE( 1.000000000000000082E-05 ), #3516, 'distance_accuracy_value', 'NONE');
#2295 = VERTEX_POINT ( 'NONE', #3096 ) ;
#2296 = CARTESIAN_POINT ( 'NONE',  ( -3.100000000000000089, -2.120000000000000107, 3.369999999999996110 ) ) ;
#2297 = ORIENTED_EDGE ( 'NONE', *, *, #3881, .F. ) ;
#2298 = COLOUR_RGB ( '',1.000000000000000000, 1.000000000000000000, 1.000000000000000000 ) ;
#2299 = CARTESIAN_POINT ( 'NONE',  ( -1.432343627724989910, -2.015209261777566319, 2.634425155742144309 ) ) ;
#2300 = CARTESIAN_POINT ( 'NONE',  ( -2.262716042987678478, -2.071521003509917858, 1.441755055225412363 ) ) ;
#2301 = ORIENTED_EDGE ( 'NONE', *, *, #2086, .T. ) ;
#2302 = CLOSED_SHELL ( 'NONE', ( #4344, #3295, #136, #5718, #4305, #5333, #109, #1389, #4199, #6038, #486, #2825, #5357, #4716, #3746, #3878, #4595, #3902, #4620, #1528, #5261, #3865, #3230, #1506, #4874, #4143, #4678, #4310, #4174, #3896, #47, #4245, #2400, #5789, #1946, #2040, #2471, #418, #32, #2260, #5202, #100, #2371, #1081, #5120, #5169, #2844, #899, #1361, #2848, #489, #5764, #2379, #3836, #1818, #5286, #3013, #1907, #2286, #630, #3411, #929, #610, #4839, #8, #5254, #4378, #3444, #1903, #6010, #2981, #5551, #2879, #2321, #3811, #3687, #2426, #2913, #4742, #5631, #1422, #385, #3715, #1568, #5576, #4282, #4702, #3474, #438, #546, #3773, #468, #69, #3353, #1883, #5177, #3435, #5662, #4405, #4775, #3942, #1535, #2945, #2342, #2503, #990, #1792, #1967, #5145, #5754, #2787, #3780, #575, #4815, #1452, #5297, #1053, #5710, #5694, #163, #4239, #947, #1018, #1852, #4652, #3308 ) ) ;
#2303 = PRESENTATION_STYLE_ASSIGNMENT (( #303 ) ) ;
#2304 = VECTOR ( 'NONE', #1871, 1000.000000000000000 ) ;
#2305 = ORIENTED_EDGE ( 'NONE', *, *, #3881, .T. ) ;
#2306 = SURFACE_STYLE_FILL_AREA ( #5481 ) ;
#2307 = STYLED_ITEM ( 'NONE', ( #321 ), #610 ) ;
#2308 = SURFACE_STYLE_FILL_AREA ( #4165 ) ;
#2309 = MECHANICAL_DESIGN_GEOMETRIC_PRESENTATION_REPRESENTATION (  '', ( #5637 ), #5961 ) ;
#2310 =( NAMED_UNIT ( * ) SI_UNIT ( $, .STERADIAN. ) SOLID_ANGLE_UNIT ( ) );
#2311 = DIRECTION ( 'NONE',  ( -1.000000000000000000, 0.000000000000000000, 0.000000000000000000 ) ) ;
#2312 = SURFACE_STYLE_USAGE ( .BOTH. , #4218 ) ;
#2313 =( GEOMETRIC_REPRESENTATION_CONTEXT ( 3 ) GLOBAL_UNCERTAINTY_ASSIGNED_CONTEXT ( ( #2978 ) ) GLOBAL_UNIT_ASSIGNED_CONTEXT ( ( #1328, #5968, #3260 ) ) REPRESENTATION_CONTEXT ( 'NONE', 'WORKASPACE' ) );
#2314 = ORIENTED_EDGE ( 'NONE', *, *, #1095, .T. ) ;
#2315 = CARTESIAN_POINT ( 'NONE',  ( 3.100000000000000089, 1.680000000000000160, 3.369999999999996110 ) ) ;
#2316 = MECHANICAL_DESIGN_GEOMETRIC_PRESENTATION_REPRESENTATION (  '', ( #933 ), #4705 ) ;
#2317 =( NAMED_UNIT ( * ) SI_UNIT ( $, .STERADIAN. ) SOLID_ANGLE_UNIT ( ) );
#2318 = DIRECTION ( 'NONE',  ( -0.7570573837750905755, 0.000000000000000000, 0.6533483892010564231 ) ) ;
#2319 = CARTESIAN_POINT ( 'NONE',  ( 2.273790285802768540, 2.500000000000000000, 2.750000000000000444 ) ) ;
#2320 = ORIENTED_EDGE ( 'NONE', *, *, #3652, .F. ) ;
#2321 = ADVANCED_FACE ( 'NONE', ( #2831 ), #3803, .T. ) ;
#2322 = MECHANICAL_DESIGN_GEOMETRIC_PRESENTATION_REPRESENTATION (  '', ( #127 ), #4962 ) ;
#2323 = CARTESIAN_POINT ( 'NONE',  ( -1.899999999999999245, -1.696039219456288549, 3.369999999999996110 ) ) ;
#2324 = CARTESIAN_POINT ( 'NONE',  ( -2.458655869717812692, -1.806908619139222072, 1.610127732293977987 ) ) ;
#2325 = SURFACE_SIDE_STYLE ('',( #1631 ) ) ;
#2326 = CARTESIAN_POINT ( 'NONE',  ( -2.499999999999999556, -1.899999999999999689, 3.749999999999996447 ) ) ;
#2327 = EDGE_CURVE ( 'NONE', #3846, #192, #4150, .T. ) ;
#2328 = MECHANICAL_DESIGN_GEOMETRIC_PRESENTATION_REPRESENTATION (  '', ( #5895 ), #3603 ) ;
#2329 = CARTESIAN_POINT ( 'NONE',  ( -2.444221262769729730, -1.479301229715656918, 1.656294823601284660 ) ) ;
#2330 = CARTESIAN_POINT ( 'NONE',  ( -1.760505998826551455, -1.927256922508035153, 2.112609435767938582 ) ) ;
#2331 = DIRECTION ( 'NONE',  ( 0.000000000000000000, 0.000000000000000000, 1.000000000000000000 ) ) ;
#2332 = DIRECTION ( 'NONE',  ( 0.000000000000000000, 0.000000000000000000, -1.000000000000000000 ) ) ;
#2333 = CARTESIAN_POINT ( 'NONE',  ( 3.367778697655221012E-16, -1.194561753632567225, -2.750000000000000888 ) ) ;
#2334 = DIRECTION ( 'NONE',  ( -1.000000000000000000, 0.000000000000000000, 0.000000000000000000 ) ) ;
#2335 = DIRECTION ( 'NONE',  ( -0.000000000000000000, -1.000000000000000000, -0.000000000000000000 ) ) ;
#2336 = CARTESIAN_POINT ( 'NONE',  ( 2.051543289325510777, 1.300000000000000044, 2.362670273047612568 ) ) ;
#2337 = ORIENTED_EDGE ( 'NONE', *, *, #4343, .F. ) ;
#2338 = CARTESIAN_POINT ( 'NONE',  ( -1.899999999999999245, -1.832027560276454192, 3.376567342993408882 ) ) ;
#2339 = SURFACE_STYLE_FILL_AREA ( #4506 ) ;
#2340 = DIRECTION ( 'NONE',  ( -0.000000000000000000, -1.000000000000000000, -0.000000000000000000 ) ) ;
#2341 = ORIENTED_EDGE ( 'NONE', *, *, #2160, .F. ) ;
#2342 = ADVANCED_FACE ( 'NONE', ( #5530 ), #1699, .T. ) ;
#2343 = STYLED_ITEM ( 'NONE', ( #3879 ), #1883 ) ;
#2344 = CARTESIAN_POINT ( 'NONE',  ( -1.071419546650627108, -2.384276884173340161, 2.093701597102718637 ) ) ;
#2345 = CARTESIAN_POINT ( 'NONE',  ( -1.610127732293950453, -1.299999999999999600, 2.458655869717830900 ) ) ;
#2346 = CARTESIAN_POINT ( 'NONE',  ( 1.782842712474621116, 1.680000000000000160, 2.631370849898499564 ) ) ;
#2347 = VECTOR ( 'NONE', #3888, 1000.000000000000000 ) ;
#2348 = CARTESIAN_POINT ( 'NONE',  ( 1.610127732293952896, 1.972943487486412462, 2.458655869717829567 ) ) ;
#2349 = PRESENTATION_STYLE_ASSIGNMENT (( #3766 ) ) ;
#2350 = ORIENTED_EDGE ( 'NONE', *, *, #5318, .F. ) ;
#2351 = CARTESIAN_POINT ( 'NONE',  ( -2.296039219456288194, -1.679999999999999716, 3.749999999999996447 ) ) ;
#2352 =( BOUNDED_SURFACE ( )  B_SPLINE_SURFACE ( 3, 2, ( 
 ( #3976, #2552, #4925 ),
 ( #3016, #5782, #3463 ),
 ( #2973, #5839, #656 ),
 ( #3031, #1147, #1105 ),
 ( #191, #4384, #4432 ),
 ( #3448, #1551, #1604 ),
 ( #677, #1128, #4409 ),
 ( #4864, #2533, #1572 ),
 ( #4901, #5801, #4842 ),
 ( #5372, #2072, #3054 ) ),
 .UNSPECIFIED., .F., .F., .F. ) 
 B_SPLINE_SURFACE_WITH_KNOTS ( ( 4, 2, 2, 2, 4 ),
 ( 3, 3 ),
 ( 0.0006473904975842584850, 0.0007487887945849640292, 0.0008501870915856696818, 0.0009515853885863753345, 0.001052983685587080987 ),
 ( 0.000000000000000000, 1.000000000000000000 ),
 .UNSPECIFIED. ) 
 GEOMETRIC_REPRESENTATION_ITEM ( )  RATIONAL_B_SPLINE_SURFACE ( (
 ( 1.000000000000000000, 0.7071067811865475727, 1.000000000000000000),
 ( 1.000000000000000000, 0.7226631380906473057, 1.000000000000000000),
 ( 1.000000000000000000, 0.7400659817844413846, 1.000000000000000000),
 ( 1.000000000000000000, 0.7680643551607723163, 1.000000000000000000),
 ( 1.000000000000000000, 0.7779732589884408300, 1.000000000000000000),
 ( 1.000000000000000000, 0.7779999221212950955, 1.000000000000000000),
 ( 1.000000000000000000, 0.7681014171511481026, 1.000000000000000000),
 ( 1.000000000000000000, 0.7400591673475959142, 1.000000000000000000),
 ( 1.000000000000000000, 0.7226381619579838045, 1.000000000000000000),
 ( 1.000000000000000000, 0.7071067811865471286, 1.000000000000000000) ) ) 
 REPRESENTATION_ITEM ( '' )  SURFACE ( )  );
#2353 =( LENGTH_UNIT ( ) NAMED_UNIT ( * ) SI_UNIT ( .MILLI., .METRE. ) );
#2354 = STYLED_ITEM ( 'NONE', ( #5867 ), #47 ) ;
#2355 = SURFACE_SIDE_STYLE ('',( #1316 ) ) ;
#2356 =( GEOMETRIC_REPRESENTATION_CONTEXT ( 3 ) GLOBAL_UNCERTAINTY_ASSIGNED_CONTEXT ( ( #5778 ) ) GLOBAL_UNIT_ASSIGNED_CONTEXT ( ( #146, #3996, #2588 ) ) REPRESENTATION_CONTEXT ( 'NONE', 'WORKASPACE' ) );
#2357 = CYLINDRICAL_SURFACE ( 'NONE', #3584, 0.3800000000000001155 ) ;
#2358 = VERTEX_POINT ( 'NONE', #1727 ) ;
#2359 = ORIENTED_EDGE ( 'NONE', *, *, #5220, .F. ) ;
#2360 = SURFACE_STYLE_USAGE ( .BOTH. , #1051 ) ;
#2361 = EDGE_LOOP ( 'NONE', ( #5274, #5161, #120, #2412 ) ) ;
#2362 = ORIENTED_EDGE ( 'NONE', *, *, #3018, .T. ) ;
#2363 = EDGE_CURVE ( 'NONE', #4560, #4406, #5155, .T. ) ;
#2364 = ORIENTED_EDGE ( 'NONE', *, *, #4451, .T. ) ;
#2365 = AXIS2_PLACEMENT_3D ( 'NONE', #1917, #4710, #4733 ) ;
#2366 = EDGE_CURVE ( 'NONE', #4707, #4737, #981, .T. ) ;
#2367 = CARTESIAN_POINT ( 'NONE',  ( 1.581597752909588817, 2.289257498394296153, 2.241875879139970884 ) ) ;
#2368 = ORIENTED_EDGE ( 'NONE', *, *, #1529, .T. ) ;
#2369 = FILL_AREA_STYLE ('',( #912 ) ) ;
#2370 = ORIENTED_EDGE ( 'NONE', *, *, #328, .T. ) ;
#2371 = ADVANCED_FACE ( 'NONE', ( #5744 ), #737, .T. ) ;
#2372 = CARTESIAN_POINT ( 'NONE',  ( -1.765617576024118174, -2.259931571289275354, 1.388504284788623755 ) ) ;
#2373 = FACE_OUTER_BOUND ( 'NONE', #3721, .T. ) ;
#2374 = CARTESIAN_POINT ( 'NONE',  ( 2.719999999999999751, -0.000000000000000000, 3.749999999999996447 ) ) ;
#2375 = CARTESIAN_POINT ( 'NONE',  ( -0.000000000000000000, -2.120000000000000107, 3.749999999999996447 ) ) ;
#2376 = VERTEX_POINT ( 'NONE', #4520 ) ;
#2377 = PRESENTATION_STYLE_ASSIGNMENT (( #1154 ) ) ;
#2378 = EDGE_CURVE ( 'NONE', #3097, #5326, #4075, .T. ) ;
#2379 = ADVANCED_FACE ( 'NONE', ( #3706 ), #2352, .T. ) ;
#2380 = COLOUR_RGB ( '',1.000000000000000000, 1.000000000000000000, 1.000000000000000000 ) ;
#2381 = PRESENTATION_LAYER_ASSIGNMENT (  '', '', ( #3461 ) ) ;
#2382 = ORIENTED_EDGE ( 'NONE', *, *, #5653, .T. ) ;
#2383 = SURFACE_STYLE_FILL_AREA ( #1585 ) ;
#2384 = CARTESIAN_POINT ( 'NONE',  ( -2.499999999999999556, -1.899999999999999689, 3.749999999999996447 ) ) ;
#2385 = DIRECTION ( 'NONE',  ( 1.000000000000000000, 0.000000000000000000, 0.000000000000000000 ) ) ;
#2386 =( GEOMETRIC_REPRESENTATION_CONTEXT ( 3 ) GLOBAL_UNCERTAINTY_ASSIGNED_CONTEXT ( ( #5479 ) ) GLOBAL_UNIT_ASSIGNED_CONTEXT ( ( #6007, #4189, #399 ) ) REPRESENTATION_CONTEXT ( 'NONE', 'WORKASPACE' ) );
#2387 = AXIS2_PLACEMENT_3D ( 'NONE', #3638, #3479, #3736 ) ;
#2388 = VERTEX_POINT ( 'NONE', #3487 ) ;
#2389 = CARTESIAN_POINT ( 'NONE',  ( -2.385117568459792725, -1.349414738726183227, 1.373146438070964814 ) ) ;
#2390 = CARTESIAN_POINT ( 'NONE',  ( 1.934779197844847864, 2.272129361045796436, 1.457681388074302475 ) ) ;
#2391 = CARTESIAN_POINT ( 'NONE',  ( 0.3600390530802813349, -1.194561753633567980, -2.750000000000000888 ) ) ;
#2392 = MANIFOLD_SOLID_BREP ( 'Fillet5', #2302 ) ;
#2393 = FILL_AREA_STYLE ('',( #4713 ) ) ;
#2394 = EDGE_CURVE ( 'NONE', #5247, #3557, #4350, .T. ) ;
#2395 =( NAMED_UNIT ( * ) SI_UNIT ( $, .STERADIAN. ) SOLID_ANGLE_UNIT ( ) );
#2396 = CARTESIAN_POINT ( 'NONE',  ( -1.183504595333492393, 1.640783787118483161, -2.122857287235917045 ) ) ;
#2397 = MECHANICAL_DESIGN_GEOMETRIC_PRESENTATION_REPRESENTATION (  '', ( #1023 ), #5742 ) ;
#2398 = CARTESIAN_POINT ( 'NONE',  ( -0.000000000000000000, -2.120000000000000107, 3.749999999999996447 ) ) ;
#2399 = CARTESIAN_POINT ( 'NONE',  ( -1.879217073171682406, 1.748204514414491317, -1.513644069471928866 ) ) ;
#2400 = ADVANCED_FACE ( 'NONE', ( #5015 ), #765, .T. ) ;
#2401 = PRESENTATION_STYLE_ASSIGNMENT (( #1183 ) ) ;
#2402 = CARTESIAN_POINT ( 'NONE',  ( -1.499999999999999556, -2.120000000000000107, 2.914213562373118904 ) ) ;
#2403 = FACE_OUTER_BOUND ( 'NONE', #4838, .T. ) ;
#2404 = MECHANICAL_DESIGN_GEOMETRIC_PRESENTATION_REPRESENTATION (  '', ( #833 ), #2729 ) ;
#2405 = CARTESIAN_POINT ( 'NONE',  ( 1.609791086967066631, 2.001144622166724396, 2.458319224390943525 ) ) ;
#2406 = CARTESIAN_POINT ( 'NONE',  ( 2.320905806769419488, 2.141048678210117462, 1.544799031385510446 ) ) ;
#2407 = FILL_AREA_STYLE_COLOUR ( '', #4205 ) ;
#2408 = CARTESIAN_POINT ( 'NONE',  ( -1.880739579679867823, -1.299999999999999378, 2.333242923479969644 ) ) ;
#2409 = SURFACE_STYLE_FILL_AREA ( #4611 ) ;
#2410 = DIRECTION ( 'NONE',  ( 0.000000000000000000, 1.000000000000000000, -0.000000000000000000 ) ) ;
#2411 = CARTESIAN_POINT ( 'NONE',  ( 2.445621208660145651, 1.958228451127391745, 1.597093071236308726 ) ) ;
#2412 = ORIENTED_EDGE ( 'NONE', *, *, #49, .F. ) ;
#2413 = PLANE ( 'NONE',  #5130 ) ;
#2414 = CARTESIAN_POINT ( 'NONE',  ( -1.690003487495348899, 1.277573485689312172, -2.199083809030664582 ) ) ;
#2415 = CIRCLE ( 'NONE', #3004, 0.3800000000000001155 ) ;
#2416 = SURFACE_SIDE_STYLE ('',( #1247 ) ) ;
#2417 = MECHANICAL_DESIGN_GEOMETRIC_PRESENTATION_REPRESENTATION (  '', ( #221 ), #2109 ) ;
#2418 = EDGE_LOOP ( 'NONE', ( #91, #5654, #988, #4264 ) ) ;
#2419 = FILL_AREA_STYLE_COLOUR ( '', #5786 ) ;
#2420 = SURFACE_STYLE_FILL_AREA ( #3969 ) ;
#2421 = FACE_OUTER_BOUND ( 'NONE', #1338, .T. ) ;
#2422 = CARTESIAN_POINT ( 'NONE',  ( 2.703960780543711362, 1.300000000000000044, 3.369999999999996110 ) ) ;
#2423 = SURFACE_STYLE_USAGE ( .BOTH. , #152 ) ;
#2424 = EDGE_LOOP ( 'NONE', ( #5884, #6062, #3486, #22, #3042 ) ) ;
#2425 = UNCERTAINTY_MEASURE_WITH_UNIT (LENGTH_MEASURE( 1.000000000000000082E-05 ), #2100, 'distance_accuracy_value', 'NONE');
#2426 = ADVANCED_FACE ( 'NONE', ( #2814 ), #4782, .T. ) ;
#2427 = PRESENTATION_STYLE_ASSIGNMENT (( #4003 ) ) ;
#2428 = DIRECTION ( 'NONE',  ( 0.000000000000000000, 0.000000000000000000, 1.000000000000000000 ) ) ;
#2429 = PRODUCT_DEFINITION_FORMATION_WITH_SPECIFIED_SOURCE ( 'ANY', '', #166, .NOT_KNOWN. ) ;
#2430 = ORIENTED_EDGE ( 'NONE', *, *, #4179, .F. ) ;
#2431 = DIRECTION ( 'NONE',  ( -1.000000000000000000, -0.000000000000000000, -0.000000000000000000 ) ) ;
#2432 = DIRECTION ( 'NONE',  ( -0.000000000000000000, -1.000000000000000000, -0.000000000000000000 ) ) ;
#2433 = EDGE_LOOP ( 'NONE', ( #1616, #381, #1467, #5359, #4161, #5289, #2246, #3582, #5424 ) ) ;
#2434 = FILL_AREA_STYLE_COLOUR ( '', #5791 ) ;
#2435 = LINE ( 'NONE', #868, #730 ) ;
#2436 = AXIS2_PLACEMENT_3D ( 'NONE', #2570, #1634, #5395 ) ;
#2437 = VECTOR ( 'NONE', #2864, 1000.000000000000000 ) ;
#2438 = CARTESIAN_POINT ( 'NONE',  ( 2.280000000000000249, 1.300000000000000044, 3.369999999999996110 ) ) ;
#2439 = FILL_AREA_STYLE ('',( #5967 ) ) ;
#2440 = ORIENTED_EDGE ( 'NONE', *, *, #1016, .F. ) ;
#2441 = VERTEX_POINT ( 'NONE', #1217 ) ;
#2442 = B_SPLINE_CURVE_WITH_KNOTS ( 'NONE', 3,
 ( #809, #1306, #894, #397, #5572, #5558, #2777, #5964 ),
 .UNSPECIFIED., .F., .F.,
 ( 4, 2, 2, 4 ),
 ( -5.065376202531463722E-06, 0.0003780483363355170235, 0.0005696051926045409778, 0.0007611620488735649321 ),
 .UNSPECIFIED. ) ;
#2443 = CARTESIAN_POINT ( 'NONE',  ( 3.100000000000000089, 2.500000000000000000, 3.369999999999996110 ) ) ;
#2444 = EDGE_CURVE ( 'NONE', #5816, #2733, #1334, .T. ) ;
#2445 = VERTEX_POINT ( 'NONE', #1197 ) ;
#2446 =( GEOMETRIC_REPRESENTATION_CONTEXT ( 3 ) GLOBAL_UNCERTAINTY_ASSIGNED_CONTEXT ( ( #1897 ) ) GLOBAL_UNIT_ASSIGNED_CONTEXT ( ( #2857, #4689, #1882 ) ) REPRESENTATION_CONTEXT ( 'NONE', 'WORKASPACE' ) );
#2447 = CARTESIAN_POINT ( 'NONE',  ( -2.790855506726189095, -1.979136314738363600, -0.2039647487234422241 ) ) ;
#2448 = CARTESIAN_POINT ( 'NONE',  ( 1.841925671052635272, 2.066156149601170444, 2.690453808476513053 ) ) ;
#2449 = DIRECTION ( 'NONE',  ( 0.000000000000000000, 0.000000000000000000, -1.000000000000000000 ) ) ;
#2450 = FILL_AREA_STYLE_COLOUR ( '', #1420 ) ;
#2451 = CARTESIAN_POINT ( 'NONE',  ( -2.299382138549173948, -1.588484854837450388, -2.419459271066769723 ) ) ;
#2452 = ORIENTED_EDGE ( 'NONE', *, *, #3085, .T. ) ;
#2453 = CARTESIAN_POINT ( 'NONE',  ( 2.280000000000000249, 2.500000000000000000, 3.369999999999996110 ) ) ;
#2454 = FACE_OUTER_BOUND ( 'NONE', #2070, .T. ) ;
#2455 = CARTESIAN_POINT ( 'NONE',  ( 2.187003016781579934, 1.049999999999999822, 1.674930612663304119 ) ) ;
#2456 = CARTESIAN_POINT ( 'NONE',  ( -1.557398423240652363, -1.118425105698567235, 2.269107736697024702 ) ) ;
#2457 = DIRECTION ( 'NONE',  ( 0.000000000000000000, 0.000000000000000000, -1.000000000000000000 ) ) ;
#2458 = CARTESIAN_POINT ( 'NONE',  ( -1.603107675674925403, -2.158301593864152768, 2.418713098749371682 ) ) ;
#2459 = FACE_OUTER_BOUND ( 'NONE', #3334, .T. ) ;
#2460 = ORIENTED_EDGE ( 'NONE', *, *, #261, .T. ) ;
#2461 =( NAMED_UNIT ( * ) PLANE_ANGLE_UNIT ( ) SI_UNIT ( $, .RADIAN. ) );
#2462 = EDGE_CURVE ( 'NONE', #3253, #3212, #236, .T. ) ;
#2463 = ORIENTED_EDGE ( 'NONE', *, *, #776, .T. ) ;
#2464 = PRESENTATION_LAYER_ASSIGNMENT (  '', '', ( #4865 ) ) ;
#2465 = UNCERTAINTY_MEASURE_WITH_UNIT (LENGTH_MEASURE( 1.000000000000000082E-05 ), #994, 'distance_accuracy_value', 'NONE');
#2466 = CARTESIAN_POINT ( 'NONE',  ( 2.051543289325511221, 1.680000000000000160, 2.362670273047613456 ) ) ;
#2467 = CARTESIAN_POINT ( 'NONE',  ( 1.312243118066500402, 1.999052971881625451, 2.415759104704106708 ) ) ;
#2468 = DIRECTION ( 'NONE',  ( 0.000000000000000000, -1.000000000000000000, 0.000000000000000000 ) ) ;
#2469 = CARTESIAN_POINT ( 'NONE',  ( -2.703960780543710918, -1.299999999999999600, 3.369999999999996110 ) ) ;
#2470 =( GEOMETRIC_REPRESENTATION_CONTEXT ( 3 ) GLOBAL_UNCERTAINTY_ASSIGNED_CONTEXT ( ( #2860 ) ) GLOBAL_UNIT_ASSIGNED_CONTEXT ( ( #220, #1957, #710 ) ) REPRESENTATION_CONTEXT ( 'NONE', 'WORKASPACE' ) );
#2471 = ADVANCED_FACE ( 'NONE', ( #2657 ), #521, .F. ) ;
#2472 = EDGE_LOOP ( 'NONE', ( #3047, #2146, #1110, #5799, #2749 ) ) ;
#2473 = DIRECTION ( 'NONE',  ( 0.000000000000000000, 0.000000000000000000, -1.000000000000000000 ) ) ;
#2474 = AXIS2_PLACEMENT_3D ( 'NONE', #3602, #5007, #3158 ) ;
#2475 = FILL_AREA_STYLE_COLOUR ( '', #2380 ) ;
#2476 =( NAMED_UNIT ( * ) PLANE_ANGLE_UNIT ( ) SI_UNIT ( $, .RADIAN. ) );
#2477 =( LENGTH_UNIT ( ) NAMED_UNIT ( * ) SI_UNIT ( .MILLI., .METRE. ) );
#2478 =( NAMED_UNIT ( * ) SI_UNIT ( $, .STERADIAN. ) SOLID_ANGLE_UNIT ( ) );
#2479 =( NAMED_UNIT ( * ) SI_UNIT ( $, .STERADIAN. ) SOLID_ANGLE_UNIT ( ) );
#2480 = EDGE_CURVE ( 'NONE', #4101, #5495, #162, .T. ) ;
#2481 =( BOUNDED_CURVE ( )  B_SPLINE_CURVE ( 3, ( #5200, #975, #5691, #2903 ),
 .UNSPECIFIED., .F., .T. ) 
 B_SPLINE_CURVE_WITH_KNOTS ( ( 4, 4 ),
 ( 2.643462588613143982, 3.141592653589793116 ),
 .UNSPECIFIED. ) 
 CURVE ( )  GEOMETRIC_REPRESENTATION_ITEM ( )  RATIONAL_B_SPLINE_CURVE ( ( 1.000000000000000000, 0.9794288752312253488, 0.9794288752312253488, 1.000000000000000000 ) ) 
 REPRESENTATION_ITEM ( '' )  );
#2482 =( NAMED_UNIT ( * ) PLANE_ANGLE_UNIT ( ) SI_UNIT ( $, .RADIAN. ) );
#2483 = VECTOR ( 'NONE', #2813, 1000.000000000000000 ) ;
#2484 = B_SPLINE_CURVE_WITH_KNOTS ( 'NONE', 3,
 ( #3807, #4255, #4732, #2820, #4667, #1385, #2390, #5669 ),
 .UNSPECIFIED., .F., .F.,
 ( 4, 2, 2, 4 ),
 ( 0.000000000000000000, 0.0001937977222034087312, 0.0003875954444068174624, 0.0007751908888136349249 ),
 .UNSPECIFIED. ) ;
#2485 = EDGE_CURVE ( 'NONE', #952, #45, #3044, .T. ) ;
#2486 = MECHANICAL_DESIGN_GEOMETRIC_PRESENTATION_REPRESENTATION (  '', ( #1178 ), #3326 ) ;
#2487 = EDGE_CURVE ( 'NONE', #3620, #3482, #2435, .T. ) ;
#2488 = SURFACE_STYLE_FILL_AREA ( #2155 ) ;
#2489 = CARTESIAN_POINT ( 'NONE',  ( -2.499999999999999556, -1.899999999999999689, 3.749999999999996447 ) ) ;
#2490 = LINE ( 'NONE', #2372, #1227 ) ;
#2491 = DIRECTION ( 'NONE',  ( 1.000000000000000000, 0.000000000000000000, 0.000000000000000000 ) ) ;
#2492 = FILL_AREA_STYLE_COLOUR ( '', #1829 ) ;
#2493 =( NAMED_UNIT ( * ) PLANE_ANGLE_UNIT ( ) SI_UNIT ( $, .RADIAN. ) );
#2494 = DIRECTION ( 'NONE',  ( 1.000000000000000000, 0.000000000000000000, 0.000000000000000000 ) ) ;
#2495 =( NAMED_UNIT ( * ) SI_UNIT ( $, .STERADIAN. ) SOLID_ANGLE_UNIT ( ) );
#2496 = SURFACE_STYLE_FILL_AREA ( #4464 ) ;
#2497 = CARTESIAN_POINT ( 'NONE',  ( -3.100000000000000089, -2.500000000000000000, 2.750000000000000444 ) ) ;
#2498 = CARTESIAN_POINT ( 'NONE',  ( 2.877919977996279827E-16, 2.417221664167203521, 2.280540728933230898 ) ) ;
#2499 = CARTESIAN_POINT ( 'NONE',  ( 0.000000000000000000, 1.194561753632565893, -2.750000000000000444 ) ) ;
#2500 = PRESENTATION_STYLE_ASSIGNMENT (( #3592 ) ) ;
#2501 = LINE ( 'NONE', #2038, #795 ) ;
#2502 = COLOUR_RGB ( '',1.000000000000000000, 1.000000000000000000, 1.000000000000000000 ) ;
#2503 = ADVANCED_FACE ( 'NONE', ( #2891 ), #5734, .T. ) ;
#2504 =( NAMED_UNIT ( * ) SI_UNIT ( $, .STERADIAN. ) SOLID_ANGLE_UNIT ( ) );
#2505 = ORIENTED_EDGE ( 'NONE', *, *, #4031, .F. ) ;
#2506 = AXIS2_PLACEMENT_3D ( 'NONE', #457, #2786, #987 ) ;
#2507 =( LENGTH_UNIT ( ) NAMED_UNIT ( * ) SI_UNIT ( .MILLI., .METRE. ) );
#2508 = CARTESIAN_POINT ( 'NONE',  ( -2.546479191630675487, -2.199984217534125541, 3.749999999643655713 ) ) ;
#2509 = CIRCLE ( 'NONE', #2215, 0.2999999999999999334 ) ;
#2510 = ORIENTED_EDGE ( 'NONE', *, *, #4369, .F. ) ;
#2511 = AXIS2_PLACEMENT_3D ( 'NONE', #5053, #357, #5091 ) ;
#2512 = VERTEX_POINT ( 'NONE', #1780 ) ;
#2513 = CARTESIAN_POINT ( 'NONE',  ( -2.364252274731074355, -2.499999999999999556, 3.369999999999996554 ) ) ;
#2514 = ORIENTED_EDGE ( 'NONE', *, *, #5931, .F. ) ;
#2515 = UNCERTAINTY_MEASURE_WITH_UNIT (LENGTH_MEASURE( 1.000000000000000082E-05 ), #3712, 'distance_accuracy_value', 'NONE');
#2516 = DIRECTION ( 'NONE',  ( 0.000000000000000000, 1.000000000000000000, 0.000000000000000000 ) ) ;
#2517 = CYLINDRICAL_SURFACE ( 'NONE', #4995, 0.2499999999999997780 ) ;
#2518 = CARTESIAN_POINT ( 'NONE',  ( -1.899999999999999245, -1.299999999999999600, 2.914213562373119348 ) ) ;
#2519 = PRESENTATION_LAYER_ASSIGNMENT (  '', '', ( #4626 ) ) ;
#2520 = CARTESIAN_POINT ( 'NONE',  ( 0.000000000000000000, 1.194561753632565893, -2.750000000000000444 ) ) ;
#2521 = EDGE_LOOP ( 'NONE', ( #2809, #1207, #3414, #2000 ) ) ;
#2522 = ORIENTED_EDGE ( 'NONE', *, *, #4105, .T. ) ;
#2523 = DIRECTION ( 'NONE',  ( 1.000000000000000000, 0.000000000000000000, 0.000000000000000000 ) ) ;
#2524 = PRODUCT_RELATED_PRODUCT_CATEGORY ( 'part', '', ( #166 ) ) ;
#2525 = DIRECTION ( 'NONE',  ( 0.000000000000000000, 0.000000000000000000, -1.000000000000000000 ) ) ;
#2526 = FILL_AREA_STYLE_COLOUR ( '', #229 ) ;
#2527 = DIRECTION ( 'NONE',  ( -1.000000000000000000, 0.000000000000000000, 0.000000000000000000 ) ) ;
#2528 = ORIENTED_EDGE ( 'NONE', *, *, #1732, .F. ) ;
#2529 = VERTEX_POINT ( 'NONE', #3221 ) ;
#2530 = STYLED_ITEM ( 'NONE', ( #2861 ), #3780 ) ;
#2531 = COLOUR_RGB ( '',1.000000000000000000, 1.000000000000000000, 1.000000000000000000 ) ;
#2532 = COLOUR_RGB ( '',1.000000000000000000, 1.000000000000000000, 1.000000000000000000 ) ;
#2533 = CARTESIAN_POINT ( 'NONE',  ( 3.099999999999999645, 2.059326839132654463, 3.716906007445580862 ) ) ;
#2534 = CARTESIAN_POINT ( 'NONE',  ( -2.363947153235499421, -2.500000000000000000, 3.372183489019747071 ) ) ;
#2535 = COLOUR_RGB ( '',1.000000000000000000, 1.000000000000000000, 1.000000000000000000 ) ;
#2536 = STYLED_ITEM ( 'NONE', ( #3200 ), #1053 ) ;
#2537 = CARTESIAN_POINT ( 'NONE',  ( 1.335532043632617683, 2.246133486133303769, 2.282850097332125294 ) ) ;
#2538 = STYLED_ITEM ( 'NONE', ( #4853 ), #4378 ) ;
#2539 = DIRECTION ( 'NONE',  ( 0.000000000000000000, 0.000000000000000000, -1.000000000000000000 ) ) ;
#2540 = SPHERICAL_SURFACE ( 'NONE', #1157, 0.3800000000000000044 ) ;
#2541 = CARTESIAN_POINT ( 'NONE',  ( -2.278450415799091466, -1.363944286127197314, -1.625874803396082369 ) ) ;
#2542 = DIRECTION ( 'NONE',  ( -0.7071067811865509034, 0.000000000000000000, 0.7071067811865440200 ) ) ;
#2543 = FILL_AREA_STYLE ('',( #4457 ) ) ;
#2544 = CARTESIAN_POINT ( 'NONE',  ( 2.588655117459721211, 2.499999999999999556, 3.692892036792946531 ) ) ;
#2545 = CARTESIAN_POINT ( 'NONE',  ( 2.715664467162888673, 1.506737549985014191, -0.6782121167910963866 ) ) ;
#2546 = ORIENTED_EDGE ( 'NONE', *, *, #1175, .F. ) ;
#2547 =( NAMED_UNIT ( * ) SI_UNIT ( $, .STERADIAN. ) SOLID_ANGLE_UNIT ( ) );
#2548 =( NAMED_UNIT ( * ) SI_UNIT ( $, .STERADIAN. ) SOLID_ANGLE_UNIT ( ) );
#2549 = STYLED_ITEM ( 'NONE', ( #462 ), #1389 ) ;
#2550 = ORIENTED_EDGE ( 'NONE', *, *, #5905, .F. ) ;
#2551 = UNCERTAINTY_MEASURE_WITH_UNIT (LENGTH_MEASURE( 1.000000000000000082E-05 ), #194, 'distance_accuracy_value', 'NONE');
#2552 = CARTESIAN_POINT ( 'NONE',  ( 3.100000000000000089, 1.696039219456288105, 3.749999999999996003 ) ) ;
#2553 = STYLED_ITEM ( 'NONE', ( #173 ), #1792 ) ;
#2554 = DIRECTION ( 'NONE',  ( 0.000000000000000000, 0.000000000000000000, 1.000000000000000000 ) ) ;
#2555 = DIRECTION ( 'NONE',  ( 5.188895745013400325E-16, -0.000000000000000000, 1.000000000000000000 ) ) ;
#2556 = PRESENTATION_LAYER_ASSIGNMENT (  '', '', ( #1293 ) ) ;
#2557 = CARTESIAN_POINT ( 'NONE',  ( 2.431084562603103016, 1.817991863806689867, 1.387460249576151439 ) ) ;
#2558 = MECHANICAL_DESIGN_GEOMETRIC_PRESENTATION_REPRESENTATION (  '', ( #4322 ), #3825 ) ;
#2559 = DIRECTION ( 'NONE',  ( 0.000000000000000000, 0.000000000000000000, -1.000000000000000000 ) ) ;
#2560 = UNCERTAINTY_MEASURE_WITH_UNIT (LENGTH_MEASURE( 1.000000000000000082E-05 ), #4422, 'distance_accuracy_value', 'NONE');
#2561 = CARTESIAN_POINT ( 'NONE',  ( 2.635747725268925645, 1.300000000000000044, 3.369999999999996554 ) ) ;
#2562 = ORIENTED_EDGE ( 'NONE', *, *, #5740, .F. ) ;
#2563 = FILL_AREA_STYLE_COLOUR ( '', #6012 ) ;
#2564 = EDGE_CURVE ( 'NONE', #4022, #5006, #3407, .T. ) ;
#2565 = FILL_AREA_STYLE ('',( #3632 ) ) ;
#2566 = AXIS2_PLACEMENT_3D ( 'NONE', #2489, #3001, #174 ) ;
#2567 = COLOUR_RGB ( '',1.000000000000000000, 1.000000000000000000, 1.000000000000000000 ) ;
#2568 = CARTESIAN_POINT ( 'NONE',  ( 2.458655869717813580, 1.806908619139122374, 1.610127732293976655 ) ) ;
#2569 = CARTESIAN_POINT ( 'NONE',  ( 2.719999999999999751, 2.120000000000000107, 3.369999999999996110 ) ) ;
#2570 = CARTESIAN_POINT ( 'NONE',  ( 0.000000000000000000, 1.050000000000000044, 0.000000000000000000 ) ) ;
#2571 = SURFACE_STYLE_FILL_AREA ( #5846 ) ;
#2572 = CYLINDRICAL_SURFACE ( 'NONE', #3821, 0.3800000000000001155 ) ;
#2573 = SURFACE_STYLE_USAGE ( .BOTH. , #1656 ) ;
#2574 = CARTESIAN_POINT ( 'NONE',  ( 2.363947153235499421, 2.500000000000000000, 3.372183489019747071 ) ) ;
#2575 = ORIENTED_EDGE ( 'NONE', *, *, #3127, .F. ) ;
#2576 = SURFACE_SIDE_STYLE ('',( #85 ) ) ;
#2577 = CARTESIAN_POINT ( 'NONE',  ( 0.000000000000000000, 0.000000000000000000, 0.000000000000000000 ) ) ;
#2578 = PRESENTATION_STYLE_ASSIGNMENT (( #5128 ) ) ;
#2579 = EDGE_CURVE ( 'NONE', #1315, #235, #4637, .T. ) ;
#2580 = COLOUR_RGB ( '',1.000000000000000000, 1.000000000000000000, 1.000000000000000000 ) ;
#2581 = FILL_AREA_STYLE_COLOUR ( '', #1144 ) ;
#2582 =( LENGTH_UNIT ( ) NAMED_UNIT ( * ) SI_UNIT ( .MILLI., .METRE. ) );
#2583 = VERTEX_POINT ( 'NONE', #1815 ) ;
#2584 = CYLINDRICAL_SURFACE ( 'NONE', #1288, 0.3800000000000001155 ) ;
#2585 = CARTESIAN_POINT ( 'NONE',  ( -1.477828098313424654, -1.982849557988100475, 2.326356235737273348 ) ) ;
#2586 = ORIENTED_EDGE ( 'NONE', *, *, #1764, .F. ) ;
#2587 = ORIENTED_EDGE ( 'NONE', *, *, #909, .T. ) ;
#2588 =( NAMED_UNIT ( * ) SI_UNIT ( $, .STERADIAN. ) SOLID_ANGLE_UNIT ( ) );
#2589 = CARTESIAN_POINT ( 'NONE',  ( -2.273790285802768096, -2.500000000000000000, 2.750000000000000444 ) ) ;
#2590 = MECHANICAL_DESIGN_GEOMETRIC_PRESENTATION_REPRESENTATION (  '', ( #3779 ), #4095 ) ;
#2591 =( GEOMETRIC_REPRESENTATION_CONTEXT ( 3 ) GLOBAL_UNCERTAINTY_ASSIGNED_CONTEXT ( ( #5034 ) ) GLOBAL_UNIT_ASSIGNED_CONTEXT ( ( #4026, #1125, #5345 ) ) REPRESENTATION_CONTEXT ( 'NONE', 'WORKASPACE' ) );
#2592 = ORIENTED_EDGE ( 'NONE', *, *, #4914, .F. ) ;
#2593 = VERTEX_POINT ( 'NONE', #2296 ) ;
#2594 = CARTESIAN_POINT ( 'NONE',  ( 1.472502786035970068, 2.079214779670897073, 2.312753927028247336 ) ) ;
#2595 = CARTESIAN_POINT ( 'NONE',  ( -2.243906838420347327, -1.739139873586639462, 3.749999963075767884 ) ) ;
#2596 = CARTESIAN_POINT ( 'NONE',  ( -1.894321100167399186, -2.120000000000000107, 2.847050551997083900 ) ) ;
#2597 = MECHANICAL_DESIGN_GEOMETRIC_PRESENTATION_REPRESENTATION (  '', ( #4910 ), #4445 ) ;
#2598 = CARTESIAN_POINT ( 'NONE',  ( 2.339139873586642437, 2.156093161579652140, 3.749999963075767884 ) ) ;
#2599 = ORIENTED_EDGE ( 'NONE', *, *, #1001, .T. ) ;
#2600 = LINE ( 'NONE', #394, #5748 ) ;
#2601 = EDGE_CURVE ( 'NONE', #5431, #5804, #2442, .T. ) ;
#2602 =( NAMED_UNIT ( * ) PLANE_ANGLE_UNIT ( ) SI_UNIT ( $, .RADIAN. ) );
#2603 = EDGE_CURVE ( 'NONE', #5093, #4634, #886, .T. ) ;
#2604 = STYLED_ITEM ( 'NONE', ( #3201 ), #3746 ) ;
#2605 = MECHANICAL_DESIGN_GEOMETRIC_PRESENTATION_REPRESENTATION (  '', ( #3884 ), #4291 ) ;
#2606 = CARTESIAN_POINT ( 'NONE',  ( 2.716414731452689413, 2.500840190496418813, 2.754764957087355803 ) ) ;
#2607 = CARTESIAN_POINT ( 'NONE',  ( -3.100000000000000089, -1.299999999999999600, 3.369999999999996110 ) ) ;
#2608 = CARTESIAN_POINT ( 'NONE',  ( 2.631370849898482689, 1.300000000000000044, 1.782842712474647540 ) ) ;
#2609 = CARTESIAN_POINT ( 'NONE',  ( 2.454337870008495681, 1.908556273796363945, 1.605809732584658978 ) ) ;
#2610 = CARTESIAN_POINT ( 'NONE',  ( -2.089154660788416606, -2.426700051906270250, 2.334295336997092463 ) ) ;
#2611 = ORIENTED_EDGE ( 'NONE', *, *, #5822, .F. ) ;
#2612 =( NAMED_UNIT ( * ) PLANE_ANGLE_UNIT ( ) SI_UNIT ( $, .RADIAN. ) );
#2613 = PLANE ( 'NONE',  #5335 ) ;
#2614 = VERTEX_POINT ( 'NONE', #852 ) ;
#2615 = CARTESIAN_POINT ( 'NONE',  ( 2.659326839132660325, 1.300000000000000044, 3.716906007445579974 ) ) ;
#2616 = CARTESIAN_POINT ( 'NONE',  ( -3.100000000000000089, -1.696039219456288549, 3.369999999999996110 ) ) ;
#2617 = UNCERTAINTY_MEASURE_WITH_UNIT (LENGTH_MEASURE( 1.000000000000000082E-05 ), #5038, 'distance_accuracy_value', 'NONE');
#2618 = DIRECTION ( 'NONE',  ( 0.000000000000000000, 1.000000000000000000, -7.132909029509895711E-17 ) ) ;
#2619 = SURFACE_STYLE_USAGE ( .BOTH. , #4366 ) ;
#2620 = CARTESIAN_POINT ( 'NONE',  ( 1.500000000000000000, 1.300000000000000044, 2.914213562373118016 ) ) ;
#2621 = CARTESIAN_POINT ( 'NONE',  ( -1.496939041224877753, -2.322276459780242330, 1.742079717433545616 ) ) ;
#2622 = STYLED_ITEM ( 'NONE', ( #2090 ), #575 ) ;
#2623 = AXIS2_PLACEMENT_3D ( 'NONE', #2196, #786, #3180 ) ;
#2624 = CARTESIAN_POINT ( 'NONE',  ( -3.100000000000000089, -1.967972439723542077, 3.376567342993408882 ) ) ;
#2625 = CARTESIAN_POINT ( 'NONE',  ( 2.263300536078213465, 1.714051496537340347, 3.749999999999996447 ) ) ;
#2626 = CARTESIAN_POINT ( 'NONE',  ( 2.089154660788417051, 2.426700051906269806, 2.334295336997088910 ) ) ;
#2627 = MECHANICAL_DESIGN_GEOMETRIC_PRESENTATION_REPRESENTATION (  '', ( #611 ), #199 ) ;
#2628 = LINE ( 'NONE', #3275, #3740 ) ;
#2629 = CARTESIAN_POINT ( 'NONE',  ( 1.529548791098186422, 2.342688150073997111, 1.904697610594558776 ) ) ;
#2630 = CARTESIAN_POINT ( 'NONE',  ( -2.279999999999999361, -1.679999999999999716, 3.749999999999996447 ) ) ;
#2631 = ORIENTED_EDGE ( 'NONE', *, *, #4526, .F. ) ;
#2632 =( GEOMETRIC_REPRESENTATION_CONTEXT ( 3 ) GLOBAL_UNCERTAINTY_ASSIGNED_CONTEXT ( ( #4849 ) ) GLOBAL_UNIT_ASSIGNED_CONTEXT ( ( #5135, #1367, #5569 ) ) REPRESENTATION_CONTEXT ( 'NONE', 'WORKASPACE' ) );
#2633 = CARTESIAN_POINT ( 'NONE',  ( -0.4614045175258669751, -2.023298562962320801, 2.750000000000000444 ) ) ;
#2634 = CARTESIAN_POINT ( 'NONE',  ( -1.894321100167399186, -2.120000000000000107, 2.847050551997083900 ) ) ;
#2635 = CARTESIAN_POINT ( 'NONE',  ( 2.453520808369323625, 1.600015782465874503, 3.749999999643655713 ) ) ;
#2636 = ORIENTED_EDGE ( 'NONE', *, *, #3833, .T. ) ;
#2637 = CARTESIAN_POINT ( 'NONE',  ( 0.000000000000000000, 0.000000000000000000, 3.749999999999996447 ) ) ;
#2638 = FILL_AREA_STYLE ('',( #2526 ) ) ;
#2639 = SURFACE_STYLE_USAGE ( .BOTH. , #709 ) ;
#2640 = CARTESIAN_POINT ( 'NONE',  ( -1.609791465412425682, -2.001136681481006541, 2.458319602836306128 ) ) ;
#2641 = ORIENTED_EDGE ( 'NONE', *, *, #2975, .F. ) ;
#2642 = LINE ( 'NONE', #5900, #5936 ) ;
#2643 = EDGE_CURVE ( 'NONE', #5526, #2219, #2139, .T. ) ;
#2644 =( GEOMETRIC_REPRESENTATION_CONTEXT ( 3 ) GLOBAL_UNCERTAINTY_ASSIGNED_CONTEXT ( ( #2278 ) ) GLOBAL_UNIT_ASSIGNED_CONTEXT ( ( #5689, #1940, #5217 ) ) REPRESENTATION_CONTEXT ( 'NONE', 'WORKASPACE' ) );
#2645 = SURFACE_STYLE_USAGE ( .BOTH. , #2048 ) ;
#2646 = CIRCLE ( 'NONE', #6075, 0.3800000000000001155 ) ;
#2647 = CARTESIAN_POINT ( 'NONE',  ( -2.274693849137666035, -2.501304965372380451, 2.757400826391611215 ) ) ;
#2648 = ORIENTED_EDGE ( 'NONE', *, *, #621, .F. ) ;
#2649 = CARTESIAN_POINT ( 'NONE',  ( 2.383169911606988656, 1.341406881679296559, 1.791103798082400944 ) ) ;
#2650 = CARTESIAN_POINT ( 'NONE',  ( -3.100000000000000089, -2.500000000000000000, 2.914213562373119348 ) ) ;
#2651 = FACE_OUTER_BOUND ( 'NONE', #4557, .T. ) ;
#2652 =( NAMED_UNIT ( * ) SI_UNIT ( $, .STERADIAN. ) SOLID_ANGLE_UNIT ( ) );
#2653 = UNCERTAINTY_MEASURE_WITH_UNIT (LENGTH_MEASURE( 1.000000000000000082E-05 ), #188, 'distance_accuracy_value', 'NONE');
#2654 = ORIENTED_EDGE ( 'NONE', *, *, #3327, .T. ) ;
#2655 =( LENGTH_UNIT ( ) NAMED_UNIT ( * ) SI_UNIT ( .MILLI., .METRE. ) );
#2656 = ORIENTED_EDGE ( 'NONE', *, *, #4970, .T. ) ;
#2657 = FACE_OUTER_BOUND ( 'NONE', #4795, .T. ) ;
#2658 = CARTESIAN_POINT ( 'NONE',  ( -3.100000000000000533, -1.764015685209131989, 3.369999999999996998 ) ) ;
#2659 = ORIENTED_EDGE ( 'NONE', *, *, #4242, .T. ) ;
#2660 = DIRECTION ( 'NONE',  ( 0.000000000000000000, 0.000000000000000000, -1.000000000000000000 ) ) ;
#2661 = ORIENTED_EDGE ( 'NONE', *, *, #3752, .T. ) ;
#2662 = PRESENTATION_STYLE_ASSIGNMENT (( #5452 ) ) ;
#2663 = CARTESIAN_POINT ( 'NONE',  ( -1.471418547700371615, -2.211165319028336906, 2.231529443088907438 ) ) ;
#2664 = STYLED_ITEM ( 'NONE', ( #1701 ), #1506 ) ;
#2665 = CARTESIAN_POINT ( 'NONE',  ( -2.719999999999999751, -1.696039219456288549, 3.749999999999996447 ) ) ;
#2666 = ORIENTED_EDGE ( 'NONE', *, *, #1107, .T. ) ;
#2667 = SURFACE_STYLE_USAGE ( .BOTH. , #1693 ) ;
#2668 = FILL_AREA_STYLE_COLOUR ( '', #3034 ) ;
#2669 = PRESENTATION_LAYER_ASSIGNMENT (  '', '', ( #1234 ) ) ;
#2670 = CIRCLE ( 'NONE', #3594, 0.2500000000000002220 ) ;
#2671 = UNCERTAINTY_MEASURE_WITH_UNIT (LENGTH_MEASURE( 1.000000000000000082E-05 ), #3360, 'distance_accuracy_value', 'NONE');
#2672 = DIRECTION ( 'NONE',  ( 1.000000000000000000, 0.000000000000000000, 0.000000000000000000 ) ) ;
#2673 = FILL_AREA_STYLE_COLOUR ( '', #2535 ) ;
#2674 = COLOUR_RGB ( '',1.000000000000000000, 1.000000000000000000, 1.000000000000000000 ) ;
#2675 = ORIENTED_EDGE ( 'NONE', *, *, #261, .F. ) ;
#2676 = CARTESIAN_POINT ( 'NONE',  ( -1.894321100167399186, -2.120000000000000107, 2.847050551997083900 ) ) ;
#2677 =( GEOMETRIC_REPRESENTATION_CONTEXT ( 3 ) GLOBAL_UNCERTAINTY_ASSIGNED_CONTEXT ( ( #2895 ) ) GLOBAL_UNIT_ASSIGNED_CONTEXT ( ( #4207, #1861, #3765 ) ) REPRESENTATION_CONTEXT ( 'NONE', 'WORKASPACE' ) );
#2678 = EDGE_CURVE ( 'NONE', #4274, #962, #2282, .T. ) ;
#2679 = CARTESIAN_POINT ( 'NONE',  ( -1.960045167603168936, -1.299999999999999600, 2.271172151325272726 ) ) ;
#2680 = CARTESIAN_POINT ( 'NONE',  ( 2.544128488125751097, 1.300000000000007594, 3.685384098565852806 ) ) ;
#2681 = CIRCLE ( 'NONE', #1443, 0.2999999999999999334 ) ;
#2682 = FILL_AREA_STYLE ('',( #3655 ) ) ;
#2683 = SURFACE_STYLE_USAGE ( .BOTH. , #3614 ) ;
#2684 = DIRECTION ( 'NONE',  ( 0.000000000000000000, 0.000000000000000000, 1.000000000000000000 ) ) ;
#2685 = STYLED_ITEM ( 'NONE', ( #731 ), #4239 ) ;
#2686 = EDGE_CURVE ( 'NONE', #1682, #5093, #382, .T. ) ;
#2687 = CARTESIAN_POINT ( 'NONE',  ( -2.635432565014450557, -1.679999999999999716, 1.433351036997342121 ) ) ;
#2688 = CYLINDRICAL_SURFACE ( 'NONE', #1874, 0.3800000000000001155 ) ;
#2689 = ORIENTED_EDGE ( 'NONE', *, *, #281, .T. ) ;
#2690 = CARTESIAN_POINT ( 'NONE',  ( -1.481412374049071223, -2.311777963038697870, 2.053318055468871695 ) ) ;
#2691 = CARTESIAN_POINT ( 'NONE',  ( -3.100000000000000089, -1.696039219456288549, 3.369999999999996110 ) ) ;
#2692 = SURFACE_STYLE_USAGE ( .BOTH. , #4571 ) ;
#2693 = DIRECTION ( 'NONE',  ( 1.000000000000000000, 0.000000000000000000, 0.000000000000000000 ) ) ;
#2694 = ORIENTED_EDGE ( 'NONE', *, *, #5306, .T. ) ;
#2695 = CARTESIAN_POINT ( 'NONE',  ( 2.182241149309182227, 1.050000058562744698, 1.680448353259474281 ) ) ;
#2696 = CARTESIAN_POINT ( 'NONE',  ( 2.458655869717814024, 1.577413146805873190, 1.610127732293976877 ) ) ;
#2697 = CARTESIAN_POINT ( 'NONE',  ( 1.745231341011713955, 2.472450580568232859, 2.593759478435591959 ) ) ;
#2698 =( GEOMETRIC_REPRESENTATION_CONTEXT ( 3 ) GLOBAL_UNCERTAINTY_ASSIGNED_CONTEXT ( ( #215 ) ) GLOBAL_UNIT_ASSIGNED_CONTEXT ( ( #2908, #1024, #2929 ) ) REPRESENTATION_CONTEXT ( 'NONE', 'WORKASPACE' ) );
#2699 = UNCERTAINTY_MEASURE_WITH_UNIT (LENGTH_MEASURE( 1.000000000000000082E-05 ), #1278, 'distance_accuracy_value', 'NONE');
#2700 =( GEOMETRIC_REPRESENTATION_CONTEXT ( 3 ) GLOBAL_UNCERTAINTY_ASSIGNED_CONTEXT ( ( #3381 ) ) GLOBAL_UNIT_ASSIGNED_CONTEXT ( ( #667, #2082, #5812 ) ) REPRESENTATION_CONTEXT ( 'NONE', 'WORKASPACE' ) );
#2701 = DIRECTION ( 'NONE',  ( -0.000000000000000000, -1.000000000000000000, -0.000000000000000000 ) ) ;
#2702 = CARTESIAN_POINT ( 'NONE',  ( 2.411203607720736830, 1.869935111773248337, 1.314901932419504149 ) ) ;
#2703 = DIRECTION ( 'NONE',  ( 0.000000000000000000, 0.000000000000000000, -1.000000000000000000 ) ) ;
#2704 = CARTESIAN_POINT ( 'NONE',  ( -1.604526590296335931, -2.137347596400354099, 2.430551628706324241 ) ) ;
#2705 = STYLED_ITEM ( 'NONE', ( #753 ), #4874 ) ;
#2706 = LINE ( 'NONE', #5700, #2784 ) ;
#2707 = MECHANICAL_DESIGN_GEOMETRIC_PRESENTATION_REPRESENTATION (  '', ( #3356 ), #3665 ) ;
#2708 = FILL_AREA_STYLE ('',( #4130 ) ) ;
#2709 = CARTESIAN_POINT ( 'NONE',  ( 2.435214774646506264, -2.249747621903325445, 1.330748237784056265 ) ) ;
#2710 = AXIS2_PLACEMENT_3D ( 'NONE', #1782, #2274, #2693 ) ;
#2711 = ORIENTED_EDGE ( 'NONE', *, *, #1417, .T. ) ;
#2712 = STYLED_ITEM ( 'NONE', ( #5818 ), #2379 ) ;
#2713 = DIRECTION ( 'NONE',  ( 0.000000000000000000, 1.000000000000000000, 0.000000000000000000 ) ) ;
#2714 = CARTESIAN_POINT ( 'NONE',  ( -2.719999999999999751, -2.120000000000000107, 2.914213562373119348 ) ) ;
#2715 = EDGE_CURVE ( 'NONE', #3212, #2733, #3261, .T. ) ;
#2716 = ORIENTED_EDGE ( 'NONE', *, *, #4887, .F. ) ;
#2717 = FILL_AREA_STYLE_COLOUR ( '', #5800 ) ;
#2718 = COLOUR_RGB ( '',1.000000000000000000, 1.000000000000000000, 1.000000000000000000 ) ;
#2719 = AXIS2_PLACEMENT_3D ( 'NONE', #5156, #2340, #6 ) ;
#2720 = PRESENTATION_STYLE_ASSIGNMENT (( #4648 ) ) ;
#2721 = DIRECTION ( 'NONE',  ( -1.000000000000000000, 0.000000000000000000, 0.000000000000000000 ) ) ;
#2722 = ORIENTED_EDGE ( 'NONE', *, *, #5016, .F. ) ;
#2723 =( NAMED_UNIT ( * ) SI_UNIT ( $, .STERADIAN. ) SOLID_ANGLE_UNIT ( ) );
#2724 = CARTESIAN_POINT ( 'NONE',  ( -1.899999999999999245, -1.299999999999999600, 3.369999999999996110 ) ) ;
#2725 = COLOUR_RGB ( '',1.000000000000000000, 1.000000000000000000, 1.000000000000000000 ) ;
#2726 = PRESENTATION_LAYER_ASSIGNMENT (  '', '', ( #941 ) ) ;
#2727 = CIRCLE ( 'NONE', #4359, 0.3800000000000001710 ) ;
#2728 = ORIENTED_EDGE ( 'NONE', *, *, #3877, .T. ) ;
#2729 =( GEOMETRIC_REPRESENTATION_CONTEXT ( 3 ) GLOBAL_UNCERTAINTY_ASSIGNED_CONTEXT ( ( #1554 ) ) GLOBAL_UNIT_ASSIGNED_CONTEXT ( ( #1313, #1786, #420 ) ) REPRESENTATION_CONTEXT ( 'NONE', 'WORKASPACE' ) );
#2730 = DIRECTION ( 'NONE',  ( 1.000000000000000000, 0.000000000000000000, 0.000000000000000000 ) ) ;
#2731 = SURFACE_SIDE_STYLE ('',( #1756 ) ) ;
#2732 = SURFACE_STYLE_USAGE ( .BOTH. , #2779 ) ;
#2733 = VERTEX_POINT ( 'NONE', #2351 ) ;
#2734 = UNCERTAINTY_MEASURE_WITH_UNIT (LENGTH_MEASURE( 1.000000000000000082E-05 ), #3134, 'distance_accuracy_value', 'NONE');
#2735 =( LENGTH_UNIT ( ) NAMED_UNIT ( * ) SI_UNIT ( .MILLI., .METRE. ) );
#2736 = CARTESIAN_POINT ( 'NONE',  ( -1.808392587802122975, -2.267473959965859542, 1.431279296566628112 ) ) ;
#2737 = ORIENTED_EDGE ( 'NONE', *, *, #984, .F. ) ;
#2738 = COLOUR_RGB ( '',1.000000000000000000, 1.000000000000000000, 1.000000000000000000 ) ;
#2739 = CARTESIAN_POINT ( 'NONE',  ( -2.631370849898482245, -1.299999999999999600, 1.782842712474649538 ) ) ;
#2740 = CIRCLE ( 'NONE', #5290, 0.2500000000000000555 ) ;
#2741 = CARTESIAN_POINT ( 'NONE',  ( 2.280000000000000249, 1.680000000000000160, 3.749999999999996891 ) ) ;
#2742 = EDGE_LOOP ( 'NONE', ( #2993, #882, #885, #543 ) ) ;
#2743 = CIRCLE ( 'NONE', #1848, 0.2999999999999999334 ) ;
#2744 = VECTOR ( 'NONE', #846, 1000.000000000000000 ) ;
#2745 = DIRECTION ( 'NONE',  ( 1.000000000000000000, 0.000000000000000000, -7.132909029509895711E-17 ) ) ;
#2746 =( LENGTH_UNIT ( ) NAMED_UNIT ( * ) SI_UNIT ( .MILLI., .METRE. ) );
#2747 = SURFACE_SIDE_STYLE ('',( #982 ) ) ;
#2748 = ORIENTED_EDGE ( 'NONE', *, *, #5787, .F. ) ;
#2749 = ORIENTED_EDGE ( 'NONE', *, *, #5618, .F. ) ;
#2750 = SURFACE_SIDE_STYLE ('',( #757 ) ) ;
#2751 = CARTESIAN_POINT ( 'NONE',  ( -1.515858947548708979, -1.957976286444439884, 2.316481762605913097 ) ) ;
#2752 = PRESENTATION_LAYER_ASSIGNMENT (  '', '', ( #933 ) ) ;
#2753 = PRESENTATION_STYLE_ASSIGNMENT (( #439 ) ) ;
#2754 = FILL_AREA_STYLE_COLOUR ( '', #4870 ) ;
#2755 = VECTOR ( 'NONE', #2022, 1000.000000000000000 ) ;
#2756 = ORIENTED_EDGE ( 'NONE', *, *, #5850, .T. ) ;
#2757 = MECHANICAL_DESIGN_GEOMETRIC_PRESENTATION_REPRESENTATION (  '', ( #4518 ), #855 ) ;
#2758 = CARTESIAN_POINT ( 'NONE',  ( 1.681314278894791459, 1.050000078839292028, 2.181493846487588595 ) ) ;
#2759 = CIRCLE ( 'NONE', #5419, 0.3800000000000001155 ) ;
#2760 = CARTESIAN_POINT ( 'NONE',  ( 1.610127732293952230, 1.680000000000000160, 2.458655869717829123 ) ) ;
#2761 = CARTESIAN_POINT ( 'NONE',  ( -2.316855752047091599, -1.948637001197772500, 1.464128520451391635 ) ) ;
#2762 = COLOUR_RGB ( '',1.000000000000000000, 1.000000000000000000, 1.000000000000000000 ) ;
#2763 = CARTESIAN_POINT ( 'NONE',  ( -1.499999999999999556, -1.679999999999999716, 2.914213562373118904 ) ) ;
#2764 =( GEOMETRIC_REPRESENTATION_CONTEXT ( 3 ) GLOBAL_UNCERTAINTY_ASSIGNED_CONTEXT ( ( #960 ) ) GLOBAL_UNIT_ASSIGNED_CONTEXT ( ( #5923, #407, #3733 ) ) REPRESENTATION_CONTEXT ( 'NONE', 'WORKASPACE' ) );
#2765 = ORIENTED_EDGE ( 'NONE', *, *, #2579, .T. ) ;
#2766 = CARTESIAN_POINT ( 'NONE',  ( -2.458655869717812692, -1.858097098590087315, 1.610127732293977987 ) ) ;
#2767 = ORIENTED_EDGE ( 'NONE', *, *, #3732, .F. ) ;
#2768 = CARTESIAN_POINT ( 'NONE',  ( 3.099999999999999645, 1.300000000000000044, 2.914213562373118016 ) ) ;
#2769 =( NAMED_UNIT ( * ) SI_UNIT ( $, .STERADIAN. ) SOLID_ANGLE_UNIT ( ) );
#2770 = FILL_AREA_STYLE ('',( #2289 ) ) ;
#2771 = EDGE_CURVE ( 'NONE', #5451, #4004, #721, .T. ) ;
#2772 = PRESENTATION_LAYER_ASSIGNMENT (  '', '', ( #5317 ) ) ;
#2773 = DIRECTION ( 'NONE',  ( 0.7071067811865439090, -0.000000000000000000, 0.7071067811865511255 ) ) ;
#2774 = CARTESIAN_POINT ( 'NONE',  ( -2.465914902230887051, -1.299999999999999600, 3.378513995163114458 ) ) ;
#2775 = CARTESIAN_POINT ( 'NONE',  ( -1.313905117247536447, -1.972943487486413128, 2.415813184596594887 ) ) ;
#2776 = CARTESIAN_POINT ( 'NONE',  ( 1.899999999999999911, 1.300000000000000044, 3.369999999999996110 ) ) ;
#2777 = CARTESIAN_POINT ( 'NONE',  ( -2.393007299479470884, -1.963666907034498088, 1.301914167461369676 ) ) ;
#2778 = CARTESIAN_POINT ( 'NONE',  ( 2.678424856787921637, -1.717390213037059077, 0.7198066917654565300 ) ) ;
#2779 = SURFACE_SIDE_STYLE ('',( #2409 ) ) ;
#2780 = CARTESIAN_POINT ( 'NONE',  ( 1.796708070302905691, 1.050000000000000044, 2.081907805381498999 ) ) ;
#2781 = CARTESIAN_POINT ( 'NONE',  ( -2.088881665792176712, -2.220336342338552704, 1.425771735457420419 ) ) ;
#2782 =( BOUNDED_CURVE ( )  B_SPLINE_CURVE ( 3, ( #4617, #2807, #3756, #5586 ),
 .UNSPECIFIED., .F., .T. ) 
 B_SPLINE_CURVE_WITH_KNOTS ( ( 4, 4 ),
 ( 3.141592653589793116, 3.832186843843078172 ),
 .UNSPECIFIED. ) 
 CURVE ( )  GEOMETRIC_REPRESENTATION_ITEM ( )  RATIONAL_B_SPLINE_CURVE ( ( 1.000000000000000000, 0.9606499563273867004, 0.9606499563273867004, 1.000000000000000000 ) ) 
 REPRESENTATION_ITEM ( '' )  );
#2783 = EDGE_CURVE ( 'NONE', #5153, #5526, #1612, .T. ) ;
#2784 = VECTOR ( 'NONE', #585, 1000.000000000000000 ) ;
#2785 = SURFACE_STYLE_FILL_AREA ( #1076 ) ;
#2786 = DIRECTION ( 'NONE',  ( 0.000000000000000000, 0.000000000000000000, 1.000000000000000000 ) ) ;
#2787 = ADVANCED_FACE ( 'NONE', ( #3992 ), #2517, .F. ) ;
#2788 = AXIS2_PLACEMENT_3D ( 'NONE', #4400, #4916, #2105 ) ;
#2789 = PLANE ( 'NONE',  #1667 ) ;
#2790 = VECTOR ( 'NONE', #1057, 1000.000000000000000 ) ;
#2791 = CARTESIAN_POINT ( 'NONE',  ( -2.636052846764500135, -1.299999999999999600, 3.372183489019747071 ) ) ;
#2792 = CARTESIAN_POINT ( 'NONE',  ( 1.610127732293952896, 1.972943487486412462, 2.458655869717829567 ) ) ;
#2793 = CARTESIAN_POINT ( 'NONE',  ( -2.716008807648081724, -2.499933720857093089, 2.749624112301811252 ) ) ;
#2794 = FILL_AREA_STYLE ('',( #5614 ) ) ;
#2795 = DIRECTION ( 'NONE',  ( 1.000000000000000000, -0.000000000000000000, 0.000000000000000000 ) ) ;
#2796 = AXIS2_PLACEMENT_3D ( 'NONE', #2853, #5630, #5183 ) ;
#2797 =( NAMED_UNIT ( * ) PLANE_ANGLE_UNIT ( ) SI_UNIT ( $, .RADIAN. ) );
#2798 = VERTEX_POINT ( 'NONE', #463 ) ;
#2799 = LINE ( 'NONE', #3968, #570 ) ;
#2800 = VECTOR ( 'NONE', #3818, 1000.000000000000114 ) ;
#2801 = EDGE_CURVE ( 'NONE', #1400, #4788, #2484, .T. ) ;
#2802 = DIRECTION ( 'NONE',  ( -0.7071067811865515695, 0.000000000000000000, -0.7071067811865435759 ) ) ;
#2803 = ORIENTED_EDGE ( 'NONE', *, *, #875, .T. ) ;
#2804 = EDGE_CURVE ( 'NONE', #4943, #5897, #180, .T. ) ;
#2805 = STYLED_ITEM ( 'NONE', ( #1220 ), #4174 ) ;
#2806 = EDGE_CURVE ( 'NONE', #2593, #841, #1250, .T. ) ;
#2807 = CARTESIAN_POINT ( 'NONE',  ( 0.5520007124314318947, 2.417221664167203521, 2.280540728933231343 ) ) ;
#2808 = FACE_OUTER_BOUND ( 'NONE', #305, .T. ) ;
#2809 = ORIENTED_EDGE ( 'NONE', *, *, #3132, .T. ) ;
#2810 = SURFACE_SIDE_STYLE ('',( #4497 ) ) ;
#2811 = DIRECTION ( 'NONE',  ( 1.000000000000000000, -2.159382725279304140E-17, 1.224646799147353454E-16 ) ) ;
#2812 = ORIENTED_EDGE ( 'NONE', *, *, #3989, .T. ) ;
#2813 = DIRECTION ( 'NONE',  ( -0.000000000000000000, -0.000000000000000000, 1.000000000000000000 ) ) ;
#2814 = FACE_OUTER_BOUND ( 'NONE', #2819, .T. ) ;
#2815 = CARTESIAN_POINT ( 'NONE',  ( -2.670094770110980065, -1.299999999999999600, 3.370000105193565521 ) ) ;
#2816 = CARTESIAN_POINT ( 'NONE',  ( -1.310626595474602807, -2.141712356523457483, 2.381874811610782849 ) ) ;
#2817 = COLOUR_RGB ( '',1.000000000000000000, 1.000000000000000000, 1.000000000000000000 ) ;
#2818 =( LENGTH_UNIT ( ) NAMED_UNIT ( * ) SI_UNIT ( .MILLI., .METRE. ) );
#2819 = EDGE_LOOP ( 'NONE', ( #168, #896, #1550 ) ) ;
#2820 = CARTESIAN_POINT ( 'NONE',  ( 2.298085386235351191, 2.157537612826516682, 1.538511188095343041 ) ) ;
#2821 = UNCERTAINTY_MEASURE_WITH_UNIT (LENGTH_MEASURE( 1.000000000000000082E-05 ), #5270, 'distance_accuracy_value', 'NONE');
#2822 = CARTESIAN_POINT ( 'NONE',  ( 2.750000000000000444, -1.554689462552740986, -0.3599741476875513713 ) ) ;
#2823 = ORIENTED_EDGE ( 'NONE', *, *, #1494, .T. ) ;
#2824 = CARTESIAN_POINT ( 'NONE',  ( 1.657911192808659173, 1.318102659775194585, 2.198647454574599536 ) ) ;
#2825 = ADVANCED_FACE ( 'NONE', ( #1767 ), #4748, .T. ) ;
#2826 = ORIENTED_EDGE ( 'NONE', *, *, #581, .T. ) ;
#2827 = DIRECTION ( 'NONE',  ( -5.188895745013400325E-16, 0.000000000000000000, -1.000000000000000000 ) ) ;
#2828 = VECTOR ( 'NONE', #3137, 1000.000000000000000 ) ;
#2829 = CIRCLE ( 'NONE', #4835, 0.3800000000000001155 ) ;
#2830 = FACE_OUTER_BOUND ( 'NONE', #2433, .T. ) ;
#2831 = FACE_OUTER_BOUND ( 'NONE', #5398, .T. ) ;
#2832 = CARTESIAN_POINT ( 'NONE',  ( 2.362670273047593472, 2.365208070679267305, 1.985556981812102384 ) ) ;
#2833 = FACE_OUTER_BOUND ( 'NONE', #902, .T. ) ;
#2834 = AXIS2_PLACEMENT_3D ( 'NONE', #1557, #623, #2491 ) ;
#2835 = CARTESIAN_POINT ( 'NONE',  ( -1.496939041224877975, -2.322276459780242330, 1.742079717433545838 ) ) ;
#2836 = CARTESIAN_POINT ( 'NONE',  ( 4.699999999999998401, -1.588484854837450611, -2.419459271066770167 ) ) ;
#2837 = STYLED_ITEM ( 'NONE', ( #5325 ), #486 ) ;
#2838 = AXIS2_PLACEMENT_3D ( 'NONE', #2935, #3956, #2494 ) ;
#2839 = CARTESIAN_POINT ( 'NONE',  ( -2.137130807631738794, -1.295300461020076899, 1.732719274919184649 ) ) ;
#2840 = CYLINDRICAL_SURFACE ( 'NONE', #433, 0.2499999999999997780 ) ;
#2841 = DIRECTION ( 'NONE',  ( -1.279048221035206657E-15, -1.000000000000000000, 1.279048221035222237E-15 ) ) ;
#2842 = DIRECTION ( 'NONE',  ( 1.000000000000000000, 0.000000000000000000, 0.000000000000000000 ) ) ;
#2843 = VERTEX_POINT ( 'NONE', #920 ) ;
#2844 = ADVANCED_FACE ( 'NONE', ( #1329 ), #331, .T. ) ;
#2845 = SURFACE_SIDE_STYLE ('',( #3100 ) ) ;
#2846 = MECHANICAL_DESIGN_GEOMETRIC_PRESENTATION_REPRESENTATION (  '', ( #2530 ), #3795 ) ;
#2847 = ORIENTED_EDGE ( 'NONE', *, *, #470, .T. ) ;
#2848 = ADVANCED_FACE ( 'NONE', ( #5509 ), #1970, .T. ) ;
#2849 = CARTESIAN_POINT ( 'NONE',  ( 2.280000000000000249, 1.680000000000000160, 3.749999999999996447 ) ) ;
#2850 = STYLED_ITEM ( 'NONE', ( #5142 ), #4344 ) ;
#2851 = CARTESIAN_POINT ( 'NONE',  ( 2.500000000000000000, 1.900000000000000133, 3.749999999999996447 ) ) ;
#2852 = CARTESIAN_POINT ( 'NONE',  ( -2.182241149309197770, -1.050000058562744254, 1.680448353259456074 ) ) ;
#2853 = CARTESIAN_POINT ( 'NONE',  ( 2.719999999999999307, 2.120000000000000107, 2.914213562373118016 ) ) ;
#2854 = SURFACE_STYLE_USAGE ( .BOTH. , #4277 ) ;
#2855 = UNCERTAINTY_MEASURE_WITH_UNIT (LENGTH_MEASURE( 1.000000000000000082E-05 ), #2582, 'distance_accuracy_value', 'NONE');
#2856 = DIRECTION ( 'NONE',  ( 0.000000000000000000, 0.000000000000000000, -1.000000000000000000 ) ) ;
#2857 =( LENGTH_UNIT ( ) NAMED_UNIT ( * ) SI_UNIT ( .MILLI., .METRE. ) );
#2858 = PRESENTATION_LAYER_ASSIGNMENT (  '', '', ( #2549 ) ) ;
#2859 = PRESENTATION_STYLE_ASSIGNMENT (( #1984 ) ) ;
#2860 = UNCERTAINTY_MEASURE_WITH_UNIT (LENGTH_MEASURE( 1.000000000000000082E-05 ), #220, 'distance_accuracy_value', 'NONE');
#2861 = PRESENTATION_STYLE_ASSIGNMENT (( #3116 ) ) ;
#2862 = VERTEX_POINT ( 'NONE', #3081 ) ;
#2863 = PRESENTATION_LAYER_ASSIGNMENT (  '', '', ( #1588 ) ) ;
#2864 = DIRECTION ( 'NONE',  ( -0.7016738431598602554, -0.1237240302064796238, -0.7016738431598672499 ) ) ;
#2865 = CARTESIAN_POINT ( 'NONE',  ( 2.500000000000000000, 1.900000000000000133, 3.749999999999996447 ) ) ;
#2866 = FILL_AREA_STYLE ('',( #993 ) ) ;
#2867 = SURFACE_STYLE_FILL_AREA ( #4012 ) ;
#2868 = STYLED_ITEM ( 'NONE', ( #4624 ), #5333 ) ;
#2869 = DIRECTION ( 'NONE',  ( -5.188895745013400325E-16, 0.000000000000000000, -1.000000000000000000 ) ) ;
#2870 = ORIENTED_EDGE ( 'NONE', *, *, #185, .F. ) ;
#2871 = CARTESIAN_POINT ( 'NONE',  ( 0.000000000000000000, -1.194561753632566781, -2.750000000000000444 ) ) ;
#2872 = CARTESIAN_POINT ( 'NONE',  ( -1.373244268038243954, -1.349181415301549336, 2.385066026287506080 ) ) ;
#2873 = DIRECTION ( 'NONE',  ( 0.000000000000000000, 0.000000000000000000, 1.000000000000000000 ) ) ;
#2874 = CIRCLE ( 'NONE', #5581, 0.3800000000000000600 ) ;
#2875 = STYLED_ITEM ( 'NONE', ( #189 ), #3411 ) ;
#2876 = LINE ( 'NONE', #3648, #1396 ) ;
#2877 = CARTESIAN_POINT ( 'NONE',  ( -1.499999999999999556, -1.899999999999999911, 2.914213562373118904 ) ) ;
#2878 = VECTOR ( 'NONE', #1179, 1000.000000000000000 ) ;
#2879 = ADVANCED_FACE ( 'NONE', ( #4408 ), #579, .T. ) ;
#2880 = DIRECTION ( 'NONE',  ( 0.000000000000000000, 0.000000000000000000, -1.000000000000000000 ) ) ;
#2881 = ORIENTED_EDGE ( 'NONE', *, *, #545, .F. ) ;
#2882 = B_SPLINE_CURVE_WITH_KNOTS ( 'NONE', 3,
 ( #5851, #2561, #690, #3069, #1646, #1659 ),
 .UNSPECIFIED., .F., .F.,
 ( 4, 2, 4 ),
 ( 0.000000000000000000, 0.0002044523773157524136, 0.0004089047546315048272 ),
 .UNSPECIFIED. ) ;
#2883 = PRESENTATION_STYLE_ASSIGNMENT (( #4966 ) ) ;
#2884 = VERTEX_POINT ( 'NONE', #876 ) ;
#2885 = ORIENTED_EDGE ( 'NONE', *, *, #4281, .T. ) ;
#2886 = EDGE_CURVE ( 'NONE', #5658, #3962, #1320, .T. ) ;
#2887 = ORIENTED_EDGE ( 'NONE', *, *, #1070, .T. ) ;
#2888 = MECHANICAL_DESIGN_GEOMETRIC_PRESENTATION_REPRESENTATION (  '', ( #3966 ), #4372 ) ;
#2889 = EDGE_CURVE ( 'NONE', #2529, #2919, #5265, .T. ) ;
#2890 = PRODUCT_DEFINITION_SHAPE ( 'NONE', 'NONE',  #2198 ) ;
#2891 = FACE_OUTER_BOUND ( 'NONE', #2418, .T. ) ;
#2892 = DIRECTION ( 'NONE',  ( 0.000000000000000000, 0.000000000000000000, -1.000000000000000000 ) ) ;
#2893 = CARTESIAN_POINT ( 'NONE',  ( 1.609120323021630217, 2.015209261777565874, 2.457648460445506888 ) ) ;
#2894 = VERTEX_POINT ( 'NONE', #1765 ) ;
#2895 = UNCERTAINTY_MEASURE_WITH_UNIT (LENGTH_MEASURE( 1.000000000000000082E-05 ), #4207, 'distance_accuracy_value', 'NONE');
#2896 = VERTEX_POINT ( 'NONE', #1807 ) ;
#2897 = PRESENTATION_STYLE_ASSIGNMENT (( #1077 ) ) ;
#2898 = CARTESIAN_POINT ( 'NONE',  ( -2.279999999999999361, -1.696039219456288549, 3.749999999999996447 ) ) ;
#2899 = CARTESIAN_POINT ( 'NONE',  ( -2.269285443776576816, -1.118648245366261840, 1.557132149313691150 ) ) ;
#2900 = DIRECTION ( 'NONE',  ( -1.224646799147353947E-16, 0.000000000000000000, -1.000000000000000000 ) ) ;
#2901 = CARTESIAN_POINT ( 'NONE',  ( -1.610127742796304773, -1.578618756858877870, 2.458655880220184553 ) ) ;
#2902 = EDGE_LOOP ( 'NONE', ( #3885, #4431, #2885 ) ) ;
#2903 = CARTESIAN_POINT ( 'NONE',  ( 3.367778697655221505E-16, 2.023298562962319913, 2.750000000000000444 ) ) ;
#2904 = CARTESIAN_POINT ( 'NONE',  ( 3.367778697655221505E-16, 2.023298562962319913, 2.750000000000000444 ) ) ;
#2905 = CIRCLE ( 'NONE', #1025, 0.2999999999999999334 ) ;
#2906 = CARTESIAN_POINT ( 'NONE',  ( -3.100000000000000089, -1.299999999999999600, 2.914213562373119348 ) ) ;
#2907 = CARTESIAN_POINT ( 'NONE',  ( -2.199083809030673908, 1.354281413209603491, -1.690003487495336687 ) ) ;
#2908 =( LENGTH_UNIT ( ) NAMED_UNIT ( * ) SI_UNIT ( .MILLI., .METRE. ) );
#2909 = PRESENTATION_STYLE_ASSIGNMENT (( #4182 ) ) ;
#2910 = MECHANICAL_DESIGN_GEOMETRIC_PRESENTATION_REPRESENTATION (  '', ( #4824 ), #1229 ) ;
#2911 = CARTESIAN_POINT ( 'NONE',  ( 1.433351036997314587, 1.972943487486412462, 2.385432565014465656 ) ) ;
#2912 = MECHANICAL_DESIGN_GEOMETRIC_PRESENTATION_REPRESENTATION (  '', ( #603 ), #1988 ) ;
#2913 = ADVANCED_FACE ( 'NONE', ( #3104 ), #5497, .T. ) ;
#2914 = LINE ( 'NONE', #205, #1645 ) ;
#2915 =( LENGTH_UNIT ( ) NAMED_UNIT ( * ) SI_UNIT ( .MILLI., .METRE. ) );
#2916 = AXIS2_PLACEMENT_3D ( 'NONE', #5402, #1169, #3975 ) ;
#2917 = AXIS2_PLACEMENT_3D ( 'NONE', #4373, #1587, #1552 ) ;
#2918 = CARTESIAN_POINT ( 'NONE',  ( -1.899999999999999245, -2.120000000000000107, 3.369999999999996110 ) ) ;
#2919 = VERTEX_POINT ( 'NONE', #1395 ) ;
#2920 = CARTESIAN_POINT ( 'NONE',  ( 1.900000000000000133, 2.120000000000000107, 3.749999999999996447 ) ) ;
#2921 = DIRECTION ( 'NONE',  ( -1.000000000000000000, 0.000000000000000000, 0.000000000000000000 ) ) ;
#2922 = PLANE ( 'NONE',  #4972 ) ;
#2923 = DIRECTION ( 'NONE',  ( 0.000000000000000000, 1.000000000000000000, 0.000000000000000000 ) ) ;
#2924 = EDGE_CURVE ( 'NONE', #5440, #2133, #5739, .T. ) ;
#2925 =( NAMED_UNIT ( * ) SI_UNIT ( $, .STERADIAN. ) SOLID_ANGLE_UNIT ( ) );
#2926 = B_SPLINE_CURVE_WITH_KNOTS ( 'NONE', 3,
 ( #813, #4529, #286, #5489, #4117, #5971 ),
 .UNSPECIFIED., .F., .F.,
 ( 4, 2, 4 ),
 ( 0.000000000000000000, 0.0003055210254767797072, 0.0006110420509535594144 ),
 .UNSPECIFIED. ) ;
#2927 = EDGE_CURVE ( 'NONE', #3620, #310, #2874, .T. ) ;
#2928 = CARTESIAN_POINT ( 'NONE',  ( -1.661320464260620522, 1.623703130348951085, -2.219726505440292819 ) ) ;
#2929 =( NAMED_UNIT ( * ) SI_UNIT ( $, .STERADIAN. ) SOLID_ANGLE_UNIT ( ) );
#2930 = MECHANICAL_DESIGN_GEOMETRIC_PRESENTATION_REPRESENTATION (  '', ( #5548 ), #6061 ) ;
#2931 =( BOUNDED_SURFACE ( )  B_SPLINE_SURFACE ( 3, 2, ( 
 ( #4055, #870, #3224 ),
 ( #2758, #939, #856 ),
 ( #5620, #2824, #4650 ),
 ( #1354, #1332, #4173 ),
 ( #4633, #3745, #1817 ),
 ( #5112, #922, #898 ) ),
 .UNSPECIFIED., .F., .F., .F. ) 
 B_SPLINE_SURFACE_WITH_KNOTS ( ( 4, 2, 4 ),
 ( 3, 3 ),
 ( 0.000000000000000000, 0.0004958260107366164494, 0.0009916520214732328989 ),
 ( 0.000000000000000000, 1.000000000000000000 ),
 .UNSPECIFIED. ) 
 GEOMETRIC_REPRESENTATION_ITEM ( )  RATIONAL_B_SPLINE_SURFACE ( (
 ( 1.000000000000000000, 0.7071067811865475727, 1.000000000000000000),
 ( 1.000000000000000000, 0.7132710354550649834, 1.000000000000000000),
 ( 1.000000000000000000, 0.7380643811857863223, 1.000000000000000000),
 ( 1.000000000000000000, 0.7827453901181093965, 1.000000000000000000),
 ( 1.000000000000000000, 0.8017335963791405451, 1.000000000000000000),
 ( 1.000000000000000000, 0.8010409893798604575, 1.000000000000000000) ) ) 
 REPRESENTATION_ITEM ( '' )  SURFACE ( )  );
#2932 = CARTESIAN_POINT ( 'NONE',  ( -2.296039219456288194, -2.500000000000000000, 3.369999999999996110 ) ) ;
#2933 = CARTESIAN_POINT ( 'NONE',  ( 2.280000000000000693, 2.500000000000000000, 3.749999999999996891 ) ) ;
#2934 = DIRECTION ( 'NONE',  ( 0.7071067811865435759, 0.000000000000000000, -0.7071067811865515695 ) ) ;
#2935 = CARTESIAN_POINT ( 'NONE',  ( 2.500000000000000000, 1.900000000000000133, 3.749999999999996447 ) ) ;
#2936 = CARTESIAN_POINT ( 'NONE',  ( 2.877919977996279827E-16, -1.588484854837450611, -2.419459271066770167 ) ) ;
#2937 =( NAMED_UNIT ( * ) PLANE_ANGLE_UNIT ( ) SI_UNIT ( $, .RADIAN. ) );
#2938 = DIRECTION ( 'NONE',  ( 0.000000000000000000, -1.000000000000000000, 0.000000000000000000 ) ) ;
#2939 = DIRECTION ( 'NONE',  ( -0.000000000000000000, 1.000000000000000000, -0.000000000000000000 ) ) ;
#2940 = CARTESIAN_POINT ( 'NONE',  ( 2.500000000000000000, 1.900000000000000133, 3.749999999999996447 ) ) ;
#2941 = FILL_AREA_STYLE_COLOUR ( '', #1394 ) ;
#2942 = LINE ( 'NONE', #3388, #432 ) ;
#2943 = SURFACE_STYLE_USAGE ( .BOTH. , #4944 ) ;
#2944 = CARTESIAN_POINT ( 'NONE',  ( -2.279999999999999361, -2.120000000000000107, 3.369999999999996110 ) ) ;
#2945 = ADVANCED_FACE ( 'NONE', ( #3324 ), #3255, .T. ) ;
#2946 = CARTESIAN_POINT ( 'NONE',  ( 2.279999999999999805, 2.103960780543711717, 3.749999999999996447 ) ) ;
#2947 = CIRCLE ( 'NONE', #4872, 0.2999999999999999334 ) ;
#2948 = PRESENTATION_LAYER_ASSIGNMENT (  '', '', ( #2307 ) ) ;
#2949 = ORIENTED_EDGE ( 'NONE', *, *, #1211, .F. ) ;
#2950 = PRESENTATION_LAYER_ASSIGNMENT (  '', '', ( #3779 ) ) ;
#2951 = CARTESIAN_POINT ( 'NONE',  ( 0.000000000000000000, 2.500000000000000000, 0.000000000000000000 ) ) ;
#2952 = COLOUR_RGB ( '',1.000000000000000000, 1.000000000000000000, 1.000000000000000000 ) ;
#2953 =( LENGTH_UNIT ( ) NAMED_UNIT ( * ) SI_UNIT ( .MILLI., .METRE. ) );
#2954 = LINE ( 'NONE', #3672, #1982 ) ;
#2955 = MECHANICAL_DESIGN_GEOMETRIC_PRESENTATION_REPRESENTATION (  '', ( #1366 ), #2080 ) ;
#2956 =( LENGTH_UNIT ( ) NAMED_UNIT ( * ) SI_UNIT ( .MILLI., .METRE. ) );
#2957 =( NAMED_UNIT ( * ) SI_UNIT ( $, .STERADIAN. ) SOLID_ANGLE_UNIT ( ) );
#2958 = AXIS2_PLACEMENT_3D ( 'NONE', #4661, #388, #3698 ) ;
#2959 = PLANE ( 'NONE',  #1757 ) ;
#2960 = ORIENTED_EDGE ( 'NONE', *, *, #3526, .F. ) ;
#2961 = SURFACE_SIDE_STYLE ('',( #487 ) ) ;
#2962 = CARTESIAN_POINT ( 'NONE',  ( -2.362670273047593028, -2.365208070679267749, 1.985556981812105048 ) ) ;
#2963 = MECHANICAL_DESIGN_GEOMETRIC_PRESENTATION_REPRESENTATION (  '', ( #1563 ), #4103 ) ;
#2964 = SPHERICAL_SURFACE ( 'NONE', #3897, 0.3800000000000000044 ) ;
#2965 = VERTEX_POINT ( 'NONE', #607 ) ;
#2966 =( NAMED_UNIT ( * ) SI_UNIT ( $, .STERADIAN. ) SOLID_ANGLE_UNIT ( ) );
#2967 = ORIENTED_EDGE ( 'NONE', *, *, #86, .F. ) ;
#2968 = DIRECTION ( 'NONE',  ( 0.7071067811865435759, 0.000000000000000000, -0.7071067811865515695 ) ) ;
#2969 =( NAMED_UNIT ( * ) SI_UNIT ( $, .STERADIAN. ) SOLID_ANGLE_UNIT ( ) );
#2970 = ORIENTED_EDGE ( 'NONE', *, *, #5401, .F. ) ;
#2971 = ORIENTED_EDGE ( 'NONE', *, *, #143, .T. ) ;
#2972 = VERTEX_POINT ( 'NONE', #5563 ) ;
#2973 = CARTESIAN_POINT ( 'NONE',  ( 3.100000000000000089, 1.763970117382800185, 3.372184921315798167 ) ) ;
#2974 = DIRECTION ( 'NONE',  ( 0.000000000000000000, 1.000000000000000000, 0.000000000000000000 ) ) ;
#2975 = EDGE_CURVE ( 'NONE', #1556, #4158, #3609, .T. ) ;
#2976 = VERTEX_POINT ( 'NONE', #3775 ) ;
#2977 = STYLED_ITEM ( 'NONE', ( #2883 ), #4305 ) ;
#2978 = UNCERTAINTY_MEASURE_WITH_UNIT (LENGTH_MEASURE( 1.000000000000000082E-05 ), #1328, 'distance_accuracy_value', 'NONE');
#2979 = CARTESIAN_POINT ( 'NONE',  ( -2.273790285802768096, -2.500000000000000000, 2.750000000000000444 ) ) ;
#2980 = CARTESIAN_POINT ( 'NONE',  ( -0.5222401151779342277, -1.194561753634018730, -2.750000000000000888 ) ) ;
#2981 = ADVANCED_FACE ( 'NONE', ( #1980 ), #3540, .T. ) ;
#2982 = CYLINDRICAL_SURFACE ( 'NONE', #1279, 0.3800000000000001155 ) ;
#2983 = DIRECTION ( 'NONE',  ( 0.000000000000000000, 1.000000000000000000, 0.000000000000000000 ) ) ;
#2984 = DIRECTION ( 'NONE',  ( 0.000000000000000000, 0.000000000000000000, -1.000000000000000000 ) ) ;
#2985 = LINE ( 'NONE', #95, #2304 ) ;
#2986 = VERTEX_POINT ( 'NONE', #1887 ) ;
#2987 =( NAMED_UNIT ( * ) PLANE_ANGLE_UNIT ( ) SI_UNIT ( $, .RADIAN. ) );
#2988 = VECTOR ( 'NONE', #430, 1000.000000000000000 ) ;
#2989 = FILL_AREA_STYLE ('',( #2475 ) ) ;
#2990 = CYLINDRICAL_SURFACE ( 'NONE', #3993, 0.3800000000000001155 ) ;
#2991 = SURFACE_STYLE_USAGE ( .BOTH. , #122 ) ;
#2992 = SURFACE_SIDE_STYLE ('',( #3484 ) ) ;
#2993 = ORIENTED_EDGE ( 'NONE', *, *, #1619, .T. ) ;
#2994 = FACE_OUTER_BOUND ( 'NONE', #5901, .T. ) ;
#2995 = DIRECTION ( 'NONE',  ( 0.000000000000000000, 0.000000000000000000, 1.000000000000000000 ) ) ;
#2996 = FACE_OUTER_BOUND ( 'NONE', #1319, .T. ) ;
#2997 = FILL_AREA_STYLE_COLOUR ( '', #5598 ) ;
#2998 = DIRECTION ( 'NONE',  ( 0.000000000000000000, -0.1728429115710663211, 0.9849494037358653697 ) ) ;
#2999 = ORIENTED_EDGE ( 'NONE', *, *, #4177, .F. ) ;
#3000 = MECHANICAL_DESIGN_GEOMETRIC_PRESENTATION_REPRESENTATION (  '', ( #2343 ), #964 ) ;
#3001 = DIRECTION ( 'NONE',  ( 0.000000000000000000, 0.000000000000000000, 1.000000000000000000 ) ) ;
#3002 = FILL_AREA_STYLE_COLOUR ( '', #5687 ) ;
#3003 = CARTESIAN_POINT ( 'NONE',  ( -0.8910841488460053972, -1.611450281642144988, -2.289215863549542096 ) ) ;
#3004 = AXIS2_PLACEMENT_3D ( 'NONE', #1150, #1669, #4603 ) ;
#3005 = CARTESIAN_POINT ( 'NONE',  ( -2.631370849898482245, -1.679999999999999716, 1.782842712474649538 ) ) ;
#3006 = CARTESIAN_POINT ( 'NONE',  ( -2.499999999999999556, -1.899999999999999689, 3.749999999999996447 ) ) ;
#3007 = CARTESIAN_POINT ( 'NONE',  ( 0.5109060654483589259, 1.530201606104931944, -2.749999999991002753 ) ) ;
#3008 = CARTESIAN_POINT ( 'NONE',  ( -2.569555533372218203, -2.401687523985391870, 2.192442242136732666 ) ) ;
#3009 = STYLED_ITEM ( 'NONE', ( #3270 ), #2392 ) ;
#3010 =( LENGTH_UNIT ( ) NAMED_UNIT ( * ) SI_UNIT ( .MILLI., .METRE. ) );
#3011 = CARTESIAN_POINT ( 'NONE',  ( 0.2721357097287760429, 2.417221664166249617, 2.280540728927821004 ) ) ;
#3012 = FILL_AREA_STYLE_COLOUR ( '', #3211 ) ;
#3013 = ADVANCED_FACE ( 'NONE', ( #3467 ), #793, .T. ) ;
#3014 = PRESENTATION_STYLE_ASSIGNMENT (( #1538 ) ) ;
#3015 = UNCERTAINTY_MEASURE_WITH_UNIT (LENGTH_MEASURE( 1.000000000000000082E-05 ), #6025, 'distance_accuracy_value', 'NONE');
#3016 = CARTESIAN_POINT ( 'NONE',  ( 3.100000000000000089, 1.729953248299708646, 3.370000104329657020 ) ) ;
#3017 = MECHANICAL_DESIGN_GEOMETRIC_PRESENTATION_REPRESENTATION (  '', ( #5982 ), #4564 ) ;
#3018 = EDGE_CURVE ( 'NONE', #3651, #841, #5132, .T. ) ;
#3019 = CARTESIAN_POINT ( 'NONE',  ( -2.339139873586635332, -2.156093161579644590, 3.749999963075768772 ) ) ;
#3020 = CARTESIAN_POINT ( 'NONE',  ( 1.413164055205179404, 2.348234891816180170, 2.022096371787713398 ) ) ;
#3021 = DIRECTION ( 'NONE',  ( 0.000000000000000000, -0.9848077530122092416, 0.1736481776669238364 ) ) ;
#3022 = CARTESIAN_POINT ( 'NONE',  ( 3.100000000000000089, 2.120000000000000107, 3.369999999999996110 ) ) ;
#3023 = CARTESIAN_POINT ( 'NONE',  ( -2.701516205086453848, -1.885344209964842532, -0.7358862073495107126 ) ) ;
#3024 = CARTESIAN_POINT ( 'NONE',  ( 2.051543289325510333, 1.680000000000000160, 2.362670273047613012 ) ) ;
#3025 = CARTESIAN_POINT ( 'NONE',  ( 2.267074819026231314, 2.137339092095564830, 0.6932477863154460351 ) ) ;
#3026 = CARTESIAN_POINT ( 'NONE',  ( 2.716008807648083501, 2.499933720857093089, 2.749624112301811252 ) ) ;
#3027 = EDGE_LOOP ( 'NONE', ( #4349, #4068, #5321, #3223, #4001, #5906, #818, #4495, #4700 ) ) ;
#3028 = SURFACE_STYLE_USAGE ( .BOTH. , #346 ) ;
#3029 = DIRECTION ( 'NONE',  ( -1.000000000000000000, 0.000000000000000000, 0.000000000000000000 ) ) ;
#3030 = ORIENTED_EDGE ( 'NONE', *, *, #1606, .F. ) ;
#3031 = CARTESIAN_POINT ( 'NONE',  ( 3.100000000000000089, 1.831931169875449461, 3.376561182389721694 ) ) ;
#3032 = CARTESIAN_POINT ( 'NONE',  ( -2.591646333145755765, -2.188192408776421516, 3.750000036860219765 ) ) ;
#3033 = SURFACE_STYLE_FILL_AREA ( #5244 ) ;
#3034 = COLOUR_RGB ( '',1.000000000000000000, 1.000000000000000000, 1.000000000000000000 ) ;
#3035 = AXIS2_PLACEMENT_3D ( 'NONE', #1992, #2516, #2539 ) ;
#3036 = ORIENTED_EDGE ( 'NONE', *, *, #4067, .T. ) ;
#3037 = DIRECTION ( 'NONE',  ( 1.000000000000000000, 0.000000000000000000, -0.000000000000000000 ) ) ;
#3038 = STYLED_ITEM ( 'NONE', ( #2720 ), #136 ) ;
#3039 = PRESENTATION_STYLE_ASSIGNMENT (( #2854 ) ) ;
#3040 =( LENGTH_UNIT ( ) NAMED_UNIT ( * ) SI_UNIT ( .MILLI., .METRE. ) );
#3041 = STYLED_ITEM ( 'NONE', ( #4065 ), #2426 ) ;
#3042 = ORIENTED_EDGE ( 'NONE', *, *, #4566, .F. ) ;
#3043 = ORIENTED_EDGE ( 'NONE', *, *, #946, .F. ) ;
#3044 = CIRCLE ( 'NONE', #1517, 0.2999999999999999334 ) ;
#3045 = EDGE_CURVE ( 'NONE', #2986, #1254, #2799, .T. ) ;
#3046 = SURFACE_STYLE_USAGE ( .BOTH. , #5868 ) ;
#3047 = ORIENTED_EDGE ( 'NONE', *, *, #82, .T. ) ;
#3048 = MECHANICAL_DESIGN_GEOMETRIC_PRESENTATION_REPRESENTATION (  '', ( #2875 ), #4601 ) ;
#3049 = MECHANICAL_DESIGN_GEOMETRIC_PRESENTATION_REPRESENTATION (  '', ( #3812 ), #5608 ) ;
#3050 = COLOUR_RGB ( '',1.000000000000000000, 1.000000000000000000, 1.000000000000000000 ) ;
#3051 = LINE ( 'NONE', #4181, #2744 ) ;
#3052 = DIRECTION ( 'NONE',  ( 0.000000000000000000, 1.000000000000000000, 0.000000000000000000 ) ) ;
#3053 = EDGE_LOOP ( 'NONE', ( #1910, #1692, #3889, #396 ) ) ;
#3054 = CARTESIAN_POINT ( 'NONE',  ( 2.719999999999999307, 2.103960780543712605, 3.749999999999996447 ) ) ;
#3055 = SURFACE_SIDE_STYLE ('',( #5075 ) ) ;
#3056 = CIRCLE ( 'NONE', #1877, 0.2999999999999999334 ) ;
#3057 = VECTOR ( 'NONE', #2869, 1000.000000000000000 ) ;
#3058 = CARTESIAN_POINT ( 'NONE',  ( 1.312243118066500402, 1.999052971881625451, 2.415759104704106708 ) ) ;
#3059 = PRESENTATION_LAYER_ASSIGNMENT (  '', '', ( #330 ) ) ;
#3060 = CARTESIAN_POINT ( 'NONE',  ( 1.481412374049095426, 2.311777963038674777, 2.053318055468849046 ) ) ;
#3061 = SURFACE_STYLE_USAGE ( .BOTH. , #2055 ) ;
#3062 = CARTESIAN_POINT ( 'NONE',  ( -2.405199522796683365, -1.900863014915505689, 1.310616467326896517 ) ) ;
#3063 = VECTOR ( 'NONE', #1906, 1000.000000000000000 ) ;
#3064 = CARTESIAN_POINT ( 'NONE',  ( -2.741009977515235008, 1.940368650531069550, -0.4238270979312213083 ) ) ;
#3065 =( NAMED_UNIT ( * ) SI_UNIT ( $, .STERADIAN. ) SOLID_ANGLE_UNIT ( ) );
#3066 = UNCERTAINTY_MEASURE_WITH_UNIT (LENGTH_MEASURE( 1.000000000000000082E-05 ), #2953, 'distance_accuracy_value', 'NONE');
#3067 =( NAMED_UNIT ( * ) PLANE_ANGLE_UNIT ( ) SI_UNIT ( $, .RADIAN. ) );
#3068 = ORIENTED_EDGE ( 'NONE', *, *, #4562, .F. ) ;
#3069 = CARTESIAN_POINT ( 'NONE',  ( 2.431857708001809115, 1.299999999999999822, 3.378504732217503470 ) ) ;
#3070 = AXIS2_PLACEMENT_3D ( 'NONE', #5417, #278, #734 ) ;
#3071 = CARTESIAN_POINT ( 'NONE',  ( 3.090323925806712335, 2.495927237417957301, 2.726902215612844405 ) ) ;
#3072 = ORIENTED_EDGE ( 'NONE', *, *, #5623, .T. ) ;
#3073 = SURFACE_STYLE_USAGE ( .BOTH. , #5403 ) ;
#3074 = PRESENTATION_LAYER_ASSIGNMENT (  '', '', ( #221 ) ) ;
#3075 = DIRECTION ( 'NONE',  ( 0.000000000000000000, 0.000000000000000000, -1.000000000000000000 ) ) ;
#3076 = MECHANICAL_DESIGN_GEOMETRIC_PRESENTATION_REPRESENTATION (  '', ( #3038 ), #2313 ) ;
#3077 = CARTESIAN_POINT ( 'NONE',  ( -1.313905117247536447, -1.679999999999999716, 2.415813184596594443 ) ) ;
#3078 =( GEOMETRIC_REPRESENTATION_CONTEXT ( 3 ) GLOBAL_UNCERTAINTY_ASSIGNED_CONTEXT ( ( #2671 ) ) GLOBAL_UNIT_ASSIGNED_CONTEXT ( ( #3360, #3311, #1403 ) ) REPRESENTATION_CONTEXT ( 'NONE', 'WORKASPACE' ) );
#3079 =( NAMED_UNIT ( * ) PLANE_ANGLE_UNIT ( ) SI_UNIT ( $, .RADIAN. ) );
#3080 = CARTESIAN_POINT ( 'NONE',  ( 2.296039219456287306, 2.500000000000000000, 3.749999999999996447 ) ) ;
#3081 = CARTESIAN_POINT ( 'NONE',  ( 2.081907805381481236, 1.050000000000000044, 1.796708070302926563 ) ) ;
#3082 = PRESENTATION_LAYER_ASSIGNMENT (  '', '', ( #4322 ) ) ;
#3083 =( NAMED_UNIT ( * ) PLANE_ANGLE_UNIT ( ) SI_UNIT ( $, .RADIAN. ) );
#3084 =( BOUNDED_SURFACE ( )  B_SPLINE_SURFACE ( 3, 2, ( 
 ( #1969, #591, #3387 ),
 ( #547, #3863, #117 ),
 ( #4314, #5253, #1640 ),
 ( #232, #2544, #2103 ),
 ( #688, #704, #5848 ),
 ( #1185, #5882, #212 ),
 ( #5358, #3520, #5832 ),
 ( #2574, #5813, #2598 ),
 ( #2083, #668, #724 ),
 ( #3555, #3080, #3984 ) ),
 .UNSPECIFIED., .F., .F., .T. ) 
 B_SPLINE_SURFACE_WITH_KNOTS ( ( 4, 2, 2, 2, 4 ),
 ( 3, 3 ),
 ( 0.0006473904975842593524, 0.0007487887945849648966, 0.0008501870915856703324, 0.0009515853885863757682, 0.001052983685587081204 ),
 ( 0.000000000000000000, 1.000000000000000000 ),
 .UNSPECIFIED. ) 
 GEOMETRIC_REPRESENTATION_ITEM ( )  RATIONAL_B_SPLINE_SURFACE ( (
 ( 1.000000000000000000, 0.7071067811865475727, 1.000000000000000000),
 ( 1.000000000000000000, 0.7226631380906458624, 1.000000000000000000),
 ( 1.000000000000000000, 0.7400659817844432720, 1.000000000000000000),
 ( 1.000000000000000000, 0.7680643551607704289, 1.000000000000000000),
 ( 1.000000000000000000, 0.7779732589884408300, 1.000000000000000000),
 ( 1.000000000000000000, 0.7779999221212950955, 1.000000000000000000),
 ( 1.000000000000000000, 0.7681014171511484356, 1.000000000000000000),
 ( 1.000000000000000000, 0.7400591673475964694, 1.000000000000000000),
 ( 1.000000000000000000, 0.7226381619579835824, 1.000000000000000000),
 ( 1.000000000000000000, 0.7071067811865471286, 1.000000000000000000) ) ) 
 REPRESENTATION_ITEM ( '' )  SURFACE ( )  );
#3085 = EDGE_CURVE ( 'NONE', #2862, #5006, #1391, .T. ) ;
#3086 =( NAMED_UNIT ( * ) PLANE_ANGLE_UNIT ( ) SI_UNIT ( $, .RADIAN. ) );
#3087 = AXIS2_PLACEMENT_3D ( 'NONE', #4228, #5181, #424 ) ;
#3088 = CARTESIAN_POINT ( 'NONE',  ( 2.327839560068023061, 1.842901509261740012, 1.479311422644146612 ) ) ;
#3089 =( NAMED_UNIT ( * ) PLANE_ANGLE_UNIT ( ) SI_UNIT ( $, .RADIAN. ) );
#3090 = ORIENTED_EDGE ( 'NONE', *, *, #5701, .T. ) ;
#3091 = CARTESIAN_POINT ( 'NONE',  ( 1.305563114831668869, 2.072123087254266416, 2.414029205746902385 ) ) ;
#3092 = CARTESIAN_POINT ( 'NONE',  ( -1.899999999999999245, -1.729905229889015184, 3.370000105193565521 ) ) ;
#3093 = CYLINDRICAL_SURFACE ( 'NONE', #4696, 0.3800000000000001710 ) ;
#3094 = COLOUR_RGB ( '',1.000000000000000000, 1.000000000000000000, 1.000000000000000000 ) ;
#3095 =( NAMED_UNIT ( * ) PLANE_ANGLE_UNIT ( ) SI_UNIT ( $, .RADIAN. ) );
#3096 = CARTESIAN_POINT ( 'NONE',  ( -3.100000000000000089, -1.679999999999999716, 2.914213562373119348 ) ) ;
#3097 = VERTEX_POINT ( 'NONE', #4892 ) ;
#3098 = CARTESIAN_POINT ( 'NONE',  ( 2.329953248299712065, 1.300000000000000044, 3.370000104329657020 ) ) ;
#3099 = APPLICATION_CONTEXT ( 'automotive_design' ) ;
#3100 = SURFACE_STYLE_FILL_AREA ( #1414 ) ;
#3101 = EDGE_CURVE ( 'NONE', #962, #5575, #4691, .T. ) ;
#3102 = FILL_AREA_STYLE_COLOUR ( '', #2164 ) ;
#3103 = VERTEX_POINT ( 'NONE', #3077 ) ;
#3104 = FACE_OUTER_BOUND ( 'NONE', #4862, .T. ) ;
#3105 = CARTESIAN_POINT ( 'NONE',  ( -1.433351036997312367, 2.500000000000000000, 2.635432565014466544 ) ) ;
#3106 = CARTESIAN_POINT ( 'NONE',  ( 2.362670273047593028, 2.365208070679266861, 1.985556981812101940 ) ) ;
#3107 = SURFACE_STYLE_USAGE ( .BOTH. , #3599 ) ;
#3108 = ORIENTED_EDGE ( 'NONE', *, *, #4105, .F. ) ;
#3109 = AXIS2_PLACEMENT_3D ( 'NONE', #3615, #3503, #2559 ) ;
#3110 = VERTEX_POINT ( 'NONE', #3979 ) ;
#3111 = FILL_AREA_STYLE ('',( #4128 ) ) ;
#3112 = ORIENTED_EDGE ( 'NONE', *, *, #1451, .F. ) ;
#3113 = CARTESIAN_POINT ( 'NONE',  ( 2.405199522796683809, 1.900863014915504356, 1.310616467326895407 ) ) ;
#3114 = DIRECTION ( 'NONE',  ( -0.7016738431598598114, -0.1237240302064797071, 0.7016738431598676939 ) ) ;
#3115 = MECHANICAL_DESIGN_GEOMETRIC_PRESENTATION_REPRESENTATION (  '', ( #4440 ), #2470 ) ;
#3116 = SURFACE_STYLE_USAGE ( .BOTH. , #2154 ) ;
#3117 = VERTEX_POINT ( 'NONE', #4455 ) ;
#3118 = ORIENTED_EDGE ( 'NONE', *, *, #4672, .F. ) ;
#3119 = SURFACE_STYLE_USAGE ( .BOTH. , #5433 ) ;
#3120 = CARTESIAN_POINT ( 'NONE',  ( -1.899999999999999245, -1.679999999999999716, 3.369999999999996110 ) ) ;
#3121 = ORIENTED_EDGE ( 'NONE', *, *, #1214, .F. ) ;
#3122 = CARTESIAN_POINT ( 'NONE',  ( 3.367778697655221505E-16, -2.023298562962320357, 2.750000000000000444 ) ) ;
#3123 = STYLED_ITEM ( 'NONE', ( #5213 ), #2787 ) ;
#3124 =( NAMED_UNIT ( * ) SI_UNIT ( $, .STERADIAN. ) SOLID_ANGLE_UNIT ( ) );
#3125 = UNCERTAINTY_MEASURE_WITH_UNIT (LENGTH_MEASURE( 1.000000000000000082E-05 ), #544, 'distance_accuracy_value', 'NONE');
#3126 = ORIENTED_EDGE ( 'NONE', *, *, #1299, .T. ) ;
#3127 = EDGE_CURVE ( 'NONE', #3633, #1622, #1028, .T. ) ;
#3128 = VECTOR ( 'NONE', #1257, 1000.000000000000000 ) ;
#3129 = CARTESIAN_POINT ( 'NONE',  ( 2.635432565014451889, 2.500000000000000000, 1.433351036997340122 ) ) ;
#3130 = EDGE_CURVE ( 'NONE', #114, #3439, #2642, .T. ) ;
#3131 = STYLED_ITEM ( 'NONE', ( #1013 ), #3865 ) ;
#3132 = EDGE_CURVE ( 'NONE', #3557, #5310, #5797, .T. ) ;
#3133 = SURFACE_STYLE_FILL_AREA ( #195 ) ;
#3134 =( LENGTH_UNIT ( ) NAMED_UNIT ( * ) SI_UNIT ( .MILLI., .METRE. ) );
#3135 = CARTESIAN_POINT ( 'NONE',  ( -1.312243118066497960, -1.999052971881626339, 2.415759104704108040 ) ) ;
#3136 = PRESENTATION_LAYER_ASSIGNMENT (  '', '', ( #3916 ) ) ;
#3137 = DIRECTION ( 'NONE',  ( 0.000000000000000000, -1.000000000000000000, 0.000000000000000000 ) ) ;
#3138 = CARTESIAN_POINT ( 'NONE',  ( 2.458655862005851844, 1.858082517622129393, 1.610127724582014919 ) ) ;
#3139 =( NAMED_UNIT ( * ) PLANE_ANGLE_UNIT ( ) SI_UNIT ( $, .RADIAN. ) );
#3140 = ORIENTED_EDGE ( 'NONE', *, *, #2212, .T. ) ;
#3141 =( BOUNDED_SURFACE ( )  B_SPLINE_SURFACE ( 3, 2, ( 
 ( #2057, #4456, #3981 ),
 ( #1136, #210, #2101 ),
 ( #4416, #3533, #255 ),
 ( #1184, #1591, #1153 ),
 ( #702, #1637, #685 ),
 ( #4893, #4936, #3551 ),
 ( #2115, #2081, #3517 ),
 ( #5396, #1613, #5862 ),
 ( #666, #4908, #5379 ),
 ( #5845, #3064, #4764 ),
 ( #3303, #5176, #4243 ),
 ( #3330, #509, #989 ),
 ( #2399, #1950, #2907 ),
 ( #1927, #2928, #2414 ),
 ( #2396, #5698, #5711 ),
 ( #87, #3854, #4306 ),
 ( #1490, #4778, #5655 ),
 ( #48, #3347, #348 ) ),
 .UNSPECIFIED., .F., .F., .F. ) 
 B_SPLINE_SURFACE_WITH_KNOTS ( ( 4, 2, 2, 2, 2, 2, 2, 2, 4 ),
 ( 3, 3 ),
 ( 3.141592653589793116, 3.534291735288517255, 3.926990816987241395, 4.319689898685965090, 4.712388980384689674, 5.105088062083414258, 5.497787143782137953, 5.890486225480861648, 6.283185307179586232 ),
 ( 0.000000000000000000, 1.000000000000000000 ),
 .UNSPECIFIED. ) 
 GEOMETRIC_REPRESENTATION_ITEM ( )  RATIONAL_B_SPLINE_SURFACE ( (
 ( 1.000000000000000000, 0.6427876096865416944, 1.000000000000000000),
 ( 1.000000000000000000, 0.6427771212701045567, 1.000000000000000000),
 ( 1.000000000000000000, 0.6445517632104397210, 1.000000000000000000),
 ( 1.000000000000000000, 0.6512645839588996344, 1.000000000000000000),
 ( 1.000000000000000000, 0.6562061167284868324, 1.000000000000000000),
 ( 1.000000000000000000, 0.6683407461880594980, 1.000000000000000000),
 ( 1.000000000000000000, 0.6755240865530908190, 1.000000000000000000),
 ( 1.000000000000000000, 0.6908929210595035064, 1.000000000000000000),
 ( 1.000000000000000000, 0.6990703384393694986, 1.000000000000000000),
 ( 1.000000000000000000, 0.7151432239337260910, 1.000000000000000000),
 ( 1.000000000000000000, 0.7230336873765574879, 1.000000000000000000),
 ( 1.000000000000000000, 0.7374130118586601501, 1.000000000000000000),
 ( 1.000000000000000000, 0.7438993345496157650, 1.000000000000000000),
 ( 1.000000000000000000, 0.7546251423735798047, 1.000000000000000000),
 ( 1.000000000000000000, 0.7588635303394073439, 1.000000000000000000),
 ( 1.000000000000000000, 0.7645733716715390482, 1.000000000000000000),
 ( 1.000000000000000000, 0.7660498913723841063, 1.000000000000000000),
 ( 1.000000000000000000, 0.7660444431189760151, 1.000000000000000000) ) ) 
 REPRESENTATION_ITEM ( '' )  SURFACE ( )  );
#3142 = FACE_OUTER_BOUND ( 'NONE', #1770, .T. ) ;
#3143 = CIRCLE ( 'NONE', #4522, 0.3800000000000001155 ) ;
#3144 = CARTESIAN_POINT ( 'NONE',  ( 2.137130807631772544, 1.295300461020086891, 1.732719274919203523 ) ) ;
#3145 = DIRECTION ( 'NONE',  ( 0.000000000000000000, -1.000000000000000000, -0.000000000000000000 ) ) ;
#3146 =( NAMED_UNIT ( * ) PLANE_ANGLE_UNIT ( ) SI_UNIT ( $, .RADIAN. ) );
#3147 = DIRECTION ( 'NONE',  ( 0.000000000000000000, 1.000000000000000000, 0.000000000000000000 ) ) ;
#3148 = ORIENTED_EDGE ( 'NONE', *, *, #5418, .T. ) ;
#3149 = CARTESIAN_POINT ( 'NONE',  ( 2.455675475091659621, 1.299999999999992495, 3.685404267465086203 ) ) ;
#3150 = DIRECTION ( 'NONE',  ( 0.7016738431598602554, 0.1237240302064796238, 0.7016738431598672499 ) ) ;
#3151 = SURFACE_STYLE_USAGE ( .BOTH. , #5927 ) ;
#3152 = DIRECTION ( 'NONE',  ( 0.000000000000000000, -1.000000000000000000, 0.000000000000000000 ) ) ;
#3153 = CARTESIAN_POINT ( 'NONE',  ( 2.500000000000000000, 1.900000000000000133, 3.749999999999996447 ) ) ;
#3154 = CARTESIAN_POINT ( 'NONE',  ( -1.306432752705380063, -2.062610774542944725, 2.414254388072464064 ) ) ;
#3155 = AXIS2_PLACEMENT_3D ( 'NONE', #1722, #1784, #5514 ) ;
#3156 = CARTESIAN_POINT ( 'NONE',  ( -2.736726007345462897, -1.714080124404397942, 3.749999999999996447 ) ) ;
#3157 = PRESENTATION_LAYER_ASSIGNMENT (  '', '', ( #2837 ) ) ;
#3158 = DIRECTION ( 'NONE',  ( 0.000000000000000000, 0.000000000000000000, 1.000000000000000000 ) ) ;
#3159 = CARTESIAN_POINT ( 'NONE',  ( 2.415813184596582008, 1.806908619139159455, 1.313905117247558207 ) ) ;
#3160 = DIRECTION ( 'NONE',  ( 0.000000000000000000, 0.000000000000000000, 1.000000000000000000 ) ) ;
#3161 = MECHANICAL_DESIGN_GEOMETRIC_PRESENTATION_REPRESENTATION (  '', ( #4018 ), #3702 ) ;
#3162 = COLOUR_RGB ( '',1.000000000000000000, 1.000000000000000000, 1.000000000000000000 ) ;
#3163 = FILL_AREA_STYLE ('',( #770 ) ) ;
#3164 = CARTESIAN_POINT ( 'NONE',  ( -2.051543289325510333, -2.420068152335911549, 2.296683965534185745 ) ) ;
#3165 = CARTESIAN_POINT ( 'NONE',  ( -2.327839560067992863, -1.842901509261819948, 1.479311422644145280 ) ) ;
#3166 = PRESENTATION_LAYER_ASSIGNMENT (  '', '', ( #2003 ) ) ;
#3167 = SURFACE_SIDE_STYLE ('',( #1135 ) ) ;
#3168 = CARTESIAN_POINT ( 'NONE',  ( -2.262718640089762978, -2.500000000000000000, 2.750933814518028875 ) ) ;
#3169 = UNCERTAINTY_MEASURE_WITH_UNIT (LENGTH_MEASURE( 1.000000000000000082E-05 ), #1854, 'distance_accuracy_value', 'NONE');
#3170 = DIRECTION ( 'NONE',  ( 0.000000000000000000, 0.000000000000000000, -1.000000000000000000 ) ) ;
#3171 = DIRECTION ( 'NONE',  ( 1.000000000000000000, 0.000000000000000000, 0.000000000000000000 ) ) ;
#3172 = SURFACE_STYLE_USAGE ( .BOTH. , #5503 ) ;
#3173 = CARTESIAN_POINT ( 'NONE',  ( -1.610127730998037299, -1.987048061223394280, 2.458655868421917745 ) ) ;
#3174 = CARTESIAN_POINT ( 'NONE',  ( -2.756093161579651785, -2.060860126413364135, 3.749999963075767440 ) ) ;
#3175 = STYLED_ITEM ( 'NONE', ( #5944 ), #4405 ) ;
#3176 = FILL_AREA_STYLE ('',( #1370 ) ) ;
#3177 = FACE_OUTER_BOUND ( 'NONE', #3425, .T. ) ;
#3178 = VECTOR ( 'NONE', #3052, 1000.000000000000000 ) ;
#3179 = VERTEX_POINT ( 'NONE', #5997 ) ;
#3180 = DIRECTION ( 'NONE',  ( 0.000000000000000000, -0.000000000000000000, 1.000000000000000000 ) ) ;
#3181 = CARTESIAN_POINT ( 'NONE',  ( -1.796708070302905247, -1.049999999999999378, 2.081907805381499443 ) ) ;
#3182 = SURFACE_STYLE_FILL_AREA ( #6015 ) ;
#3183 = CARTESIAN_POINT ( 'NONE',  ( -2.445621208660144763, -1.958228451127393521, 1.597093071236310280 ) ) ;
#3184 = MECHANICAL_DESIGN_GEOMETRIC_PRESENTATION_REPRESENTATION (  '', ( #2549 ), #3506 ) ;
#3185 = FILL_AREA_STYLE_COLOUR ( '', #154 ) ;
#3186 = ORIENTED_EDGE ( 'NONE', *, *, #1603, .F. ) ;
#3187 = DIRECTION ( 'NONE',  ( 0.000000000000000000, 0.000000000000000000, -1.000000000000000000 ) ) ;
#3188 = ORIENTED_EDGE ( 'NONE', *, *, #4240, .F. ) ;
#3189 = CARTESIAN_POINT ( 'NONE',  ( -4.699999999999998401, 2.417221664167203077, 2.280540728933230454 ) ) ;
#3190 = ORIENTED_EDGE ( 'NONE', *, *, #5037, .T. ) ;
#3191 = FILL_AREA_STYLE ('',( #5986 ) ) ;
#3192 = COLOUR_RGB ( '',1.000000000000000000, 1.000000000000000000, 1.000000000000000000 ) ;
#3193 = VECTOR ( 'NONE', #1968, 1000.000000000000000 ) ;
#3194 = MECHANICAL_DESIGN_GEOMETRIC_PRESENTATION_REPRESENTATION (  '', ( #1588 ), #3514 ) ;
#3195 =( NAMED_UNIT ( * ) PLANE_ANGLE_UNIT ( ) SI_UNIT ( $, .RADIAN. ) );
#3196 = ORIENTED_EDGE ( 'NONE', *, *, #6060, .T. ) ;
#3197 = DIRECTION ( 'NONE',  ( 0.000000000000000000, 0.000000000000000000, 1.000000000000000000 ) ) ;
#3198 = PLANE ( 'NONE',  #2075 ) ;
#3199 = CARTESIAN_POINT ( 'NONE',  ( 2.288835786709633169, -2.111313314241944905, 0.5456482655327890008 ) ) ;
#3200 = PRESENTATION_STYLE_ASSIGNMENT (( #1430 ) ) ;
#3201 = PRESENTATION_STYLE_ASSIGNMENT (( #4515 ) ) ;
#3202 =( GEOMETRIC_REPRESENTATION_CONTEXT ( 3 ) GLOBAL_UNCERTAINTY_ASSIGNED_CONTEXT ( ( #3519 ) ) GLOBAL_UNIT_ASSIGNED_CONTEXT ( ( #5615, #4280, #1000 ) ) REPRESENTATION_CONTEXT ( 'NONE', 'WORKASPACE' ) );
#3203 = CARTESIAN_POINT ( 'NONE',  ( -3.100000000000000089, -2.103960780543710829, 3.369999999999996110 ) ) ;
#3204 = UNCERTAINTY_MEASURE_WITH_UNIT (LENGTH_MEASURE( 1.000000000000000082E-05 ), #4606, 'distance_accuracy_value', 'NONE');
#3205 = SURFACE_STYLE_USAGE ( .BOTH. , #5972 ) ;
#3206 = PLANE ( 'NONE',  #5779 ) ;
#3207 = ORIENTED_EDGE ( 'NONE', *, *, #774, .F. ) ;
#3208 = ORIENTED_EDGE ( 'NONE', *, *, #6057, .T. ) ;
#3209 = DIRECTION ( 'NONE',  ( 0.000000000000000000, 0.000000000000000000, 1.000000000000000000 ) ) ;
#3210 = FILL_AREA_STYLE ('',( #434 ) ) ;
#3211 = COLOUR_RGB ( '',1.000000000000000000, 1.000000000000000000, 1.000000000000000000 ) ;
#3212 = VERTEX_POINT ( 'NONE', #2630 ) ;
#3213 = CARTESIAN_POINT ( 'NONE',  ( -2.719999999999999751, 0.000000000000000000, 3.749999999999996447 ) ) ;
#3214 = CARTESIAN_POINT ( 'NONE',  ( 3.100000000000000089, 1.680000000000000160, 3.369999999999996110 ) ) ;
#3215 = CARTESIAN_POINT ( 'NONE',  ( 1.496939041224879308, 2.322276459780240998, 1.742079717433544506 ) ) ;
#3216 = STYLED_ITEM ( 'NONE', ( #1965 ), #3902 ) ;
#3217 = PRESENTATION_STYLE_ASSIGNMENT (( #3046 ) ) ;
#3218 = ORIENTED_EDGE ( 'NONE', *, *, #1494, .F. ) ;
#3219 =( BOUNDED_SURFACE ( )  B_SPLINE_SURFACE ( 3, 2, ( 
 ( #4922, #5387, #242 ),
 ( #4321, #2585, #3173 ),
 ( #4112, #5027, #2640 ),
 ( #4094, #5504, #5003 ) ),
 .UNSPECIFIED., .F., .F., .F. ) 
 B_SPLINE_SURFACE_WITH_KNOTS ( ( 4, 4 ),
 ( 3, 3 ),
 ( 0.000000000000000000, 4.228977918261868265E-05 ),
 ( 0.000000000000000000, 1.000000000000000000 ),
 .UNSPECIFIED. ) 
 GEOMETRIC_REPRESENTATION_ITEM ( )  RATIONAL_B_SPLINE_SURFACE ( (
 ( 1.000000000000000000, 0.8010409893798616787, 1.000000000000000000),
 ( 1.000000000000000000, 0.8006147373929322075, 1.000000000000000000),
 ( 1.000000000000000000, 0.8001413312306229209, 1.000000000000000000),
 ( 1.000000000000000000, 0.7996203632984810739, 1.000000000000000000) ) ) 
 REPRESENTATION_ITEM ( '' )  SURFACE ( )  );
#3220 = CARTESIAN_POINT ( 'NONE',  ( -2.199999999999999734, -1.899999999999999689, 37.75000000000000000 ) ) ;
#3221 = CARTESIAN_POINT ( 'NONE',  ( -2.458655869717812692, -1.806908619139222072, 1.610127732293977987 ) ) ;
#3222 = SURFACE_STYLE_USAGE ( .BOTH. , #853 ) ;
#3223 = ORIENTED_EDGE ( 'NONE', *, *, #279, .T. ) ;
#3224 = CARTESIAN_POINT ( 'NONE',  ( 1.960045167603170269, 1.300000000000000044, 2.271172151325271837 ) ) ;
#3225 =( NAMED_UNIT ( * ) SI_UNIT ( $, .STERADIAN. ) SOLID_ANGLE_UNIT ( ) );
#3226 = CARTESIAN_POINT ( 'NONE',  ( -2.307850194964033985, -1.988141139973460536, 1.455856837092283529 ) ) ;
#3227 = EDGE_CURVE ( 'NONE', #114, #4634, #1019, .T. ) ;
#3228 = FILL_AREA_STYLE ('',( #421 ) ) ;
#3229 = CARTESIAN_POINT ( 'NONE',  ( 2.270086633725978409, 2.500000000000000000, 2.750000000000000444 ) ) ;
#3230 = ADVANCED_FACE ( 'NONE', ( #4248 ), #3206, .T. ) ;
#3231 = PRESENTATION_LAYER_ASSIGNMENT (  '', '', ( #4465 ) ) ;
#3232 = SURFACE_STYLE_USAGE ( .BOTH. , #5554 ) ;
#3233 = CARTESIAN_POINT ( 'NONE',  ( 1.900000000000000133, 1.832210634895237833, 3.378528212460670144 ) ) ;
#3234 = CARTESIAN_POINT ( 'NONE',  ( -0.2721357097287717686, -2.417221664166291362, 2.280540728928050154 ) ) ;
#3235 = CARTESIAN_POINT ( 'NONE',  ( 1.432343627724992352, 2.015209261777565874, 2.634425155742143421 ) ) ;
#3236 = STYLED_ITEM ( 'NONE', ( #1285 ), #438 ) ;
#3237 =( LENGTH_UNIT ( ) NAMED_UNIT ( * ) SI_UNIT ( .MILLI., .METRE. ) );
#3238 = CARTESIAN_POINT ( 'NONE',  ( 0.000000000000000000, -1.679999999999999716, 3.749999999999996447 ) ) ;
#3239 = CYLINDRICAL_SURFACE ( 'NONE', #4210, 0.3800000000000001155 ) ;
#3240 = FILL_AREA_STYLE ('',( #1800 ) ) ;
#3241 = MECHANICAL_DESIGN_GEOMETRIC_PRESENTATION_REPRESENTATION (  '', ( #2354 ), #272 ) ;
#3242 =( GEOMETRIC_REPRESENTATION_CONTEXT ( 3 ) GLOBAL_UNCERTAINTY_ASSIGNED_CONTEXT ( ( #250 ) ) GLOBAL_UNIT_ASSIGNED_CONTEXT ( ( #2507, #4886, #169 ) ) REPRESENTATION_CONTEXT ( 'NONE', 'WORKASPACE' ) );
#3243 = EDGE_CURVE ( 'NONE', #1556, #2884, #4221, .T. ) ;
#3244 = CARTESIAN_POINT ( 'NONE',  ( 0.000000000000000000, 2.500000000000000000, -2.750000000000000444 ) ) ;
#3245 = CARTESIAN_POINT ( 'NONE',  ( -2.267548853324913072, -2.175045442366638770, 1.530959864588479880 ) ) ;
#3246 = TOROIDAL_SURFACE ( 'NONE', #3449, 1.220000000000000195, 0.3800000000000000044 ) ;
#3247 = UNCERTAINTY_MEASURE_WITH_UNIT (LENGTH_MEASURE( 1.000000000000000082E-05 ), #5953, 'distance_accuracy_value', 'NONE');
#3248 = CARTESIAN_POINT ( 'NONE',  ( -2.266369605561080025, -2.500000000000000000, 2.750311327707051667 ) ) ;
#3249 = EDGE_CURVE ( 'NONE', #901, #5377, #3143, .T. ) ;
#3250 = SURFACE_STYLE_USAGE ( .BOTH. , #2280 ) ;
#3251 = EDGE_CURVE ( 'NONE', #5247, #1017, #130, .T. ) ;
#3252 = AXIS2_PLACEMENT_3D ( 'NONE', #5511, #1272, #1737 ) ;
#3253 = VERTEX_POINT ( 'NONE', #3120 ) ;
#3254 =( NAMED_UNIT ( * ) SI_UNIT ( $, .STERADIAN. ) SOLID_ANGLE_UNIT ( ) );
#3255 = CYLINDRICAL_SURFACE ( 'NONE', #5069, 0.3800000000000001155 ) ;
#3256 = PLANE ( 'NONE',  #245 ) ;
#3257 = CARTESIAN_POINT ( 'NONE',  ( -2.453520808369323625, -1.600015782465874059, 3.749999999643655713 ) ) ;
#3258 = ORIENTED_EDGE ( 'NONE', *, *, #501, .F. ) ;
#3259 = CARTESIAN_POINT ( 'NONE',  ( -1.499999999999999556, -1.299999999999999600, 2.914213562373118904 ) ) ;
#3260 =( NAMED_UNIT ( * ) SI_UNIT ( $, .STERADIAN. ) SOLID_ANGLE_UNIT ( ) );
#3261 = LINE ( 'NONE', #3238, #1171 ) ;
#3262 = ORIENTED_EDGE ( 'NONE', *, *, #4327, .F. ) ;
#3263 = ORIENTED_EDGE ( 'NONE', *, *, #2485, .T. ) ;
#3264 = CARTESIAN_POINT ( 'NONE',  ( -2.079766150973433536, -2.228585016225459015, 1.356265546469385574 ) ) ;
#3265 = ORIENTED_EDGE ( 'NONE', *, *, #986, .F. ) ;
#3266 = FACE_OUTER_BOUND ( 'NONE', #1602, .T. ) ;
#3267 = SURFACE_STYLE_FILL_AREA ( #1978 ) ;
#3268 = ORIENTED_EDGE ( 'NONE', *, *, #5787, .T. ) ;
#3269 = ORIENTED_EDGE ( 'NONE', *, *, #555, .T. ) ;
#3270 = PRESENTATION_STYLE_ASSIGNMENT (( #5316 ) ) ;
#3271 = STYLED_ITEM ( 'NONE', ( #3328 ), #5202 ) ;
#3272 = DIRECTION ( 'NONE',  ( -0.000000000000000000, -1.000000000000000000, -0.000000000000000000 ) ) ;
#3273 = CARTESIAN_POINT ( 'NONE',  ( 3.276805973780038794, 1.955473825977384283, -0.3381613910405703582 ) ) ;
#3274 = ORIENTED_EDGE ( 'NONE', *, *, #2783, .F. ) ;
#3275 = CARTESIAN_POINT ( 'NONE',  ( 3.100000000000000089, 1.680000000000000160, 3.749999999999996447 ) ) ;
#3276 = CARTESIAN_POINT ( 'NONE',  ( -1.799924763982106102, -2.381818692541307403, 2.079760499590833867 ) ) ;
#3277 = COLOUR_RGB ( '',1.000000000000000000, 1.000000000000000000, 1.000000000000000000 ) ;
#3278 = MECHANICAL_DESIGN_GEOMETRIC_PRESENTATION_REPRESENTATION (  '', ( #4626 ), #1160 ) ;
#3279 = SURFACE_STYLE_FILL_AREA ( #1728 ) ;
#3280 = CARTESIAN_POINT ( 'NONE',  ( 3.100000000000000089, 1.300000000000000044, 3.369999999999996110 ) ) ;
#3281 = DIRECTION ( 'NONE',  ( 0.000000000000000000, 0.000000000000000000, 1.000000000000000000 ) ) ;
#3282 =( BOUNDED_CURVE ( )  B_SPLINE_CURVE ( 3, ( #458, #5121, #2344, #2835 ),
 .UNSPECIFIED., .F., .F. ) 
 B_SPLINE_CURVE_WITH_KNOTS ( ( 4, 4 ),
 ( 0.000000000000000000, 0.6905941902532842791 ),
 .UNSPECIFIED. ) 
 CURVE ( )  GEOMETRIC_REPRESENTATION_ITEM ( )  RATIONAL_B_SPLINE_CURVE ( ( 1.000000000000000000, 0.9606499563273868114, 0.9606499563273868114, 1.000000000000000000 ) ) 
 REPRESENTATION_ITEM ( '' )  );
#3283 = FILL_AREA_STYLE ('',( #999 ) ) ;
#3284 = LINE ( 'NONE', #942, #673 ) ;
#3285 = PRESENTATION_LAYER_ASSIGNMENT (  '', '', ( #5976 ) ) ;
#3286 = CARTESIAN_POINT ( 'NONE',  ( 2.458655869717819353, 1.858097098590021368, 1.610127732293981984 ) ) ;
#3287 = PRESENTATION_STYLE_ASSIGNMENT (( #3637 ) ) ;
#3288 =( GEOMETRIC_REPRESENTATION_CONTEXT ( 3 ) GLOBAL_UNCERTAINTY_ASSIGNED_CONTEXT ( ( #878 ) ) GLOBAL_UNIT_ASSIGNED_CONTEXT ( ( #3709, #5560, #4192 ) ) REPRESENTATION_CONTEXT ( 'NONE', 'WORKASPACE' ) );
#3289 = VERTEX_POINT ( 'NONE', #3164 ) ;
#3290 = CYLINDRICAL_SURFACE ( 'NONE', #3109, 0.3800000000000001155 ) ;
#3291 = CARTESIAN_POINT ( 'NONE',  ( -2.454340369896314655, -1.908542105401199063, 1.605812232472479950 ) ) ;
#3292 = COLOUR_RGB ( '',1.000000000000000000, 1.000000000000000000, 1.000000000000000000 ) ;
#3293 = VERTEX_POINT ( 'NONE', #3181 ) ;
#3294 = CARTESIAN_POINT ( 'NONE',  ( 0.000000000000000000, 1.050000000000000044, 0.000000000000000000 ) ) ;
#3295 = ADVANCED_FACE ( 'NONE', ( #4721 ), #2840, .F. ) ;
#3296 = CARTESIAN_POINT ( 'NONE',  ( 1.313905117247538223, 2.500000000000000000, 2.415813184596593999 ) ) ;
#3297 = CARTESIAN_POINT ( 'NONE',  ( -2.686243987478277973, -1.299999999999992495, 3.733574561574635187 ) ) ;
#3298 = CARTESIAN_POINT ( 'NONE',  ( 1.477373759873137349, 1.992729468870500620, 2.325901897297002030 ) ) ;
#3299 = CARTESIAN_POINT ( 'NONE',  ( 0.000000000000000000, 1.680000000000000160, 3.749999999999996447 ) ) ;
#3300 = CARTESIAN_POINT ( 'NONE',  ( -2.241551655957116029, -2.188664382134314135, 1.524582502507384696 ) ) ;
#3301 = CARTESIAN_POINT ( 'NONE',  ( 0.000000000000000000, 1.680000000000000160, 3.749999999999996447 ) ) ;
#3302 = FACE_OUTER_BOUND ( 'NONE', #4146, .T. ) ;
#3303 = CARTESIAN_POINT ( 'NONE',  ( -2.288835786709639830, 1.894393204762711891, -0.6845668076663118384 ) ) ;
#3304 = CARTESIAN_POINT ( 'NONE',  ( -2.415813184596579788, -1.806908619139222072, 1.313905117247563314 ) ) ;
#3305 =( GEOMETRIC_REPRESENTATION_CONTEXT ( 3 ) GLOBAL_UNCERTAINTY_ASSIGNED_CONTEXT ( ( #5877 ) ) GLOBAL_UNIT_ASSIGNED_CONTEXT ( ( #1480, #5639, #5663 ) ) REPRESENTATION_CONTEXT ( 'NONE', 'WORKASPACE' ) );
#3306 =( BOUNDED_SURFACE ( )  B_SPLINE_SURFACE ( 3, 2, ( 
 ( #3062, #1723, #3183 ),
 ( #722, #1672, #4978 ),
 ( #5436, #3165, #751 ),
 ( #3304, #4244, #2324 ) ),
 .UNSPECIFIED., .F., .F., .F. ) 
 B_SPLINE_SURFACE_WITH_KNOTS ( ( 4, 4 ),
 ( 3, 3 ),
 ( 0.000000000000000000, 0.0001524385001589329805 ),
 ( 0.000000000000000000, 1.000000000000000000 ),
 .UNSPECIFIED. ) 
 GEOMETRIC_REPRESENTATION_ITEM ( )  RATIONAL_B_SPLINE_SURFACE ( (
 ( 1.000000000000000000, 0.8074811439351492481, 1.000000000000000000),
 ( 1.000000000000000000, 0.8059809370804837947, 1.000000000000000000),
 ( 1.000000000000000000, 0.8038453536324912108, 1.000000000000000000),
 ( 1.000000000000000000, 0.8010409893798610126, 1.000000000000000000) ) ) 
 REPRESENTATION_ITEM ( '' )  SURFACE ( )  );
#3307 = CARTESIAN_POINT ( 'NONE',  ( 2.877919977996279827E-16, -1.194561753632567225, -2.350000000000000533 ) ) ;
#3308 = ADVANCED_FACE ( 'NONE', ( #612 ), #469, .F. ) ;
#3309 = SURFACE_STYLE_FILL_AREA ( #5085 ) ;
#3310 = CARTESIAN_POINT ( 'NONE',  ( -2.271172151325250965, -1.299999999999999600, 1.960045167603193583 ) ) ;
#3311 =( NAMED_UNIT ( * ) PLANE_ANGLE_UNIT ( ) SI_UNIT ( $, .RADIAN. ) );
#3312 = MECHANICAL_DESIGN_GEOMETRIC_PRESENTATION_REPRESENTATION (  '', ( #1234 ), #5408 ) ;
#3313 =( LENGTH_UNIT ( ) NAMED_UNIT ( * ) SI_UNIT ( .MILLI., .METRE. ) );
#3314 = SURFACE_STYLE_USAGE ( .BOTH. , #551 ) ;
#3315 = CARTESIAN_POINT ( 'NONE',  ( 2.741009977515302509, -1.940368650531069994, -0.4238270979312208642 ) ) ;
#3316 =( GEOMETRIC_REPRESENTATION_CONTEXT ( 3 ) GLOBAL_UNCERTAINTY_ASSIGNED_CONTEXT ( ( #1942 ) ) GLOBAL_UNIT_ASSIGNED_CONTEXT ( ( #4843, #222, #678 ) ) REPRESENTATION_CONTEXT ( 'NONE', 'WORKASPACE' ) );
#3317 = UNCERTAINTY_MEASURE_WITH_UNIT (LENGTH_MEASURE( 1.000000000000000082E-05 ), #2353, 'distance_accuracy_value', 'NONE');
#3318 = CARTESIAN_POINT ( 'NONE',  ( 1.610127732293952452, 1.577407417003645618, 2.458655869717830011 ) ) ;
#3319 = MECHANICAL_DESIGN_GEOMETRIC_PRESENTATION_REPRESENTATION (  '', ( #897 ), #1206 ) ;
#3320 = CIRCLE ( 'NONE', #4746, 0.3800000000000001155 ) ;
#3321 = VECTOR ( 'NONE', #2795, 1000.000000000000000 ) ;
#3322 =( BOUNDED_CURVE ( )  B_SPLINE_CURVE ( 3, ( #872, #4635, #3926, #4891 ),
 .UNSPECIFIED., .F., .T. ) 
 B_SPLINE_CURVE_WITH_KNOTS ( ( 4, 4 ),
 ( 0.000000000000000000, 3.141592653589793116 ),
 .UNSPECIFIED. ) 
 CURVE ( )  GEOMETRIC_REPRESENTATION_ITEM ( )  RATIONAL_B_SPLINE_CURVE ( ( 1.000000000000000000, 0.3333333333333333703, 0.3333333333333333703, 1.000000000000000000 ) ) 
 REPRESENTATION_ITEM ( '' )  );
#3323 = ORIENTED_EDGE ( 'NONE', *, *, #4599, .F. ) ;
#3324 = FACE_OUTER_BOUND ( 'NONE', #1944, .T. ) ;
#3325 = EDGE_CURVE ( 'NONE', #2219, #4158, #5466, .T. ) ;
#3326 =( GEOMETRIC_REPRESENTATION_CONTEXT ( 3 ) GLOBAL_UNCERTAINTY_ASSIGNED_CONTEXT ( ( #3758 ) ) GLOBAL_UNIT_ASSIGNED_CONTEXT ( ( #46, #4753, #1945 ) ) REPRESENTATION_CONTEXT ( 'NONE', 'WORKASPACE' ) );
#3327 = EDGE_CURVE ( 'NONE', #1459, #952, #5983, .T. ) ;
#3328 = PRESENTATION_STYLE_ASSIGNMENT (( #3222 ) ) ;
#3329 = CARTESIAN_POINT ( 'NONE',  ( 2.692361839096765852, 2.448512757478205071, 2.458001337543886944 ) ) ;
#3330 = CARTESIAN_POINT ( 'NONE',  ( -2.053398016093411549, 1.794169467520339456, -1.252963866583142183 ) ) ;
#3331 = PRESENTATION_STYLE_ASSIGNMENT (( #5126 ) ) ;
#3332 = CARTESIAN_POINT ( 'NONE',  ( 3.100000000000000089, 1.680000000000000160, 3.369999999999996110 ) ) ;
#3333 = CARTESIAN_POINT ( 'NONE',  ( -1.312243118066498404, -1.999052971881626339, 2.415759104704108040 ) ) ;
#3334 = EDGE_LOOP ( 'NONE', ( #3932, #4867, #4206, #3994 ) ) ;
#3335 = SURFACE_STYLE_USAGE ( .BOTH. , #1875 ) ;
#3336 = VECTOR ( 'NONE', #1916, 1000.000000000000000 ) ;
#3337 = CARTESIAN_POINT ( 'NONE',  ( -2.588551587741206195, -1.299999999999999600, 3.692861864266440364 ) ) ;
#3338 = DIRECTION ( 'NONE',  ( 0.000000000000000000, 0.000000000000000000, 1.000000000000000000 ) ) ;
#3339 = ORIENTED_EDGE ( 'NONE', *, *, #2366, .F. ) ;
#3340 = CARTESIAN_POINT ( 'NONE',  ( 1.500000000000000000, 1.680000000000000160, 2.914213562373118016 ) ) ;
#3341 = CARTESIAN_POINT ( 'NONE',  ( -1.657911192808617873, -1.318102659775196139, 2.198647454574601756 ) ) ;
#3342 = CARTESIAN_POINT ( 'NONE',  ( 2.662397860921363435, -1.877691534547231367, -0.7792866863167580149 ) ) ;
#3343 = ORIENTED_EDGE ( 'NONE', *, *, #5852, .F. ) ;
#3344 = COLOUR_RGB ( '',1.000000000000000000, 1.000000000000000000, 1.000000000000000000 ) ;
#3345 = EDGE_CURVE ( 'NONE', #1802, #4487, #1130, .T. ) ;
#3346 = EDGE_LOOP ( 'NONE', ( #3263, #4129 ) ) ;
#3347 = CARTESIAN_POINT ( 'NONE',  ( 4.779852315210268639E-15, 1.530201606103480216, -2.750000000000000888 ) ) ;
#3348 = COLOUR_RGB ( '',1.000000000000000000, 1.000000000000000000, 1.000000000000000000 ) ;
#3349 = AXIS2_PLACEMENT_3D ( 'NONE', #358, #1205, #4496 ) ;
#3350 = ORIENTED_EDGE ( 'NONE', *, *, #2924, .T. ) ;
#3351 = ORIENTED_EDGE ( 'NONE', *, *, #2394, .F. ) ;
#3352 = CIRCLE ( 'NONE', #1648, 0.3800000000000001155 ) ;
#3353 = ADVANCED_FACE ( 'NONE', ( #2996 ), #104, .T. ) ;
#3354 = VECTOR ( 'NONE', #2938, 1000.000000000000000 ) ;
#3355 = DIRECTION ( 'NONE',  ( 0.000000000000000000, 0.000000000000000000, 1.000000000000000000 ) ) ;
#3356 = STYLED_ITEM ( 'NONE', ( #1974 ), #385 ) ;
#3357 =( BOUNDED_SURFACE ( )  B_SPLINE_SURFACE ( 3, 2, ( 
 ( #5533, #1466, #1895 ),
 ( #5629, #4747, #1954 ),
 ( #2389, #5668, #15 ),
 ( #2899, #4253, #3870 ),
 ( #2852, #2839, #5647 ),
 ( #3362, #4299, #5215 ) ),
 .UNSPECIFIED., .F., .F., .T. ) 
 B_SPLINE_SURFACE_WITH_KNOTS ( ( 4, 2, 4 ),
 ( 3, 3 ),
 ( 2.710505431213761085E-20, 0.0004958282581762677148, 0.0009916565163525354297 ),
 ( 0.000000000000000000, 1.000000000000000000 ),
 .UNSPECIFIED. ) 
 GEOMETRIC_REPRESENTATION_ITEM ( )  RATIONAL_B_SPLINE_SURFACE ( (
 ( 1.000000000000000000, 0.8010409893798612346, 1.000000000000000000),
 ( 1.000000000000000000, 0.8018399999386678356, 1.000000000000000000),
 ( 1.000000000000000000, 0.7827755481933452719, 1.000000000000000000),
 ( 1.000000000000000000, 0.7381225777947154620, 1.000000000000000000),
 ( 1.000000000000000000, 0.7133915324664769075, 1.000000000000000000),
 ( 1.000000000000000000, 0.7071067811865475727, 1.000000000000000000) ) ) 
 REPRESENTATION_ITEM ( '' )  SURFACE ( )  );
#3358 = CARTESIAN_POINT ( 'NONE',  ( -2.279999999999999361, -1.299999999999999600, 3.749999999999996447 ) ) ;
#3359 = ORIENTED_EDGE ( 'NONE', *, *, #3554, .F. ) ;
#3360 =( LENGTH_UNIT ( ) NAMED_UNIT ( * ) SI_UNIT ( .MILLI., .METRE. ) );
#3361 = SURFACE_STYLE_FILL_AREA ( #4604 ) ;
#3362 = CARTESIAN_POINT ( 'NONE',  ( -2.081907805381480348, -1.049999999999999600, 1.796708070302927451 ) ) ;
#3363 = COLOUR_RGB ( '',1.000000000000000000, 1.000000000000000000, 1.000000000000000000 ) ;
#3364 = CARTESIAN_POINT ( 'NONE',  ( -1.478024402205355470, -1.563001194952363893, 2.326552484097612172 ) ) ;
#3365 = CARTESIAN_POINT ( 'NONE',  ( 0.6151075367824394569, -1.599269755907705592, -2.358295057700656727 ) ) ;
#3366 = CARTESIAN_POINT ( 'NONE',  ( -2.719999999999999751, -2.103960780543710829, 3.369999999999996110 ) ) ;
#3367 = LINE ( 'NONE', #3505, #4156 ) ;
#3368 = ORIENTED_EDGE ( 'NONE', *, *, #3752, .F. ) ;
#3369 = EDGE_CURVE ( 'NONE', #5520, #4593, #5172, .T. ) ;
#3370 = B_SPLINE_CURVE_WITH_KNOTS ( 'NONE', 3,
 ( #5186, #3318, #499, #539, #1449, #936 ),
 .UNSPECIFIED., .F., .F.,
 ( 4, 2, 4 ),
 ( 0.000000000000000000, 0.0003055210254767794361, 0.0006110420509535588723 ),
 .UNSPECIFIED. ) ;
#3371 = AXIS2_PLACEMENT_3D ( 'NONE', #5827, #4436, #4454 ) ;
#3372 = STYLED_ITEM ( 'NONE', ( #4135 ), #899 ) ;
#3373 = DIRECTION ( 'NONE',  ( -0.000000000000000000, 1.000000000000000000, -0.000000000000000000 ) ) ;
#3374 = AXIS2_PLACEMENT_3D ( 'NONE', #2940, #3872, #1469 ) ;
#3375 = SURFACE_STYLE_USAGE ( .BOTH. , #3892 ) ;
#3376 = CARTESIAN_POINT ( 'NONE',  ( 2.415813184596580676, 1.806908619139221184, 1.313905117247561982 ) ) ;
#3377 = DIRECTION ( 'NONE',  ( 1.000000000000000000, -0.000000000000000000, -0.000000000000000000 ) ) ;
#3378 = PRESENTATION_STYLE_ASSIGNMENT (( #3866 ) ) ;
#3379 = PRESENTATION_LAYER_ASSIGNMENT (  '', '', ( #3812 ) ) ;
#3380 =( GEOMETRIC_REPRESENTATION_CONTEXT ( 3 ) GLOBAL_UNCERTAINTY_ASSIGNED_CONTEXT ( ( #3247 ) ) GLOBAL_UNIT_ASSIGNED_CONTEXT ( ( #5953, #1253, #276 ) ) REPRESENTATION_CONTEXT ( 'NONE', 'WORKASPACE' ) );
#3381 = UNCERTAINTY_MEASURE_WITH_UNIT (LENGTH_MEASURE( 1.000000000000000082E-05 ), #667, 'distance_accuracy_value', 'NONE');
#3382 = FACE_OUTER_BOUND ( 'NONE', #1240, .T. ) ;
#3383 = AXIS2_PLACEMENT_3D ( 'NONE', #464, #2873, #4208 ) ;
#3384 = VERTEX_POINT ( 'NONE', #1260 ) ;
#3385 = AXIS2_PLACEMENT_3D ( 'NONE', #1997, #564, #3890 ) ;
#3386 = DIRECTION ( 'NONE',  ( -0.000000000000000000, -1.000000000000000000, 0.000000000000000000 ) ) ;
#3387 = CARTESIAN_POINT ( 'NONE',  ( 2.703960780543711806, 2.120000000000000107, 3.749999999999996447 ) ) ;
#3388 = CARTESIAN_POINT ( 'NONE',  ( 2.415813184596580676, 2.500000000000000000, 1.313905117247561982 ) ) ;
#3389 =( GEOMETRIC_REPRESENTATION_CONTEXT ( 3 ) GLOBAL_UNCERTAINTY_ASSIGNED_CONTEXT ( ( #650 ) ) GLOBAL_UNIT_ASSIGNED_CONTEXT ( ( #5195, #5685, #14 ) ) REPRESENTATION_CONTEXT ( 'NONE', 'WORKASPACE' ) );
#3390 = CARTESIAN_POINT ( 'NONE',  ( 2.394806245692525870, 1.954400172513838907, 1.303198234736800298 ) ) ;
#3391 = ORIENTED_EDGE ( 'NONE', *, *, #4715, .F. ) ;
#3392 =( LENGTH_UNIT ( ) NAMED_UNIT ( * ) SI_UNIT ( .MILLI., .METRE. ) );
#3393 = CARTESIAN_POINT ( 'NONE',  ( 2.719999999999999307, 2.500000000000000000, 2.914213562373118016 ) ) ;
#3394 = DIRECTION ( 'NONE',  ( 0.7016738431598597003, 0.1237240302064796932, -0.7016738431598676939 ) ) ;
#3395 = CARTESIAN_POINT ( 'NONE',  ( -1.313905117247536669, -1.519439876975820836, 2.415813184596594887 ) ) ;
#3396 = CIRCLE ( 'NONE', #1462, 0.4000000000000001887 ) ;
#3397 = COLOUR_RGB ( '',1.000000000000000000, 1.000000000000000000, 1.000000000000000000 ) ;
#3398 =( NAMED_UNIT ( * ) PLANE_ANGLE_UNIT ( ) SI_UNIT ( $, .RADIAN. ) );
#3399 = ORIENTED_EDGE ( 'NONE', *, *, #1340, .T. ) ;
#3400 = B_SPLINE_CURVE_WITH_KNOTS ( 'NONE', 3,
 ( #58, #2, #483, #3422, #651, #2458, #1624, #4899 ),
 .UNSPECIFIED., .F., .F.,
 ( 4, 2, 2, 4 ),
 ( -5.143428946227543895E-06, 0.0004360278238718654962, 0.0006566134502809126096, 0.0008771990766899596687 ),
 .UNSPECIFIED. ) ;
#3401 = CYLINDRICAL_SURFACE ( 'NONE', #1577, 0.2500000000000002220 ) ;
#3402 = ORIENTED_EDGE ( 'NONE', *, *, #485, .F. ) ;
#3403 = ORIENTED_EDGE ( 'NONE', *, *, #1603, .T. ) ;
#3404 = SURFACE_STYLE_USAGE ( .BOTH. , #1027 ) ;
#3405 = ORIENTED_EDGE ( 'NONE', *, *, #742, .T. ) ;
#3406 = AXIS2_PLACEMENT_3D ( 'NONE', #4183, #1401, #3719 ) ;
#3407 = CIRCLE ( 'NONE', #5847, 0.2499999999999998890 ) ;
#3408 = COLOUR_RGB ( '',1.000000000000000000, 1.000000000000000000, 1.000000000000000000 ) ;
#3409 = CARTESIAN_POINT ( 'NONE',  ( -2.674919323028409401, -2.161952983193791145, 0.8328400994107801880 ) ) ;
#3410 = FILL_AREA_STYLE_COLOUR ( '', #81 ) ;
#3411 = ADVANCED_FACE ( 'NONE', ( #1571 ), #2990, .T. ) ;
#3412 = CARTESIAN_POINT ( 'NONE',  ( 2.631370849898481357, 1.990981124534627611, 1.782842712474647984 ) ) ;
#3413 = ORIENTED_EDGE ( 'NONE', *, *, #3831, .T. ) ;
#3414 = ORIENTED_EDGE ( 'NONE', *, *, #2806, .F. ) ;
#3415 = SURFACE_SIDE_STYLE ('',( #5057 ) ) ;
#3416 = SURFACE_STYLE_FILL_AREA ( #631 ) ;
#3417 = DIRECTION ( 'NONE',  ( 0.000000000000000000, 0.000000000000000000, -1.000000000000000000 ) ) ;
#3418 = DIRECTION ( 'NONE',  ( -0.000000000000000000, -1.000000000000000000, -0.000000000000000000 ) ) ;
#3419 = CARTESIAN_POINT ( 'NONE',  ( -2.703960780543710918, -2.120000000000000107, 3.749999999999996447 ) ) ;
#3420 = EDGE_LOOP ( 'NONE', ( #4576, #3030, #465, #733 ) ) ;
#3421 =( LENGTH_UNIT ( ) NAMED_UNIT ( * ) SI_UNIT ( .MILLI., .METRE. ) );
#3422 = CARTESIAN_POINT ( 'NONE',  ( -1.581597752909587040, -2.289257498394297041, 2.241875879139972216 ) ) ;
#3423 = CARTESIAN_POINT ( 'NONE',  ( -3.100000000000000089, -2.120000000000000107, 3.749999999999996447 ) ) ;
#3424 = CARTESIAN_POINT ( 'NONE',  ( 1.899999999999999689, 1.988655117459720900, 3.692892036792946531 ) ) ;
#3425 = EDGE_LOOP ( 'NONE', ( #3480, #4418, #1109, #2631 ) ) ;
#3426 = CIRCLE ( 'NONE', #2834, 0.2999999999999999334 ) ;
#3427 = PRESENTATION_LAYER_ASSIGNMENT (  '', '', ( #3815 ) ) ;
#3428 = DIRECTION ( 'NONE',  ( -0.7071067811865512365, 0.000000000000000000, 0.7071067811865436870 ) ) ;
#3429 = SURFACE_STYLE_USAGE ( .BOTH. , #4388 ) ;
#3430 = DIRECTION ( 'NONE',  ( 1.000000000000000000, -0.000000000000000000, -0.000000000000000000 ) ) ;
#3431 = ORIENTED_EDGE ( 'NONE', *, *, #171, .F. ) ;
#3432 = DIRECTION ( 'NONE',  ( 0.6533483892010554239, 0.000000000000000000, -0.7570573837750914636 ) ) ;
#3433 = CARTESIAN_POINT ( 'NONE',  ( 3.367778697655221505E-16, 2.023298562962319913, 2.750000000000000444 ) ) ;
#3434 = FILL_AREA_STYLE ('',( #5212 ) ) ;
#3435 = ADVANCED_FACE ( 'NONE', ( #983 ), #3574, .T. ) ;
#3436 =( GEOMETRIC_REPRESENTATION_CONTEXT ( 3 ) GLOBAL_UNCERTAINTY_ASSIGNED_CONTEXT ( ( #1515 ) ) GLOBAL_UNIT_ASSIGNED_CONTEXT ( ( #3313, #4706, #516 ) ) REPRESENTATION_CONTEXT ( 'NONE', 'WORKASPACE' ) );
#3437 = FILL_AREA_STYLE_COLOUR ( '', #3454 ) ;
#3438 = MECHANICAL_DESIGN_GEOMETRIC_PRESENTATION_REPRESENTATION (  '', ( #3123 ), #4671 ) ;
#3439 = VERTEX_POINT ( 'NONE', #4125 ) ;
#3440 = CARTESIAN_POINT ( 'NONE',  ( 2.262718640089765199, 2.500000000000000000, 2.750933814518029319 ) ) ;
#3441 = CARTESIAN_POINT ( 'NONE',  ( 1.799924763982108544, 2.381818692541306515, 2.079760499590832534 ) ) ;
#3442 = CARTESIAN_POINT ( 'NONE',  ( 2.720000000000000195, 1.300000000000000044, 3.749999999999996447 ) ) ;
#3443 = EDGE_CURVE ( 'NONE', #5495, #2295, #2759, .T. ) ;
#3444 = ADVANCED_FACE ( 'NONE', ( #2833 ), #1819, .T. ) ;
#3445 = CARTESIAN_POINT ( 'NONE',  ( 1.899999999999999689, 1.832027560276450417, 3.376567342993408882 ) ) ;
#3446 = B_SPLINE_CURVE_WITH_KNOTS ( 'NONE', 3,
 ( #5133, #1381, #3233, #4621, #5103, #2291 ),
 .UNSPECIFIED., .F., .F.,
 ( 4, 2, 4 ),
 ( 0.000000000000000000, 0.0002044523773157526304, 0.0004089047546315059114 ),
 .UNSPECIFIED. ) ;
#3447 = EDGE_CURVE ( 'NONE', #2358, #3634, #5893, .T. ) ;
#3448 = CARTESIAN_POINT ( 'NONE',  ( 3.100000000000000089, 1.933935511664347739, 3.378518974520784202 ) ) ;
#3449 = AXIS2_PLACEMENT_3D ( 'NONE', #5898, #2335, #5599 ) ;
#3450 = EDGE_CURVE ( 'NONE', #5300, #3654, #4959, .T. ) ;
#3451 = CARTESIAN_POINT ( 'NONE',  ( -2.499999999999999556, -1.899999999999999689, 3.749999999999996447 ) ) ;
#3452 = CARTESIAN_POINT ( 'NONE',  ( -1.042758046521923943, -1.217527180437285805, -2.597587501841553070 ) ) ;
#3453 =( NAMED_UNIT ( * ) PLANE_ANGLE_UNIT ( ) SI_UNIT ( $, .RADIAN. ) );
#3454 = COLOUR_RGB ( '',1.000000000000000000, 1.000000000000000000, 1.000000000000000000 ) ;
#3455 = CARTESIAN_POINT ( 'NONE',  ( -2.716008807648081724, -2.499933720857093089, 2.749624112301811252 ) ) ;
#3456 = CARTESIAN_POINT ( 'NONE',  ( -1.433351036997312367, -1.679999999999999716, 2.635432565014466544 ) ) ;
#3457 = CARTESIAN_POINT ( 'NONE',  ( 2.719999999999999751, -0.000000000000000000, 3.749999999999996447 ) ) ;
#3458 = SURFACE_SIDE_STYLE ('',( #649 ) ) ;
#3459 = CARTESIAN_POINT ( 'NONE',  ( 2.338176924454635763, 1.194561753632565893, -2.750000000000000444 ) ) ;
#3460 = FACE_OUTER_BOUND ( 'NONE', #893, .T. ) ;
#3461 = STYLED_ITEM ( 'NONE', ( #1644 ), #4775 ) ;
#3462 = UNCERTAINTY_MEASURE_WITH_UNIT (LENGTH_MEASURE( 1.000000000000000082E-05 ), #918, 'distance_accuracy_value', 'NONE');
#3463 = CARTESIAN_POINT ( 'NONE',  ( 2.736726007345465561, 1.714080124404400607, 3.749999999999996447 ) ) ;
#3464 = CARTESIAN_POINT ( 'NONE',  ( -2.296039219456287306, -2.500000000000000000, 3.749999999999996447 ) ) ;
#3465 = ORIENTED_EDGE ( 'NONE', *, *, #545, .T. ) ;
#3466 =( GEOMETRIC_REPRESENTATION_CONTEXT ( 3 ) GLOBAL_UNCERTAINTY_ASSIGNED_CONTEXT ( ( #3066 ) ) GLOBAL_UNIT_ASSIGNED_CONTEXT ( ( #2953, #133, #4376 ) ) REPRESENTATION_CONTEXT ( 'NONE', 'WORKASPACE' ) );
#3467 = FACE_OUTER_BOUND ( 'NONE', #1747, .T. ) ;
#3468 = CARTESIAN_POINT ( 'NONE',  ( -3.100000000000000089, 2.500000000000000000, 2.750000000000000444 ) ) ;
#3469 = FACE_OUTER_BOUND ( 'NONE', #4474, .T. ) ;
#3470 = FACE_OUTER_BOUND ( 'NONE', #5105, .T. ) ;
#3471 = DIRECTION ( 'NONE',  ( -0.000000000000000000, -1.000000000000000000, -0.000000000000000000 ) ) ;
#3472 =( NAMED_UNIT ( * ) PLANE_ANGLE_UNIT ( ) SI_UNIT ( $, .RADIAN. ) );
#3473 = SURFACE_SIDE_STYLE ('',( #2420 ) ) ;
#3474 = ADVANCED_FACE ( 'NONE', ( #1060 ), #4724, .T. ) ;
#3475 = ORIENTED_EDGE ( 'NONE', *, *, #1606, .T. ) ;
#3476 = CARTESIAN_POINT ( 'NONE',  ( 0.000000000000000000, 1.588484854837449722, -2.419459271066770167 ) ) ;
#3477 =( LENGTH_UNIT ( ) NAMED_UNIT ( * ) SI_UNIT ( .MILLI., .METRE. ) );
#3478 = EDGE_CURVE ( 'NONE', #3117, #183, #4885, .T. ) ;
#3479 = DIRECTION ( 'NONE',  ( 0.000000000000000000, 1.000000000000000000, -0.000000000000000000 ) ) ;
#3480 = ORIENTED_EDGE ( 'NONE', *, *, #2927, .T. ) ;
#3481 = SURFACE_STYLE_USAGE ( .BOTH. , #4964 ) ;
#3482 = VERTEX_POINT ( 'NONE', #948 ) ;
#3483 =( GEOMETRIC_REPRESENTATION_CONTEXT ( 3 ) GLOBAL_UNCERTAINTY_ASSIGNED_CONTEXT ( ( #360 ) ) GLOBAL_UNIT_ASSIGNED_CONTEXT ( ( #2218, #3627, #769 ) ) REPRESENTATION_CONTEXT ( 'NONE', 'WORKASPACE' ) );
#3484 = SURFACE_STYLE_FILL_AREA ( #3910 ) ;
#3485 = ORIENTED_EDGE ( 'NONE', *, *, #3101, .T. ) ;
#3486 = ORIENTED_EDGE ( 'NONE', *, *, #4656, .T. ) ;
#3487 = CARTESIAN_POINT ( 'NONE',  ( -2.719999999999999751, -1.679999999999999716, 3.749999999999996447 ) ) ;
#3488 = CARTESIAN_POINT ( 'NONE',  ( -2.686216341497775772, -2.499999999999999556, 3.733548926643227794 ) ) ;
#3489 = VECTOR ( 'NONE', #2110, 1000.000000000000000 ) ;
#3490 = FACE_OUTER_BOUND ( 'NONE', #5139, .T. ) ;
#3491 = MECHANICAL_DESIGN_GEOMETRIC_PRESENTATION_REPRESENTATION (  '', ( #2536 ), #3436 ) ;
#3492 = DIRECTION ( 'NONE',  ( -1.000000000000000000, 0.000000000000000000, 0.000000000000000000 ) ) ;
#3493 = ORIENTED_EDGE ( 'NONE', *, *, #2480, .T. ) ;
#3494 = MECHANICAL_DESIGN_GEOMETRIC_PRESENTATION_REPRESENTATION (  '', ( #3175 ), #4528 ) ;
#3495 = FILL_AREA_STYLE ('',( #3410 ) ) ;
#3496 = FILL_AREA_STYLE ('',( #626 ) ) ;
#3497 = CYLINDRICAL_SURFACE ( 'NONE', #5367, 2.750000000000000444 ) ;
#3498 = CARTESIAN_POINT ( 'NONE',  ( -2.716414731452688081, -2.500840190496418813, 2.754764957087358468 ) ) ;
#3499 = CARTESIAN_POINT ( 'NONE',  ( 2.652959894605128710, 1.743415990890695211, 0.8925295352344825295 ) ) ;
#3500 = ORIENTED_EDGE ( 'NONE', *, *, #5318, .T. ) ;
#3501 = ORIENTED_EDGE ( 'NONE', *, *, #281, .F. ) ;
#3502 = SURFACE_STYLE_FILL_AREA ( #257 ) ;
#3503 = DIRECTION ( 'NONE',  ( 0.000000000000000000, -1.000000000000000000, 0.000000000000000000 ) ) ;
#3504 = LINE ( 'NONE', #5571, #1788 ) ;
#3505 = CARTESIAN_POINT ( 'NONE',  ( -2.362670273047592584, -1.299999999999999600, 2.051543289325536090 ) ) ;
#3506 =( GEOMETRIC_REPRESENTATION_CONTEXT ( 3 ) GLOBAL_UNCERTAINTY_ASSIGNED_CONTEXT ( ( #613 ) ) GLOBAL_UNIT_ASSIGNED_CONTEXT ( ( #4109, #4524, #775 ) ) REPRESENTATION_CONTEXT ( 'NONE', 'WORKASPACE' ) );
#3507 = EDGE_LOOP ( 'NONE', ( #2711, #752, #4137, #3036, #164 ) ) ;
#3508 = CIRCLE ( 'NONE', #4162, 0.3800000000000001155 ) ;
#3509 = CARTESIAN_POINT ( 'NONE',  ( -3.100000000000000089, -1.299999999999999600, 3.369999999999996110 ) ) ;
#3510 = CARTESIAN_POINT ( 'NONE',  ( -2.314051496537353980, -2.136699463921782005, 3.749999999999996447 ) ) ;
#3511 = PRESENTATION_STYLE_ASSIGNMENT (( #4009 ) ) ;
#3512 = ORIENTED_EDGE ( 'NONE', *, *, #1095, .F. ) ;
#3513 = PRESENTATION_STYLE_ASSIGNMENT (( #3429 ) ) ;
#3514 =( GEOMETRIC_REPRESENTATION_CONTEXT ( 3 ) GLOBAL_UNCERTAINTY_ASSIGNED_CONTEXT ( ( #435 ) ) GLOBAL_UNIT_ASSIGNED_CONTEXT ( ( #3010, #320, #2087 ) ) REPRESENTATION_CONTEXT ( 'NONE', 'WORKASPACE' ) );
#3515 =( NAMED_UNIT ( * ) SI_UNIT ( $, .STERADIAN. ) SOLID_ANGLE_UNIT ( ) );
#3516 =( LENGTH_UNIT ( ) NAMED_UNIT ( * ) SI_UNIT ( .MILLI., .METRE. ) );
#3517 = CARTESIAN_POINT ( 'NONE',  ( -2.402912572024167748, 1.817613950279438617, 1.384952186242508265 ) ) ;
#3518 = AXIS2_PLACEMENT_3D ( 'NONE', #4840, #5780, #2995 ) ;
#3519 = UNCERTAINTY_MEASURE_WITH_UNIT (LENGTH_MEASURE( 1.000000000000000082E-05 ), #5615, 'distance_accuracy_value', 'NONE');
#3520 = CARTESIAN_POINT ( 'NONE',  ( 2.411448412258785368, 2.499999999999999112, 3.692861864266447025 ) ) ;
#3521 = CARTESIAN_POINT ( 'NONE',  ( 1.042758046521872428, 1.217527180437284917, -2.597587501841586377 ) ) ;
#3522 =( GEOMETRIC_REPRESENTATION_CONTEXT ( 3 ) GLOBAL_UNCERTAINTY_ASSIGNED_CONTEXT ( ( #4170 ) ) GLOBAL_UNIT_ASSIGNED_CONTEXT ( ( #4694, #1993, #5747 ) ) REPRESENTATION_CONTEXT ( 'NONE', 'WORKASPACE' ) );
#3523 = DIRECTION ( 'NONE',  ( -0.000000000000000000, -1.000000000000000000, -0.000000000000000000 ) ) ;
#3524 = CARTESIAN_POINT ( 'NONE',  ( 2.280000000000000249, 2.120000000000000107, 3.369999999999996110 ) ) ;
#3525 = CARTESIAN_POINT ( 'NONE',  ( -1.175669569775281253, -1.938780199171830310, 2.024197707199157037 ) ) ;
#3526 = EDGE_CURVE ( 'NONE', #5438, #417, #4007, .T. ) ;
#3527 = AXIS2_PLACEMENT_3D ( 'NONE', #5292, #2974, #4375 ) ;
#3528 = EDGE_CURVE ( 'NONE', #4406, #2896, #831, .T. ) ;
#3529 = DIRECTION ( 'NONE',  ( 1.000000000000000000, 0.000000000000000000, 0.000000000000000000 ) ) ;
#3530 = SURFACE_STYLE_FILL_AREA ( #932 ) ;
#3531 = SHAPE_DEFINITION_REPRESENTATION ( #2890, #4929 ) ;
#3532 = CARTESIAN_POINT ( 'NONE',  ( 1.514118253399300285, 2.336515015854579325, 1.822830581635548564 ) ) ;
#3533 = CARTESIAN_POINT ( 'NONE',  ( -0.7399321135034048202, 2.486704549733021352, 2.674597754616732992 ) ) ;
#3534 = ORIENTED_EDGE ( 'NONE', *, *, #3251, .F. ) ;
#3535 = SURFACE_STYLE_USAGE ( .BOTH. , #1163 ) ;
#3536 = SURFACE_STYLE_FILL_AREA ( #5652 ) ;
#3537 = EDGE_CURVE ( 'NONE', #2896, #45, #108, .T. ) ;
#3538 = ORIENTED_EDGE ( 'NONE', *, *, #3130, .T. ) ;
#3539 =( NAMED_UNIT ( * ) SI_UNIT ( $, .STERADIAN. ) SOLID_ANGLE_UNIT ( ) );
#3540 =( BOUNDED_SURFACE ( )  B_SPLINE_SURFACE ( 3, 2, ( 
 ( #1868, #588, #1558 ),
 ( #4847, #5151, #2036 ),
 ( #3798, #134, #5633 ),
 ( #624, #4330, #3900 ),
 ( #3949, #1114, #4389 ),
 ( #4826, #4674, #1072 ),
 ( #2338, #5621, #4354 ),
 ( #1532, #2021, #2595 ),
 ( #3092, #271, #4907 ),
 ( #5829, #1579, #3570 ) ),
 .UNSPECIFIED., .F., .F., .F. ) 
 B_SPLINE_SURFACE_WITH_KNOTS ( ( 4, 2, 2, 2, 4 ),
 ( 3, 3 ),
 ( 0.0006473904975842597860, 0.0007487887945849651134, 0.0008501870915856703324, 0.0009515853885863756597, 0.001052983685587080987 ),
 ( 0.000000000000000000, 1.000000000000000000 ),
 .UNSPECIFIED. ) 
 GEOMETRIC_REPRESENTATION_ITEM ( )  RATIONAL_B_SPLINE_SURFACE ( (
 ( 1.000000000000000000, 0.7071067811865475727, 1.000000000000000000),
 ( 1.000000000000000000, 0.7226631380906476387, 1.000000000000000000),
 ( 1.000000000000000000, 0.7400659817844410515, 1.000000000000000000),
 ( 1.000000000000000000, 0.7680643551607719832, 1.000000000000000000),
 ( 1.000000000000000000, 0.7779732589884423843, 1.000000000000000000),
 ( 1.000000000000000000, 0.7779999221212928751, 1.000000000000000000),
 ( 1.000000000000000000, 0.7681014171511484356, 1.000000000000000000),
 ( 1.000000000000000000, 0.7400591673475964694, 1.000000000000000000),
 ( 1.000000000000000000, 0.7226381619579835824, 1.000000000000000000),
 ( 1.000000000000000000, 0.7071067811865471286, 1.000000000000000000) ) ) 
 REPRESENTATION_ITEM ( '' )  SURFACE ( )  );
#3541 = CIRCLE ( 'NONE', #4990, 0.3800000000000001155 ) ;
#3542 = CARTESIAN_POINT ( 'NONE',  ( -1.796708070302905247, -1.049999999999999378, 2.081907805381499443 ) ) ;
#3543 =( GEOMETRIC_REPRESENTATION_CONTEXT ( 3 ) GLOBAL_UNCERTAINTY_ASSIGNED_CONTEXT ( ( #4911 ) ) GLOBAL_UNIT_ASSIGNED_CONTEXT ( ( #3237, #480, #4233 ) ) REPRESENTATION_CONTEXT ( 'NONE', 'WORKASPACE' ) );
#3544 = FILL_AREA_STYLE_COLOUR ( '', #1343 ) ;
#3545 = FILL_AREA_STYLE ('',( #5476 ) ) ;
#3546 = CARTESIAN_POINT ( 'NONE',  ( -1.846103277496103479, -2.067592567837353013, 2.694631414919986145 ) ) ;
#3547 = MECHANICAL_DESIGN_GEOMETRIC_PRESENTATION_REPRESENTATION (  '', ( #3236 ), #3864 ) ;
#3548 = ORIENTED_EDGE ( 'NONE', *, *, #2601, .F. ) ;
#3549 = CARTESIAN_POINT ( 'NONE',  ( 1.405344226917537576, 2.332578421920792344, 2.049258039895010874 ) ) ;
#3550 = COLOUR_RGB ( '',1.000000000000000000, 1.000000000000000000, 1.000000000000000000 ) ;
#3551 = CARTESIAN_POINT ( 'NONE',  ( -2.199083809030653480, 1.863578903385282981, 1.690003487495358447 ) ) ;
#3552 = FACE_OUTER_BOUND ( 'NONE', #1696, .T. ) ;
#3553 = PRESENTATION_LAYER_ASSIGNMENT (  '', '', ( #3041 ) ) ;
#3554 = EDGE_CURVE ( 'NONE', #25, #2445, #1187, .T. ) ;
#3555 = CARTESIAN_POINT ( 'NONE',  ( 2.296039219456286862, 2.500000000000000000, 3.369999999999996110 ) ) ;
#3556 = ORIENTED_EDGE ( 'NONE', *, *, #4369, .T. ) ;
#3557 = VERTEX_POINT ( 'NONE', #3785 ) ;
#3558 = DIRECTION ( 'NONE',  ( 0.000000000000000000, 0.000000000000000000, 1.000000000000000000 ) ) ;
#3559 = FACE_OUTER_BOUND ( 'NONE', #4583, .T. ) ;
#3560 = EDGE_CURVE ( 'NONE', #4720, #4214, #5168, .T. ) ;
#3561 = DIRECTION ( 'NONE',  ( -0.000000000000000000, -1.000000000000000000, -0.000000000000000000 ) ) ;
#3562 = VERTEX_POINT ( 'NONE', #5723 ) ;
#3563 = DIRECTION ( 'NONE',  ( 0.000000000000000000, 0.000000000000000000, 1.000000000000000000 ) ) ;
#3564 = AXIS2_PLACEMENT_3D ( 'NONE', #4412, #5875, #3492 ) ;
#3565 = CARTESIAN_POINT ( 'NONE',  ( 0.6367661236514955414, 2.014882471626805671, 2.694145714509039280 ) ) ;
#3566 =( LENGTH_UNIT ( ) NAMED_UNIT ( * ) SI_UNIT ( .MILLI., .METRE. ) );
#3567 = ORIENTED_EDGE ( 'NONE', *, *, #3642, .T. ) ;
#3568 = CARTESIAN_POINT ( 'NONE',  ( 1.500000000000000000, 2.120000000000000107, 2.914213562373118016 ) ) ;
#3569 = CARTESIAN_POINT ( 'NONE',  ( 1.450507473113841206, 2.341682383769931430, 1.899942149467230168 ) ) ;
#3570 = CARTESIAN_POINT ( 'NONE',  ( -2.279999999999999805, -1.696039219456288105, 3.749999999999996447 ) ) ;
#3571 = SURFACE_SIDE_STYLE ('',( #442 ) ) ;
#3572 = ORIENTED_EDGE ( 'NONE', *, *, #986, .T. ) ;
#3573 = SURFACE_STYLE_FILL_AREA ( #3163 ) ;
#3574 = CYLINDRICAL_SURFACE ( 'NONE', #5346, 0.3800000000000001155 ) ;
#3575 =( BOUNDED_SURFACE ( )  B_SPLINE_SURFACE ( 3, 2, ( 
 ( #5753, #1038, #5256 ),
 ( #518, #4301, #2408 ),
 ( #2456, #3341, #5649 ),
 ( #2872, #5730, #4771 ),
 ( #56, #3364, #2901 ),
 ( #5670, #5197, #3847 ) ),
 .UNSPECIFIED., .F., .F., .F. ) 
 B_SPLINE_SURFACE_WITH_KNOTS ( ( 4, 2, 4 ),
 ( 3, 3 ),
 ( 0.000000000000000000, 0.0004958260107366173168, 0.0009916520214732346336 ),
 ( 0.000000000000000000, 1.000000000000000000 ),
 .UNSPECIFIED. ) 
 GEOMETRIC_REPRESENTATION_ITEM ( )  RATIONAL_B_SPLINE_SURFACE ( (
 ( 1.000000000000000000, 0.7071067811865474617, 1.000000000000000000),
 ( 1.000000000000000000, 0.7132710354550441112, 1.000000000000000000),
 ( 1.000000000000000000, 0.7380643811858141889, 1.000000000000000000),
 ( 1.000000000000000000, 0.7827453901180821960, 1.000000000000000000),
 ( 1.000000000000000000, 0.8017335963791610842, 1.000000000000000000),
 ( 1.000000000000000000, 0.8010409893798610126, 1.000000000000000000) ) ) 
 REPRESENTATION_ITEM ( '' )  SURFACE ( )  );
#3576 = CARTESIAN_POINT ( 'NONE',  ( 2.339169869190924622, 1.643898705754918144, 3.749999963139773573 ) ) ;
#3577 = ORIENTED_EDGE ( 'NONE', *, *, #470, .F. ) ;
#3578 = CARTESIAN_POINT ( 'NONE',  ( 2.719999999999999751, 1.680000000000000160, 3.369999999999996110 ) ) ;
#3579 = STYLED_ITEM ( 'NONE', ( #4051 ), #4652 ) ;
#3580 = CARTESIAN_POINT ( 'NONE',  ( -2.279999999999999361, -2.120000000000000107, 2.914213562373119348 ) ) ;
#3581 = FILL_AREA_STYLE_COLOUR ( '', #1608 ) ;
#3582 = ORIENTED_EDGE ( 'NONE', *, *, #6020, .T. ) ;
#3583 = CARTESIAN_POINT ( 'NONE',  ( -1.474047684345606513, -2.336242184218001228, 1.821283276535199613 ) ) ;
#3584 = AXIS2_PLACEMENT_3D ( 'NONE', #810, #2730, #2880 ) ;
#3585 = DIRECTION ( 'NONE',  ( 0.000000000000000000, 1.000000000000000000, 0.000000000000000000 ) ) ;
#3586 = CARTESIAN_POINT ( 'NONE',  ( 1.313592224914725159, 1.981657005663683968, 2.415983359525620155 ) ) ;
#3587 = DIRECTION ( 'NONE',  ( 0.7071067811865503483, 0.000000000000000000, -0.7071067811865446862 ) ) ;
#3588 = STYLED_ITEM ( 'NONE', ( #3331 ), #109 ) ;
#3589 = UNCERTAINTY_MEASURE_WITH_UNIT (LENGTH_MEASURE( 1.000000000000000082E-05 ), #3421, 'distance_accuracy_value', 'NONE');
#3590 = CARTESIAN_POINT ( 'NONE',  ( -1.863494062428220577, -2.493136447314740156, 2.711074858439566970 ) ) ;
#3591 = DIRECTION ( 'NONE',  ( 0.000000000000000000, 1.000000000000000000, 0.000000000000000000 ) ) ;
#3592 = SURFACE_STYLE_USAGE ( .BOTH. , #2183 ) ;
#3593 = CARTESIAN_POINT ( 'NONE',  ( 2.567972439723542166, 1.300000000000000044, 3.376567342993408882 ) ) ;
#3594 = AXIS2_PLACEMENT_3D ( 'NONE', #3456, #1191, #2045 ) ;
#3595 = AXIS2_PLACEMENT_3D ( 'NONE', #2714, #787, #1670 ) ;
#3596 = CARTESIAN_POINT ( 'NONE',  ( -3.090753943997284647, -2.120000000000000107, 2.742452421083585445 ) ) ;
#3597 = FILL_AREA_STYLE_COLOUR ( '', #2061 ) ;
#3598 = CARTESIAN_POINT ( 'NONE',  ( 2.631370849898482245, 1.990981124534627611, 1.782842712474646207 ) ) ;
#3599 = SURFACE_SIDE_STYLE ('',( #65 ) ) ;
#3600 = CARTESIAN_POINT ( 'NONE',  ( -1.787845007100877792, -2.271779955830755426, 1.455699812630555146 ) ) ;
#3601 = EDGE_CURVE ( 'NONE', #4140, #2614, #978, .T. ) ;
#3602 = CARTESIAN_POINT ( 'NONE',  ( 1.500000000000000000, 1.899999999999999911, 2.914213562373118016 ) ) ;
#3603 =( GEOMETRIC_REPRESENTATION_CONTEXT ( 3 ) GLOBAL_UNCERTAINTY_ASSIGNED_CONTEXT ( ( #1372 ) ) GLOBAL_UNIT_ASSIGNED_CONTEXT ( ( #3808, #4234, #4749 ) ) REPRESENTATION_CONTEXT ( 'NONE', 'WORKASPACE' ) );
#3604 = DIRECTION ( 'NONE',  ( 0.000000000000000000, 0.000000000000000000, 1.000000000000000000 ) ) ;
#3605 = CARTESIAN_POINT ( 'NONE',  ( 2.458655869717813136, 1.680000000000000160, 1.610127732293976432 ) ) ;
#3606 = CARTESIAN_POINT ( 'NONE',  ( 2.051543289325509889, 2.420068152335910217, 2.296683965534180860 ) ) ;
#3607 = CARTESIAN_POINT ( 'NONE',  ( -2.163659752396359437, -2.500000000000001776, 2.767823278920706009 ) ) ;
#3608 = ORIENTED_EDGE ( 'NONE', *, *, #3793, .F. ) ;
#3609 = LINE ( 'NONE', #3301, #1235 ) ;
#3610 = UNCERTAINTY_MEASURE_WITH_UNIT (LENGTH_MEASURE( 1.000000000000000082E-05 ), #3392, 'distance_accuracy_value', 'NONE');
#3611 = VECTOR ( 'NONE', #2432, 1000.000000000000000 ) ;
#3612 = DIRECTION ( 'NONE',  ( 0.000000000000000000, 0.000000000000000000, -1.000000000000000000 ) ) ;
#3613 = ORIENTED_EDGE ( 'NONE', *, *, #5735, .T. ) ;
#3614 = SURFACE_SIDE_STYLE ('',( #406 ) ) ;
#3615 = CARTESIAN_POINT ( 'NONE',  ( -2.279999999999999361, -1.299999999999999600, 3.369999999999996110 ) ) ;
#3616 =( NAMED_UNIT ( * ) SI_UNIT ( $, .STERADIAN. ) SOLID_ANGLE_UNIT ( ) );
#3617 = CARTESIAN_POINT ( 'NONE',  ( -1.593851488528013949, -2.234603404909584867, 2.341798571158452802 ) ) ;
#3618 = ORIENTED_EDGE ( 'NONE', *, *, #2601, .T. ) ;
#3619 = STYLED_ITEM ( 'NONE', ( #842 ), #1852 ) ;
#3620 = VERTEX_POINT ( 'NONE', #5351 ) ;
#3621 = CARTESIAN_POINT ( 'NONE',  ( -2.800015747792318876, -1.946275210590498794, 3.750000000356337182 ) ) ;
#3622 = ORIENTED_EDGE ( 'NONE', *, *, #3345, .F. ) ;
#3623 = CARTESIAN_POINT ( 'NONE',  ( 1.313036833859509311, 1.990370804743466726, 2.415964650730713981 ) ) ;
#3624 = SURFACE_SIDE_STYLE ('',( #716 ) ) ;
#3625 = SPHERICAL_SURFACE ( 'NONE', #3684, 0.3800000000000000044 ) ;
#3626 = STYLED_ITEM ( 'NONE', ( #4919 ), #5551 ) ;
#3627 =( NAMED_UNIT ( * ) PLANE_ANGLE_UNIT ( ) SI_UNIT ( $, .RADIAN. ) );
#3628 = ORIENTED_EDGE ( 'NONE', *, *, #4216, .T. ) ;
#3629 =( NAMED_UNIT ( * ) SI_UNIT ( $, .STERADIAN. ) SOLID_ANGLE_UNIT ( ) );
#3630 = ORIENTED_EDGE ( 'NONE', *, *, #2804, .F. ) ;
#3631 = CARTESIAN_POINT ( 'NONE',  ( 3.100000000000000089, 2.035747725268925556, 3.369999999999996554 ) ) ;
#3632 = FILL_AREA_STYLE_COLOUR ( '', #3856 ) ;
#3633 = VERTEX_POINT ( 'NONE', #4904 ) ;
#3634 = VERTEX_POINT ( 'NONE', #207 ) ;
#3635 = SURFACE_STYLE_FILL_AREA ( #3111 ) ;
#3636 = CIRCLE ( 'NONE', #2202, 1.600000000000001199 ) ;
#3637 = SURFACE_STYLE_USAGE ( .BOTH. , #318 ) ;
#3638 = CARTESIAN_POINT ( 'NONE',  ( 1.500000000000000000, 1.899999999999999911, 2.914213562373118016 ) ) ;
#3639 = EDGE_CURVE ( 'NONE', #5575, #4140, #3352, .T. ) ;
#3640 = ORIENTED_EDGE ( 'NONE', *, *, #5501, .F. ) ;
#3642 = EDGE_CURVE ( 'NONE', #712, #1991, #84, .T. ) ;
#3641 = SURFACE_SIDE_STYLE ('',( #5 ) ) ;
#3643 =( NAMED_UNIT ( * ) SI_UNIT ( $, .STERADIAN. ) SOLID_ANGLE_UNIT ( ) );
#3644 = COLOUR_RGB ( '',1.000000000000000000, 1.000000000000000000, 1.000000000000000000 ) ;
#3645 = COLOUR_RGB ( '',1.000000000000000000, 1.000000000000000000, 1.000000000000000000 ) ;
#3646 = CARTESIAN_POINT ( 'NONE',  ( -2.756101294245089317, -1.739169869190924089, 3.749999963139772685 ) ) ;
#3647 = CARTESIAN_POINT ( 'NONE',  ( 2.362670273047593028, 1.680000000000000160, 2.051543289325534314 ) ) ;
#3648 = CARTESIAN_POINT ( 'NONE',  ( 1.900000000000000133, 1.680000000000000160, 3.749999999999996447 ) ) ;
#3649 = CARTESIAN_POINT ( 'NONE',  ( 0.000000000000000000, -2.500000000000001776, 2.750000000000000888 ) ) ;
#3650 =( LENGTH_UNIT ( ) NAMED_UNIT ( * ) SI_UNIT ( .MILLI., .METRE. ) );
#3651 = VERTEX_POINT ( 'NONE', #4890 ) ;
#3652 = EDGE_CURVE ( 'NONE', #1315, #1507, #2232, .T. ) ;
#3653 = DIRECTION ( 'NONE',  ( -0.7016738431598597003, -0.1237240302064796932, 0.7016738431598676939 ) ) ;
#3654 = VERTEX_POINT ( 'NONE', #4952 ) ;
#3655 = FILL_AREA_STYLE_COLOUR ( '', #3292 ) ;
#3656 = STYLED_ITEM ( 'NONE', ( #3952 ), #4815 ) ;
#3657 = CARTESIAN_POINT ( 'NONE',  ( 2.877919977996279827E-16, 2.417221664167203521, 2.280540728933230898 ) ) ;
#3658 = CARTESIAN_POINT ( 'NONE',  ( 1.496939041224879308, 2.322276459780240998, 1.742079717433544506 ) ) ;
#3659 = DIRECTION ( 'NONE',  ( 0.000000000000000000, 0.000000000000000000, -1.000000000000000000 ) ) ;
#3660 = DIRECTION ( 'NONE',  ( 0.000000000000000000, 0.000000000000000000, 1.000000000000000000 ) ) ;
#3661 =( LENGTH_UNIT ( ) NAMED_UNIT ( * ) SI_UNIT ( .MILLI., .METRE. ) );
#3662 = AXIS2_PLACEMENT_3D ( 'NONE', #372, #398, #3685 ) ;
#3663 =( BOUNDED_CURVE ( )  B_SPLINE_CURVE ( 3, ( #3455, #4817, #3008, #5756 ),
 .UNSPECIFIED., .F., .F. ) 
 B_SPLINE_CURVE_WITH_KNOTS ( ( 4, 4 ),
 ( 1.651706826118630733, 2.356194490192339508 ),
 .UNSPECIFIED. ) 
 CURVE ( )  GEOMETRIC_REPRESENTATION_ITEM ( )  RATIONAL_B_SPLINE_CURVE ( ( 1.000000000000000000, 0.9590672957598365134, 0.9590672957598365134, 1.000000000000000000 ) ) 
 REPRESENTATION_ITEM ( '' )  );
#3664 = CARTESIAN_POINT ( 'NONE',  ( -3.100000000000000089, -1.729953248299707980, 3.370000104329657020 ) ) ;
#3665 =( GEOMETRIC_REPRESENTATION_CONTEXT ( 3 ) GLOBAL_UNCERTAINTY_ASSIGNED_CONTEXT ( ( #141 ) ) GLOBAL_UNIT_ASSIGNED_CONTEXT ( ( #2477, #2066, #3539 ) ) REPRESENTATION_CONTEXT ( 'NONE', 'WORKASPACE' ) );
#3666 = FILL_AREA_STYLE ('',( #1751 ) ) ;
#3667 = CARTESIAN_POINT ( 'NONE',  ( 2.199083809030669023, -1.863578903385274099, 1.690003487495342904 ) ) ;
#3668 = AXIS2_PLACEMENT_3D ( 'NONE', #4509, #1652, #2214 ) ;
#3669 =( NAMED_UNIT ( * ) SI_UNIT ( $, .STERADIAN. ) SOLID_ANGLE_UNIT ( ) );
#3670 = FILL_AREA_STYLE ('',( #790 ) ) ;
#3671 = CARTESIAN_POINT ( 'NONE',  ( 2.703960780543711806, 2.120000000000000107, 3.369999999999996110 ) ) ;
#3672 = CARTESIAN_POINT ( 'NONE',  ( -2.415813184596579344, 2.500000000000000000, 1.313905117247563314 ) ) ;
#3673 = EDGE_CURVE ( 'NONE', #3212, #4720, #1350, .T. ) ;
#3674 = PRESENTATION_STYLE_ASSIGNMENT (( #559 ) ) ;
#3675 = CARTESIAN_POINT ( 'NONE',  ( 1.433351036997315253, 1.972943487486412462, 2.635432565014465212 ) ) ;
#3676 = AXIS2_PLACEMENT_3D ( 'NONE', #1464, #4204, #967 ) ;
#3677 =( GEOMETRIC_REPRESENTATION_CONTEXT ( 3 ) GLOBAL_UNCERTAINTY_ASSIGNED_CONTEXT ( ( #571 ) ) GLOBAL_UNIT_ASSIGNED_CONTEXT ( ( #2956, #2493, #5322 ) ) REPRESENTATION_CONTEXT ( 'NONE', 'WORKASPACE' ) );
#3678 = ORIENTED_EDGE ( 'NONE', *, *, #3127, .T. ) ;
#3679 = CARTESIAN_POINT ( 'NONE',  ( 1.527083327022260795, 2.347270455050278759, 1.883827708408132739 ) ) ;
#3680 = COLOUR_RGB ( '',1.000000000000000000, 1.000000000000000000, 1.000000000000000000 ) ;
#3681 = CARTESIAN_POINT ( 'NONE',  ( -2.719999999999999751, -1.679999999999999716, 2.914213562373119348 ) ) ;
#3682 = PRESENTATION_LAYER_ASSIGNMENT (  '', '', ( #2536 ) ) ;
#3683 = CARTESIAN_POINT ( 'NONE',  ( -1.235571480328197858, -1.982215585625651144, 2.477348450306732452 ) ) ;
#3684 = AXIS2_PLACEMENT_3D ( 'NONE', #160, #1098, #1213 ) ;
#3685 = DIRECTION ( 'NONE',  ( 1.000000000000000000, 0.000000000000000000, 0.000000000000000000 ) ) ;
#3686 = EDGE_LOOP ( 'NONE', ( #5941, #5041, #5659, #4946, #2550 ) ) ;
#3687 = ADVANCED_FACE ( 'NONE', ( #3794 ), #5229, .T. ) ;
#3688 = CARTESIAN_POINT ( 'NONE',  ( 2.385117568459774962, 1.349414738726201879, 1.373146438070992348 ) ) ;
#3689 = CARTESIAN_POINT ( 'NONE',  ( 1.433351036997314587, 2.500000000000000000, 2.635432565014465212 ) ) ;
#3690 = UNCERTAINTY_MEASURE_WITH_UNIT (LENGTH_MEASURE( 1.000000000000000082E-05 ), #2089, 'distance_accuracy_value', 'NONE');
#3691 = FACE_OUTER_BOUND ( 'NONE', #3922, .T. ) ;
#3692 = FILL_AREA_STYLE_COLOUR ( '', #715 ) ;
#3693 = CARTESIAN_POINT ( 'NONE',  ( -1.899999999999999023, -2.035984314790867167, 3.369999999999996110 ) ) ;
#3694 = ORIENTED_EDGE ( 'NONE', *, *, #5415, .T. ) ;
#3695 = CIRCLE ( 'NONE', #3374, 0.2999999999999999334 ) ;
#3696 = AXIS2_PLACEMENT_3D ( 'NONE', #3294, #1851, #4142 ) ;
#3697 = SURFACE_STYLE_USAGE ( .BOTH. , #2810 ) ;
#3698 = DIRECTION ( 'NONE',  ( 0.000000000000000000, 0.000000000000000000, 1.000000000000000000 ) ) ;
#3699 = ORIENTED_EDGE ( 'NONE', *, *, #862, .T. ) ;
#3700 = LINE ( 'NONE', #5179, #2437 ) ;
#3701 = CARTESIAN_POINT ( 'NONE',  ( -1.609791086967064189, -2.001144622166724840, 2.458319224390944857 ) ) ;
#3702 =( GEOMETRIC_REPRESENTATION_CONTEXT ( 3 ) GLOBAL_UNCERTAINTY_ASSIGNED_CONTEXT ( ( #5432 ) ) GLOBAL_UNIT_ASSIGNED_CONTEXT ( ( #1614, #3067, #1164 ) ) REPRESENTATION_CONTEXT ( 'NONE', 'WORKASPACE' ) );
#3703 = DIRECTION ( 'NONE',  ( -0.04758340845477628672, 0.9977332501624128769, -0.04758340845477670306 ) ) ;
#3704 = EDGE_LOOP ( 'NONE', ( #2592, #4062, #4346, #758, #616, #2281, #2460, #3848, #1122, #5755 ) ) ;
#3705 = CARTESIAN_POINT ( 'NONE',  ( 0.7399321135034313546, -2.486704549732948077, 2.674597754616894640 ) ) ;
#3706 = FACE_OUTER_BOUND ( 'NONE', #4717, .T. ) ;
#3707 = PRESENTATION_LAYER_ASSIGNMENT (  '', '', ( #1563 ) ) ;
#3708 = CARTESIAN_POINT ( 'NONE',  ( 0.000000000000000000, -1.194561753632566781, -2.750000000000000444 ) ) ;
#3709 =( LENGTH_UNIT ( ) NAMED_UNIT ( * ) SI_UNIT ( .MILLI., .METRE. ) );
#3710 = STYLED_ITEM ( 'NONE', ( #449 ), #2879 ) ;
#3711 = LINE ( 'NONE', #4830, #179 ) ;
#3712 =( LENGTH_UNIT ( ) NAMED_UNIT ( * ) SI_UNIT ( .MILLI., .METRE. ) );
#3713 = COLOUR_RGB ( '',1.000000000000000000, 1.000000000000000000, 1.000000000000000000 ) ;
#3714 = VECTOR ( 'NONE', #4275, 1000.000000000000000 ) ;
#3715 = ADVANCED_FACE ( 'NONE', ( #5311 ), #1446, .T. ) ;
#3716 =( NAMED_UNIT ( * ) SI_UNIT ( $, .STERADIAN. ) SOLID_ANGLE_UNIT ( ) );
#3717 = CARTESIAN_POINT ( 'NONE',  ( 2.719999999999999751, 1.680000000000000160, 3.369999999999996110 ) ) ;
#3718 = AXIS2_PLACEMENT_3D ( 'NONE', #1828, #2311, #4164 ) ;
#3719 = DIRECTION ( 'NONE',  ( 0.000000000000000000, 0.000000000000000000, 1.000000000000000000 ) ) ;
#3720 =( LENGTH_UNIT ( ) NAMED_UNIT ( * ) SI_UNIT ( .MILLI., .METRE. ) );
#3721 = EDGE_LOOP ( 'NONE', ( #662, #5521, #1063 ) ) ;
#3722 = CARTESIAN_POINT ( 'NONE',  ( -1.268061414988731261, -2.449238918939883991, 2.462119603839539206 ) ) ;
#3723 = PRESENTATION_STYLE_ASSIGNMENT (( #4879 ) ) ;
#3724 = FILL_AREA_STYLE ('',( #2754 ) ) ;
#3725 = DIRECTION ( 'NONE',  ( -1.000000000000000000, 0.000000000000000000, 0.000000000000000000 ) ) ;
#3726 = UNCERTAINTY_MEASURE_WITH_UNIT (LENGTH_MEASURE( 1.000000000000000082E-05 ), #6040, 'distance_accuracy_value', 'NONE');
#3727 = SURFACE_SIDE_STYLE ('',( #5429 ) ) ;
#3728 = ORIENTED_EDGE ( 'NONE', *, *, #1846, .F. ) ;
#3729 = CARTESIAN_POINT ( 'NONE',  ( -2.445621208660145207, -1.958228451127391745, 1.597093071236310502 ) ) ;
#3730 = DIRECTION ( 'NONE',  ( -0.000000000000000000, -1.000000000000000000, -0.000000000000000000 ) ) ;
#3731 = CARTESIAN_POINT ( 'NONE',  ( -1.948250065271256215, -2.266710577730694620, 1.426639622270748253 ) ) ;
#3732 = EDGE_CURVE ( 'NONE', #341, #880, #2743, .T. ) ;
#3733 =( NAMED_UNIT ( * ) SI_UNIT ( $, .STERADIAN. ) SOLID_ANGLE_UNIT ( ) );
#3734 = DIRECTION ( 'NONE',  ( -1.000000000000000000, 0.000000000000000000, 0.000000000000000000 ) ) ;
#3735 =( GEOMETRIC_REPRESENTATION_CONTEXT ( 3 ) GLOBAL_UNCERTAINTY_ASSIGNED_CONTEXT ( ( #62 ) ) GLOBAL_UNIT_ASSIGNED_CONTEXT ( ( #96, #4246, #1498 ) ) REPRESENTATION_CONTEXT ( 'NONE', 'WORKASPACE' ) );
#3736 = DIRECTION ( 'NONE',  ( 0.000000000000000000, 0.000000000000000000, 1.000000000000000000 ) ) ;
#3737 = CARTESIAN_POINT ( 'NONE',  ( -2.719999999999999751, -1.299999999999999600, 3.749999999999996447 ) ) ;
#3738 =( NAMED_UNIT ( * ) PLANE_ANGLE_UNIT ( ) SI_UNIT ( $, .RADIAN. ) );
#3739 = CARTESIAN_POINT ( 'NONE',  ( -1.413164055205178071, -2.348234891816181502, 2.022096371787714286 ) ) ;
#3740 = VECTOR ( 'NONE', #6042, 1000.000000000000000 ) ;
#3741 = SURFACE_STYLE_USAGE ( .BOTH. , #17 ) ;
#3742 = CARTESIAN_POINT ( 'NONE',  ( -2.415813184596578900, -1.519491702725156435, 1.313905117247563092 ) ) ;
#3743 = STYLED_ITEM ( 'NONE', ( #2897 ), #1081 ) ;
#3744 = PRESENTATION_LAYER_ASSIGNMENT (  '', '', ( #3009 ) ) ;
#3745 = CARTESIAN_POINT ( 'NONE',  ( 1.478024402205247112, 1.563001194952361450, 2.326552484097720086 ) ) ;
#3746 = ADVANCED_FACE ( 'NONE', ( #5019 ), #2113, .T. ) ;
#3747 = VECTOR ( 'NONE', #5281, 1000.000000000000000 ) ;
#3748 = COLOUR_RGB ( '',1.000000000000000000, 1.000000000000000000, 1.000000000000000000 ) ;
#3749 = CARTESIAN_POINT ( 'NONE',  ( 2.719999999999999751, 2.103960780543711717, 3.749999999999996447 ) ) ;
#3750 = EDGE_CURVE ( 'NONE', #2376, #962, #3636, .T. ) ;
#3751 = CARTESIAN_POINT ( 'NONE',  ( -2.445621208660145207, -1.958228451127391745, 1.597093071236310502 ) ) ;
#3752 = EDGE_CURVE ( 'NONE', #2896, #5438, #240, .T. ) ;
#3753 = AXIS2_PLACEMENT_3D ( 'NONE', #2877, #107, #3876 ) ;
#3754 = EDGE_CURVE ( 'NONE', #106, #1688, #2926, .T. ) ;
#3755 = LINE ( 'NONE', #1349, #4988 ) ;
#3756 = CARTESIAN_POINT ( 'NONE',  ( 1.071419546650628218, 2.384276884173338829, 2.093701597102718637 ) ) ;
#3757 = EDGE_LOOP ( 'NONE', ( #3512, #5469, #3188, #370 ) ) ;
#3758 = UNCERTAINTY_MEASURE_WITH_UNIT (LENGTH_MEASURE( 1.000000000000000082E-05 ), #46, 'distance_accuracy_value', 'NONE');
#3759 = DIRECTION ( 'NONE',  ( 0.000000000000000000, 0.000000000000000000, -1.000000000000000000 ) ) ;
#3760 = CARTESIAN_POINT ( 'NONE',  ( 2.877919977996279827E-16, -1.588484854837450611, -2.419459271066770167 ) ) ;
#3761 = CARTESIAN_POINT ( 'NONE',  ( -2.458655869717813136, -1.577413146805872746, 1.610127732293977765 ) ) ;
#3762 = LINE ( 'NONE', #3442, #74 ) ;
#3763 = SURFACE_SIDE_STYLE ('',( #4798 ) ) ;
#3764 = ORIENTED_EDGE ( 'NONE', *, *, #5588, .T. ) ;
#3765 =( NAMED_UNIT ( * ) SI_UNIT ( $, .STERADIAN. ) SOLID_ANGLE_UNIT ( ) );
#3766 = SURFACE_STYLE_USAGE ( .BOTH. , #4278 ) ;
#3767 = UNCERTAINTY_MEASURE_WITH_UNIT (LENGTH_MEASURE( 1.000000000000000082E-05 ), #697, 'distance_accuracy_value', 'NONE');
#3768 =( LENGTH_UNIT ( ) NAMED_UNIT ( * ) SI_UNIT ( .MILLI., .METRE. ) );
#3769 = VECTOR ( 'NONE', #5420, 1000.000000000000000 ) ;
#3770 = ORIENTED_EDGE ( 'NONE', *, *, #1302, .T. ) ;
#3771 = VERTEX_POINT ( 'NONE', #3203 ) ;
#3772 = ORIENTED_EDGE ( 'NONE', *, *, #4070, .T. ) ;
#3773 = ADVANCED_FACE ( 'NONE', ( #4500 ), #2267, .T. ) ;
#3774 =( BOUNDED_SURFACE ( )  B_SPLINE_SURFACE ( 3, 2, ( 
 ( #5106, #4186, #2792 ),
 ( #6065, #4664, #1777 ),
 ( #6079, #3298, #4588 ),
 ( #461, #392, #4126 ) ),
 .UNSPECIFIED., .F., .F., .F. ) 
 B_SPLINE_SURFACE_WITH_KNOTS ( ( 4, 4 ),
 ( 3, 3 ),
 ( 0.000000000000000000, 4.228977918261868943E-05 ),
 ( 0.000000000000000000, 1.000000000000000000 ),
 .UNSPECIFIED. ) 
 GEOMETRIC_REPRESENTATION_ITEM ( )  RATIONAL_B_SPLINE_SURFACE ( (
 ( 1.000000000000000000, 0.8010409893798605685, 1.000000000000000000),
 ( 1.000000000000000000, 0.8006147373929335398, 1.000000000000000000),
 ( 1.000000000000000000, 0.8001413312306212555, 1.000000000000000000),
 ( 1.000000000000000000, 0.7996203632984809628, 1.000000000000000000) ) ) 
 REPRESENTATION_ITEM ( '' )  SURFACE ( )  );
#3775 = CARTESIAN_POINT ( 'NONE',  ( -2.296039219456288194, -1.299999999999999600, 3.369999999999996110 ) ) ;
#3776 = ORIENTED_EDGE ( 'NONE', *, *, #4240, .T. ) ;
#3777 = MECHANICAL_DESIGN_GEOMETRIC_PRESENTATION_REPRESENTATION (  '', ( #4465 ), #2700 ) ;
#3778 = ORIENTED_EDGE ( 'NONE', *, *, #6057, .F. ) ;
#3779 = STYLED_ITEM ( 'NONE', ( #3513 ), #5145 ) ;
#3780 = ADVANCED_FACE ( 'NONE', ( #1457 ), #2931, .F. ) ;
#3781 = DIRECTION ( 'NONE',  ( -0.000000000000000000, 0.000000000000000000, 1.000000000000000000 ) ) ;
#3782 = MECHANICAL_DESIGN_GEOMETRIC_PRESENTATION_REPRESENTATION (  '', ( #2837 ), #528 ) ;
#3783 = ORIENTED_EDGE ( 'NONE', *, *, #4177, .T. ) ;
#3784 = DIRECTION ( 'NONE',  ( -0.6533483892010638616, 0.000000000000000000, 0.7570573837750842472 ) ) ;
#3785 = CARTESIAN_POINT ( 'NONE',  ( -3.100000000000000089, -2.120000000000000107, 2.914213562373119348 ) ) ;
#3786 = DIRECTION ( 'NONE',  ( 0.000000000000000000, -1.000000000000000000, 0.000000000000000000 ) ) ;
#3787 = AXIS2_PLACEMENT_3D ( 'NONE', #3307, #2811, #5627 ) ;
#3788 =( NAMED_UNIT ( * ) SI_UNIT ( $, .STERADIAN. ) SOLID_ANGLE_UNIT ( ) );
#3789 = DIRECTION ( 'NONE',  ( 1.000000000000000000, 0.000000000000000000, 0.000000000000000000 ) ) ;
#3790 = FILL_AREA_STYLE_COLOUR ( '', #1547 ) ;
#3791 = CIRCLE ( 'NONE', #1342, 0.3800000000000001155 ) ;
#3792 = FILL_AREA_STYLE_COLOUR ( '', #560 ) ;
#3793 = EDGE_CURVE ( 'NONE', #3557, #2295, #363, .T. ) ;
#3794 = FACE_OUTER_BOUND ( 'NONE', #2521, .T. ) ;
#3795 =( GEOMETRIC_REPRESENTATION_CONTEXT ( 3 ) GLOBAL_UNCERTAINTY_ASSIGNED_CONTEXT ( ( #5360 ) ) GLOBAL_UNIT_ASSIGNED_CONTEXT ( ( #1219, #5559, #401 ) ) REPRESENTATION_CONTEXT ( 'NONE', 'WORKASPACE' ) );
#3796 = CIRCLE ( 'NONE', #2069, 0.2999999999999999334 ) ;
#3797 = CYLINDRICAL_SURFACE ( 'NONE', #850, 0.3800000000000001155 ) ;
#3798 = CARTESIAN_POINT ( 'NONE',  ( -1.899999999999999245, -2.036029882617202968, 3.372184921315798167 ) ) ;
#3799 = ORIENTED_EDGE ( 'NONE', *, *, #2141, .F. ) ;
#3800 = CARTESIAN_POINT ( 'NONE',  ( 2.569555533372219536, 2.401687523985391870, 2.192442242136730446 ) ) ;
#3801 = CARTESIAN_POINT ( 'NONE',  ( -3.100000000000000089, -1.679999999999999716, 3.749999999999996447 ) ) ;
#3802 =( GEOMETRIC_REPRESENTATION_CONTEXT ( 3 ) GLOBAL_UNCERTAINTY_ASSIGNED_CONTEXT ( ( #1174 ) ) GLOBAL_UNIT_ASSIGNED_CONTEXT ( ( #4985, #2006, #2966 ) ) REPRESENTATION_CONTEXT ( 'NONE', 'WORKASPACE' ) );
#3803 =( BOUNDED_SURFACE ( )  B_SPLINE_SURFACE ( 3, 2, ( 
 ( #4473, #1657, #4042 ),
 ( #4895, #274, #3971 ),
 ( #4442, #1208, #4958 ),
 ( #3498, #2135, #201 ) ),
 .UNSPECIFIED., .F., .F., .F. ) 
 B_SPLINE_SURFACE_WITH_KNOTS ( ( 4, 4 ),
 ( 3, 3 ),
 ( 3.926990816987247168, 4.635705407045398019 ),
 ( 0.000000000000000000, 1.000000000000000000 ),
 .UNSPECIFIED. ) 
 GEOMETRIC_REPRESENTATION_ITEM ( )  RATIONAL_B_SPLINE_SURFACE ( (
 ( 1.000000000000000000, 0.7492622384615975628, 1.000000000000000000),
 ( 1.000000000000000000, 0.7396108874023905599, 1.000000000000000000),
 ( 1.000000000000000000, 0.7261855905527443422, 1.000000000000000000),
 ( 1.000000000000000000, 0.7117945336044321225, 1.000000000000000000) ) ) 
 REPRESENTATION_ITEM ( '' )  SURFACE ( )  );
#3804 = CARTESIAN_POINT ( 'NONE',  ( 0.000000000000000000, -1.299999999999999600, 0.000000000000000000 ) ) ;
#3805 = ORIENTED_EDGE ( 'NONE', *, *, #5401, .T. ) ;
#3806 = CARTESIAN_POINT ( 'NONE',  ( 2.267548853324876657, 2.175045442366642323, 1.530959864588454789 ) ) ;
#3807 = CARTESIAN_POINT ( 'NONE',  ( 2.445621208660145651, 1.958228451127391745, 1.597093071236308726 ) ) ;
#3808 =( LENGTH_UNIT ( ) NAMED_UNIT ( * ) SI_UNIT ( .MILLI., .METRE. ) );
#3809 = CARTESIAN_POINT ( 'NONE',  ( 2.288835786709699782, -1.894393204762708782, -0.6845668076663354862 ) ) ;
#3810 = DIRECTION ( 'NONE',  ( 0.000000000000000000, 0.000000000000000000, -1.000000000000000000 ) ) ;
#3811 = ADVANCED_FACE ( 'NONE', ( #2117 ), #3246, .T. ) ;
#3812 = STYLED_ITEM ( 'NONE', ( #4573 ), #1452 ) ;
#3813 =( NAMED_UNIT ( * ) PLANE_ANGLE_UNIT ( ) SI_UNIT ( $, .RADIAN. ) );
#3814 = CARTESIAN_POINT ( 'NONE',  ( 3.099999999999999645, 1.300000000000000044, 2.914213562373118016 ) ) ;
#3815 = STYLED_ITEM ( 'NONE', ( #3723 ), #1907 ) ;
#3816 = DIRECTION ( 'NONE',  ( 0.000000000000000000, 0.000000000000000000, 1.000000000000000000 ) ) ;
#3817 =( LENGTH_UNIT ( ) NAMED_UNIT ( * ) SI_UNIT ( .MILLI., .METRE. ) );
#3818 = DIRECTION ( 'NONE',  ( -0.7071067811865439090, 0.000000000000000000, -0.7071067811865511255 ) ) ;
#3819 = CARTESIAN_POINT ( 'NONE',  ( -2.703960780543711806, -1.680000000000000382, 3.749999999999996447 ) ) ;
#3820 = FILL_AREA_STYLE ('',( #533 ) ) ;
#3821 = AXIS2_PLACEMENT_3D ( 'NONE', #1920, #1900, #955 ) ;
#3822 = CARTESIAN_POINT ( 'NONE',  ( 2.320281731729003205, 1.914238292759047999, 1.471753594305164947 ) ) ;
#3823 = CARTESIAN_POINT ( 'NONE',  ( 1.183504595333488840, -1.640783787118482051, -2.122857287235929036 ) ) ;
#3824 = FACE_OUTER_BOUND ( 'NONE', #3507, .T. ) ;
#3825 =( GEOMETRIC_REPRESENTATION_CONTEXT ( 3 ) GLOBAL_UNCERTAINTY_ASSIGNED_CONTEXT ( ( #2515 ) ) GLOBAL_UNIT_ASSIGNED_CONTEXT ( ( #3712, #454, #2263 ) ) REPRESENTATION_CONTEXT ( 'NONE', 'WORKASPACE' ) );
#3826 = EDGE_LOOP ( 'NONE', ( #5442, #1773, #2297 ) ) ;
#3827 = B_SPLINE_CURVE_WITH_KNOTS ( 'NONE', 3,
 ( #1432, #3742, #4711, #1386, #4223, #5185 ),
 .UNSPECIFIED., .F., .F.,
 ( 4, 2, 4 ),
 ( 0.000000000000000000, 0.0004756072115083180910, 0.0009512144230166361819 ),
 .UNSPECIFIED. ) ;
#3828 = FACE_OUTER_BOUND ( 'NONE', #5772, .T. ) ;
#3829 = FACE_OUTER_BOUND ( 'NONE', #5144, .T. ) ;
#3830 =( BOUNDED_CURVE ( )  B_SPLINE_CURVE ( 3, ( #5638, #609, #2448, #5717 ),
 .UNSPECIFIED., .F., .F. ) 
 B_SPLINE_CURVE_WITH_KNOTS ( ( 4, 4 ),
 ( 1.739503001217854949, 2.356194490192340396 ),
 .UNSPECIFIED. ) 
 CURVE ( )  GEOMETRIC_REPRESENTATION_ITEM ( )  RATIONAL_B_SPLINE_CURVE ( ( 1.000000000000000000, 0.9685579410181995863, 0.9685579410181995863, 1.000000000000000000 ) ) 
 REPRESENTATION_ITEM ( '' )  );
#3831 = EDGE_CURVE ( 'NONE', #2919, #5431, #1103, .T. ) ;
#3832 = STYLED_ITEM ( 'NONE', ( #5562 ), #4143 ) ;
#3833 = EDGE_CURVE ( 'NONE', #25, #1400, #578, .T. ) ;
#3834 = LINE ( 'NONE', #3814, #2347 ) ;
#3835 = DIRECTION ( 'NONE',  ( -0.7071067811865511255, 0.000000000000000000, 0.7071067811865440200 ) ) ;
#3836 = ADVANCED_FACE ( 'NONE', ( #3382 ), #788, .T. ) ;
#3837 = DIRECTION ( 'NONE',  ( 0.000000000000000000, 0.000000000000000000, -1.000000000000000000 ) ) ;
#3838 = CARTESIAN_POINT ( 'NONE',  ( -1.313036833859507091, -1.990370804743467614, 2.415964650730715313 ) ) ;
#3839 = VERTEX_POINT ( 'NONE', #5693 ) ;
#3840 =( NAMED_UNIT ( * ) PLANE_ANGLE_UNIT ( ) SI_UNIT ( $, .RADIAN. ) );
#3841 = LINE ( 'NONE', #158, #4294 ) ;
#3842 = DIRECTION ( 'NONE',  ( 0.000000000000000000, -1.000000000000000000, -0.000000000000000000 ) ) ;
#3843 = SURFACE_STYLE_FILL_AREA ( #2638 ) ;
#3844 = CARTESIAN_POINT ( 'NONE',  ( 2.316855752047074279, 1.948637001197777607, 1.464128520451489557 ) ) ;
#3845 = PRESENTATION_STYLE_ASSIGNMENT (( #5783 ) ) ;
#3846 = VERTEX_POINT ( 'NONE', #1434 ) ;
#3847 = CARTESIAN_POINT ( 'NONE',  ( -1.610127732293950675, -1.679999999999999716, 2.458655869717830456 ) ) ;
#3848 = ORIENTED_EDGE ( 'NONE', *, *, #5625, .T. ) ;
#3849 = EDGE_CURVE ( 'NONE', #5954, #1549, #4539, .T. ) ;
#3850 = UNCERTAINTY_MEASURE_WITH_UNIT (LENGTH_MEASURE( 1.000000000000000082E-05 ), #3477, 'distance_accuracy_value', 'NONE');
#3851 = CARTESIAN_POINT ( 'NONE',  ( 2.911089736626012225, 2.455995347264019912, 2.732389568610196662 ) ) ;
#3852 = VERTEX_POINT ( 'NONE', #2904 ) ;
#3853 = ORIENTED_EDGE ( 'NONE', *, *, #2363, .T. ) ;
#3854 = CARTESIAN_POINT ( 'NONE',  ( -0.7055637278664017575, 1.542352093870836605, -2.681091159625357268 ) ) ;
#3855 = PRESENTATION_STYLE_ASSIGNMENT (( #5613 ) ) ;
#3856 = COLOUR_RGB ( '',1.000000000000000000, 1.000000000000000000, 1.000000000000000000 ) ;
#3857 = CARTESIAN_POINT ( 'NONE',  ( -2.703960780543710918, -2.500000000000000000, 3.369999999999996110 ) ) ;
#3858 = ORIENTED_EDGE ( 'NONE', *, *, #5498, .F. ) ;
#3859 = PRESENTATION_STYLE_ASSIGNMENT (( #446 ) ) ;
#3860 = MECHANICAL_DESIGN_GEOMETRIC_PRESENTATION_REPRESENTATION (  '', ( #3626 ), #4665 ) ;
#3861 = FILL_AREA_STYLE_COLOUR ( '', #4927 ) ;
#3862 = FILL_AREA_STYLE_COLOUR ( '', #2298 ) ;
#3863 = CARTESIAN_POINT ( 'NONE',  ( 2.686216341497806415, 2.500000000000000000, 3.733548926643195820 ) ) ;
#3864 =( GEOMETRIC_REPRESENTATION_CONTEXT ( 3 ) GLOBAL_UNCERTAINTY_ASSIGNED_CONTEXT ( ( #2855 ) ) GLOBAL_UNIT_ASSIGNED_CONTEXT ( ( #2582, #2602, #2548 ) ) REPRESENTATION_CONTEXT ( 'NONE', 'WORKASPACE' ) );
#3865 = ADVANCED_FACE ( 'NONE', ( #3824 ), #1225, .T. ) ;
#3866 = SURFACE_STYLE_USAGE ( .BOTH. , #1539 ) ;
#3867 = AXIS2_PLACEMENT_3D ( 'NONE', #3647, #1327, #352 ) ;
#3868 = EDGE_CURVE ( 'NONE', #3654, #5934, #1522, .T. ) ;
#3869 = LINE ( 'NONE', #2345, #3955 ) ;
#3870 = CARTESIAN_POINT ( 'NONE',  ( -2.383169911607009528, -1.341406881679301000, 1.791103798082416931 ) ) ;
#3871 = CARTESIAN_POINT ( 'NONE',  ( 1.931240635153405716, 2.261416437936098589, 1.396925382007305316 ) ) ;
#3872 = DIRECTION ( 'NONE',  ( 0.000000000000000000, 0.000000000000000000, 1.000000000000000000 ) ) ;
#3873 = DIRECTION ( 'NONE',  ( -0.000000000000000000, 1.000000000000000000, 0.000000000000000000 ) ) ;
#3874 = CARTESIAN_POINT ( 'NONE',  ( -2.415813184596579344, -1.679999999999999716, 1.313905117247563314 ) ) ;
#3875 = ORIENTED_EDGE ( 'NONE', *, *, #4773, .T. ) ;
#3876 = DIRECTION ( 'NONE',  ( 0.000000000000000000, 0.000000000000000000, -1.000000000000000000 ) ) ;
#3877 = EDGE_CURVE ( 'NONE', #3557, #2593, #1741, .T. ) ;
#3878 = ADVANCED_FACE ( 'NONE', ( #1379 ), #1064, .T. ) ;
#3879 = PRESENTATION_STYLE_ASSIGNMENT (( #3028 ) ) ;
#3880 = CARTESIAN_POINT ( 'NONE',  ( 1.899999999999999689, 2.036029882617203857, 3.372184921315798167 ) ) ;
#3881 = EDGE_CURVE ( 'NONE', #880, #3179, #5055, .T. ) ;
#3882 = AXIS2_PLACEMENT_3D ( 'NONE', #1294, #5995, #4080 ) ;
#3883 = CARTESIAN_POINT ( 'NONE',  ( -2.703960780543710918, -2.500000000000000000, 3.369999999999996110 ) ) ;
#3884 = STYLED_ITEM ( 'NONE', ( #1192 ), #630 ) ;
#3885 = ORIENTED_EDGE ( 'NONE', *, *, #5547, .F. ) ;
#3886 = UNCERTAINTY_MEASURE_WITH_UNIT (LENGTH_MEASURE( 1.000000000000000082E-05 ), #927, 'distance_accuracy_value', 'NONE');
#3887 = CARTESIAN_POINT ( 'NONE',  ( -2.652959894605124713, -1.743415990890704093, 0.8925295352345113953 ) ) ;
#3888 = DIRECTION ( 'NONE',  ( -0.000000000000000000, -1.000000000000000000, 0.000000000000000000 ) ) ;
#3889 = ORIENTED_EDGE ( 'NONE', *, *, #5000, .F. ) ;
#3890 = DIRECTION ( 'NONE',  ( 0.000000000000000000, 0.000000000000000000, -1.000000000000000000 ) ) ;
#3891 = CARTESIAN_POINT ( 'NONE',  ( 2.708897806240349482, 2.500000000000000000, 2.750000000000000444 ) ) ;
#3892 = SURFACE_SIDE_STYLE ('',( #5510 ) ) ;
#3893 = DIRECTION ( 'NONE',  ( -0.000000000000000000, 1.000000000000000000, -0.000000000000000000 ) ) ;
#3894 = FILL_AREA_STYLE ('',( #5762 ) ) ;
#3895 = CARTESIAN_POINT ( 'NONE',  ( 1.899999999999999689, 1.934085097769115968, 3.378513995163099803 ) ) ;
#3896 = ADVANCED_FACE ( 'NONE', ( #6074 ), #2047, .T. ) ;
#3897 = AXIS2_PLACEMENT_3D ( 'NONE', #4976, #3591, #2182 ) ;
#3898 = SURFACE_SIDE_STYLE ('',( #2042 ) ) ;
#3899 = CIRCLE ( 'NONE', #1801, 0.2999999999999999334 ) ;
#3900 = CARTESIAN_POINT ( 'NONE',  ( -2.211807591223577951, -1.991646333145755898, 3.750000036860219765 ) ) ;
#3901 = CARTESIAN_POINT ( 'NONE',  ( -1.023828723672368213, -1.556227588031912301, -2.602399321851417646 ) ) ;
#3902 = ADVANCED_FACE ( 'NONE', ( #4238 ), #6005, .T. ) ;
#3903 = PRESENTATION_LAYER_ASSIGNMENT (  '', '', ( #4018 ) ) ;
#3904 = FILL_AREA_STYLE ('',( #4786 ) ) ;
#3905 = FILL_AREA_STYLE_COLOUR ( '', #2817 ) ;
#3906 = PRESENTATION_STYLE_ASSIGNMENT (( #1638 ) ) ;
#3907 = PRESENTATION_STYLE_ASSIGNMENT (( #2943 ) ) ;
#3908 = CARTESIAN_POINT ( 'NONE',  ( -2.703960780543710918, -1.679999999999999716, 3.369999999999996110 ) ) ;
#3909 = ORIENTED_EDGE ( 'NONE', *, *, #5016, .T. ) ;
#3910 = FILL_AREA_STYLE ('',( #1447 ) ) ;
#3911 = DIRECTION ( 'NONE',  ( 5.188895745013400325E-16, -0.000000000000000000, 1.000000000000000000 ) ) ;
#3912 = MECHANICAL_DESIGN_GEOMETRIC_PRESENTATION_REPRESENTATION (  '', ( #3710 ), #2764 ) ;
#3913 = VECTOR ( 'NONE', #2231, 1000.000000000000227 ) ;
#3914 = FACE_OUTER_BOUND ( 'NONE', #6041, .T. ) ;
#3915 = CARTESIAN_POINT ( 'NONE',  ( 1.312243118066500402, 1.999052971881625451, 2.415759104704106708 ) ) ;
#3916 = STYLED_ITEM ( 'NONE', ( #2753 ), #1422 ) ;
#3917 = ORIENTED_EDGE ( 'NONE', *, *, #5225, .F. ) ;
#3918 =( BOUNDED_CURVE ( )  B_SPLINE_CURVE ( 3, ( #3433, #4379, #4358, #2520 ),
 .UNSPECIFIED., .F., .F. ) 
 B_SPLINE_CURVE_WITH_KNOTS ( ( 4, 4 ),
 ( 3.141592653589793116, 6.283185307179586232 ),
 .UNSPECIFIED. ) 
 CURVE ( )  GEOMETRIC_REPRESENTATION_ITEM ( )  RATIONAL_B_SPLINE_CURVE ( ( 1.000000000000000000, 0.3333333333333333703, 0.3333333333333333703, 1.000000000000000000 ) ) 
 REPRESENTATION_ITEM ( '' )  );
#3919 = B_SPLINE_CURVE_WITH_KNOTS ( 'NONE', 3,
 ( #4151, #3701, #1304, #5531 ),
 .UNSPECIFIED., .F., .F.,
 ( 4, 4 ),
 ( 0.000000000000000000, 4.228977918261868943E-05 ),
 .UNSPECIFIED. ) ;
#3920 = CARTESIAN_POINT ( 'NONE',  ( -2.703960780543710918, -2.120000000000000107, 3.749999999999996447 ) ) ;
#3921 = ORIENTED_EDGE ( 'NONE', *, *, #4845, .F. ) ;
#3922 = EDGE_LOOP ( 'NONE', ( #4077, #3343, #1096, #1486 ) ) ;
#3923 = EDGE_CURVE ( 'NONE', #3384, #3253, #2706, .T. ) ;
#3924 = ORIENTED_EDGE ( 'NONE', *, *, #2126, .F. ) ;
#3925 = AXIS2_PLACEMENT_3D ( 'NONE', #2147, #5759, #4339 ) ;
#3926 = CARTESIAN_POINT ( 'NONE',  ( 5.499999999999998224, -1.194561753632567225, -2.749999999999999556 ) ) ;
#3927 = CARTESIAN_POINT ( 'NONE',  ( -1.921826404878492989, -1.302291487929799096, -2.035040157545169315 ) ) ;
#3928 = LINE ( 'NONE', #5241, #5295 ) ;
#3929 = CARTESIAN_POINT ( 'NONE',  ( 3.090753943997285980, 2.120000000000000107, 2.742452421083585890 ) ) ;
#3930 = ORIENTED_EDGE ( 'NONE', *, *, #2783, .T. ) ;
#3931 = DIRECTION ( 'NONE',  ( 0.000000000000000000, 0.000000000000000000, 1.000000000000000000 ) ) ;
#3932 = ORIENTED_EDGE ( 'NONE', *, *, #2564, .T. ) ;
#3933 = ORIENTED_EDGE ( 'NONE', *, *, #5546, .T. ) ;
#3934 = DIRECTION ( 'NONE',  ( -0.000000000000000000, -1.000000000000000000, -0.000000000000000000 ) ) ;
#3935 = SURFACE_STYLE_FILL_AREA ( #2565 ) ;
#3936 = DIRECTION ( 'NONE',  ( 1.000000000000000000, 0.000000000000000000, 0.000000000000000000 ) ) ;
#3937 = CARTESIAN_POINT ( 'NONE',  ( 1.808392587802123419, 2.267473959965859098, 1.431279296566628112 ) ) ;
#3938 = CARTESIAN_POINT ( 'NONE',  ( 1.055851992280466778, 2.376138686830556068, 2.047547586468129399 ) ) ;
#3939 = ORIENTED_EDGE ( 'NONE', *, *, #5653, .F. ) ;
#3940 = ORIENTED_EDGE ( 'NONE', *, *, #5588, .F. ) ;
#3941 = LINE ( 'NONE', #2518, #2828 ) ;
#3942 = ADVANCED_FACE ( 'NONE', ( #2403 ), #699, .T. ) ;
#3943 = CIRCLE ( 'NONE', #3070, 0.3800000000000001155 ) ;
#3944 = ORIENTED_EDGE ( 'NONE', *, *, #4148, .T. ) ;
#3945 = CARTESIAN_POINT ( 'NONE',  ( -2.703960780543710918, -2.500000000000000444, 3.749999999999996003 ) ) ;
#3946 = PRESENTATION_LAYER_ASSIGNMENT (  '', '', ( #2343 ) ) ;
#3947 = FILL_AREA_STYLE_COLOUR ( '', #3162 ) ;
#3948 = CARTESIAN_POINT ( 'NONE',  ( -3.100000000000000089, -1.299999999999999600, 2.914213562373119348 ) ) ;
#3949 = CARTESIAN_POINT ( 'NONE',  ( -1.899999999999999245, -1.934085097769115968, 3.378513995163106909 ) ) ;
#3950 = VECTOR ( 'NONE', #383, 1000.000000000000000 ) ;
#3951 = CARTESIAN_POINT ( 'NONE',  ( -1.642288018714350706, -1.696214589134707351, -1.808493587514469647 ) ) ;
#3952 = PRESENTATION_STYLE_ASSIGNMENT (( #4081 ) ) ;
#3953 = PRESENTATION_LAYER_ASSIGNMENT (  '', '', ( #3626 ) ) ;
#3954 = DIRECTION ( 'NONE',  ( 0.7071067811865515695, 0.000000000000000000, -0.7071067811865435759 ) ) ;
#3955 = VECTOR ( 'NONE', #3373, 1000.000000000000000 ) ;
#3956 = DIRECTION ( 'NONE',  ( 0.000000000000000000, 0.000000000000000000, 1.000000000000000000 ) ) ;
#3957 = SURFACE_STYLE_FILL_AREA ( #241 ) ;
#3958 = CARTESIAN_POINT ( 'NONE',  ( 1.921826404878548722, 1.302291487929798208, -2.035040157545132899 ) ) ;
#3959 = ORIENTED_EDGE ( 'NONE', *, *, #2643, .F. ) ;
#3960 = CARTESIAN_POINT ( 'NONE',  ( -1.433351036997312367, -1.972943487486412684, 2.635432565014466544 ) ) ;
#3961 = PLANE ( 'NONE',  #4945 ) ;
#3962 = VERTEX_POINT ( 'NONE', #2911 ) ;
#3963 = B_SPLINE_CURVE_WITH_KNOTS ( 'NONE', 3,
 ( #825, #2702, #4273, #4247 ),
 .UNSPECIFIED., .F., .F.,
 ( 4, 4 ),
 ( 0.000000000000000000, 9.460916192837664715E-05 ),
 .UNSPECIFIED. ) ;
#3964 = EDGE_CURVE ( 'NONE', #2529, #5897, #1083, .T. ) ;
#3965 = SURFACE_SIDE_STYLE ('',( #3935 ) ) ;
#3966 = STYLED_ITEM ( 'NONE', ( #5567 ), #3896 ) ;
#3967 = EDGE_CURVE ( 'NONE', #4963, #2512, #2188, .T. ) ;
#3968 = CARTESIAN_POINT ( 'NONE',  ( 2.200000000000000178, 1.900000000000000133, 3.749999999999996447 ) ) ;
#3969 = FILL_AREA_STYLE ('',( #3861 ) ) ;
#3970 =( BOUNDED_CURVE ( )  B_SPLINE_CURVE ( 3, ( #4104, #5035, #2633, #3122 ),
 .UNSPECIFIED., .F., .F. ) 
 B_SPLINE_CURVE_WITH_KNOTS ( ( 4, 4 ),
 ( 5.785055242202937542, 6.283185307179586232 ),
 .UNSPECIFIED. ) 
 CURVE ( )  GEOMETRIC_REPRESENTATION_ITEM ( )  RATIONAL_B_SPLINE_CURVE ( ( 1.000000000000000000, 0.9794288752312253488, 0.9794288752312253488, 1.000000000000000000 ) ) 
 REPRESENTATION_ITEM ( '' )  );
#3971 = CARTESIAN_POINT ( 'NONE',  ( -2.899799657619186011, -2.027071195955005845, 2.051271520195355524 ) ) ;
#3972 = CARTESIAN_POINT ( 'NONE',  ( 2.790855506726119817, 1.979136314738415114, -0.2039647487234121370 ) ) ;
#3973 = EDGE_CURVE ( 'NONE', #5291, #3651, #1454, .T. ) ;
#3974 =( NAMED_UNIT ( * ) SI_UNIT ( $, .STERADIAN. ) SOLID_ANGLE_UNIT ( ) );
#3975 = DIRECTION ( 'NONE',  ( 0.000000000000000000, -0.000000000000000000, -1.000000000000000000 ) ) ;
#3976 = CARTESIAN_POINT ( 'NONE',  ( 3.100000000000000089, 1.696039219456288327, 3.369999999999996110 ) ) ;
#3977 = FACE_OUTER_BOUND ( 'NONE', #1855, .T. ) ;
#3978 = ORIENTED_EDGE ( 'NONE', *, *, #2444, .F. ) ;
#3979 = CARTESIAN_POINT ( 'NONE',  ( 2.719999999999999751, 1.680000000000000160, 3.749999999999996447 ) ) ;
#3980 = SURFACE_STYLE_FILL_AREA ( #5219 ) ;
#3981 = CARTESIAN_POINT ( 'NONE',  ( 3.367778697655221012E-16, 2.023298562962319913, 2.750000000000000888 ) ) ;
#3982 = CYLINDRICAL_SURFACE ( 'NONE', #2710, 0.2999999999999999334 ) ;
#3983 = PRESENTATION_LAYER_ASSIGNMENT (  '', '', ( #897 ) ) ;
#3984 = CARTESIAN_POINT ( 'NONE',  ( 2.296039219456287306, 2.119999999999999662, 3.749999999999996447 ) ) ;
#3985 = EDGE_LOOP ( 'NONE', ( #3805, #2803, #3538, #159 ) ) ;
#3986 = CARTESIAN_POINT ( 'NONE',  ( 2.674919323028474683, 2.161952983193742739, 0.8328400994107957311 ) ) ;
#3987 = SURFACE_SIDE_STYLE ('',( #4531 ) ) ;
#3988 = COLOUR_RGB ( '',1.000000000000000000, 1.000000000000000000, 1.000000000000000000 ) ;
#3989 = EDGE_CURVE ( 'NONE', #5377, #2614, #5410, .T. ) ;
#3990 = EDGE_LOOP ( 'NONE', ( #410, #5370, #3359, #2180 ) ) ;
#3991 = UNCERTAINTY_MEASURE_WITH_UNIT (LENGTH_MEASURE( 1.000000000000000082E-05 ), #5125, 'distance_accuracy_value', 'NONE');
#3992 = FACE_OUTER_BOUND ( 'NONE', #1924, .T. ) ;
#3993 = AXIS2_PLACEMENT_3D ( 'NONE', #2208, #1194, #1303 ) ;
#3994 = ORIENTED_EDGE ( 'NONE', *, *, #875, .F. ) ;
#3995 = ORIENTED_EDGE ( 'NONE', *, *, #4070, .F. ) ;
#3996 =( NAMED_UNIT ( * ) PLANE_ANGLE_UNIT ( ) SI_UNIT ( $, .RADIAN. ) );
#3997 = VECTOR ( 'NONE', #3150, 1000.000000000000000 ) ;
#3998 = STYLED_ITEM ( 'NONE', ( #3859 ), #990 ) ;
#3999 = CARTESIAN_POINT ( 'NONE',  ( 1.354025694650048184, 2.280946353354774470, 2.219686664505411411 ) ) ;
#4000 = ORIENTED_EDGE ( 'NONE', *, *, #1435, .T. ) ;
#4001 = ORIENTED_EDGE ( 'NONE', *, *, #6033, .T. ) ;
#4002 = FACE_OUTER_BOUND ( 'NONE', #4931, .T. ) ;
#4003 = SURFACE_STYLE_USAGE ( .BOTH. , #2576 ) ;
#4004 = VERTEX_POINT ( 'NONE', #1364 ) ;
#4005 = VERTEX_POINT ( 'NONE', #5628 ) ;
#4006 = CIRCLE ( 'NONE', #4722, 0.2999999999999999334 ) ;
#4007 = LINE ( 'NONE', #1440, #1787 ) ;
#4008 = CIRCLE ( 'NONE', #729, 0.3800000000000001155 ) ;
#4009 = SURFACE_STYLE_USAGE ( .BOTH. , #5366 ) ;
#4010 = LINE ( 'NONE', #6011, #4361 ) ;
#4011 = DIRECTION ( 'NONE',  ( 0.000000000000000000, 0.000000000000000000, 1.000000000000000000 ) ) ;
#4012 = FILL_AREA_STYLE ('',( #5855 ) ) ;
#4013 = COLOUR_RGB ( '',1.000000000000000000, 1.000000000000000000, 1.000000000000000000 ) ;
#4014 = DIRECTION ( 'NONE',  ( 0.000000000000000000, -1.000000000000000000, 0.000000000000000000 ) ) ;
#4015 = CARTESIAN_POINT ( 'NONE',  ( -1.610127732293950231, -1.679999999999999716, 2.458655869717830900 ) ) ;
#4016 = CIRCLE ( 'NONE', #1236, 0.3800000000000001155 ) ;
#4017 = ORIENTED_EDGE ( 'NONE', *, *, #3243, .T. ) ;
#4018 = STYLED_ITEM ( 'NONE', ( #2377 ), #2321 ) ;
#4019 = VECTOR ( 'NONE', #3170, 1000.000000000000000 ) ;
#4020 = SURFACE_SIDE_STYLE ('',( #4461 ) ) ;
#4021 = AXIS2_PLACEMENT_3D ( 'NONE', #2027, #3934, #4877 ) ;
#4022 = VERTEX_POINT ( 'NONE', #5568 ) ;
#4023 = UNCERTAINTY_MEASURE_WITH_UNIT (LENGTH_MEASURE( 1.000000000000000082E-05 ), #3817, 'distance_accuracy_value', 'NONE');
#4024 = CARTESIAN_POINT ( 'NONE',  ( 0.8910841488460558013, 1.611450281642127447, -2.289215863549634911 ) ) ;
#4025 =( GEOMETRIC_REPRESENTATION_CONTEXT ( 3 ) GLOBAL_UNCERTAINTY_ASSIGNED_CONTEXT ( ( #2425 ) ) GLOBAL_UNIT_ASSIGNED_CONTEXT ( ( #2100, #5336, #5807 ) ) REPRESENTATION_CONTEXT ( 'NONE', 'WORKASPACE' ) );
#4026 =( LENGTH_UNIT ( ) NAMED_UNIT ( * ) SI_UNIT ( .MILLI., .METRE. ) );
#4027 = DIRECTION ( 'NONE',  ( 1.000000000000000000, 0.000000000000000000, -0.000000000000000000 ) ) ;
#4028 =( NAMED_UNIT ( * ) SI_UNIT ( $, .STERADIAN. ) SOLID_ANGLE_UNIT ( ) );
#4029 = DIRECTION ( 'NONE',  ( 0.000000000000000000, 1.000000000000000000, -0.000000000000000000 ) ) ;
#4030 = CARTESIAN_POINT ( 'NONE',  ( -1.504432398997235021, -2.321180023712918761, 1.735861519498560046 ) ) ;
#4031 = EDGE_CURVE ( 'NONE', #3103, #5741, #137, .T. ) ;
#4032 = AXIS2_PLACEMENT_3D ( 'NONE', #2438, #1450, #1015 ) ;
#4033 = CARTESIAN_POINT ( 'NONE',  ( 2.445621208660145651, 1.958228451127393965, 1.597093071236308726 ) ) ;
#4034 =( LENGTH_UNIT ( ) NAMED_UNIT ( * ) SI_UNIT ( .MILLI., .METRE. ) );
#4035 = UNCERTAINTY_MEASURE_WITH_UNIT (LENGTH_MEASURE( 1.000000000000000082E-05 ), #2735, 'distance_accuracy_value', 'NONE');
#4036 = CARTESIAN_POINT ( 'NONE',  ( -2.051543289325510333, -2.420068152335911105, 2.296683965534184857 ) ) ;
#4037 = SURFACE_STYLE_FILL_AREA ( #2369 ) ;
#4038 = CIRCLE ( 'NONE', #938, 0.2500000000000002220 ) ;
#4039 = CARTESIAN_POINT ( 'NONE',  ( 1.496939041224879086, 2.322276459780240998, 1.742079717433544284 ) ) ;
#4040 = FILL_AREA_STYLE_COLOUR ( '', #945 ) ;
#4041 =( NAMED_UNIT ( * ) SI_UNIT ( $, .STERADIAN. ) SOLID_ANGLE_UNIT ( ) );
#4042 = CARTESIAN_POINT ( 'NONE',  ( -2.631370849898482245, -1.990981124534627611, 1.782842712474648872 ) ) ;
#4043 = CARTESIAN_POINT ( 'NONE',  ( 2.685948503462650017, 1.663300536078213154, 3.749999999999996447 ) ) ;
#4044 = FILL_AREA_STYLE_COLOUR ( '', #5970 ) ;
#4045 = CARTESIAN_POINT ( 'NONE',  ( 3.470716782480719952E-16, 2.500000000000000888, 2.750000000000000888 ) ) ;
#4046 = DIRECTION ( 'NONE',  ( -1.000000000000000000, 0.000000000000000000, 0.000000000000000000 ) ) ;
#4047 = ORIENTED_EDGE ( 'NONE', *, *, #5225, .T. ) ;
#4048 =( GEOMETRIC_REPRESENTATION_CONTEXT ( 3 ) GLOBAL_UNCERTAINTY_ASSIGNED_CONTEXT ( ( #3610 ) ) GLOBAL_UNIT_ASSIGNED_CONTEXT ( ( #3392, #5758, #1501 ) ) REPRESENTATION_CONTEXT ( 'NONE', 'WORKASPACE' ) );
#4049 = CARTESIAN_POINT ( 'NONE',  ( -2.788235210901873096, -1.991541582993710424, 3.750000036924225455 ) ) ;
#4050 = DIRECTION ( 'NONE',  ( -0.000000000000000000, -1.000000000000000000, -0.000000000000000000 ) ) ;
#4051 = PRESENTATION_STYLE_ASSIGNMENT (( #789 ) ) ;
#4052 = VECTOR ( 'NONE', #1524, 1000.000000000000000 ) ;
#4053 = CIRCLE ( 'NONE', #1007, 0.7800000000000015810 ) ;
#4054 = MECHANICAL_DESIGN_GEOMETRIC_PRESENTATION_REPRESENTATION (  '', ( #4549 ), #3202 ) ;
#4055 = CARTESIAN_POINT ( 'NONE',  ( 1.796708070302905913, 1.050000000000000044, 2.081907805381499443 ) ) ;
#4056 = ORIENTED_EDGE ( 'NONE', *, *, #5743, .F. ) ;
#4057 = CARTESIAN_POINT ( 'NONE',  ( 1.593851488528030380, 2.234603404909581759, 2.341798571158470121 ) ) ;
#4058 = DIRECTION ( 'NONE',  ( 0.000000000000000000, 0.000000000000000000, 1.000000000000000000 ) ) ;
#4059 = MECHANICAL_DESIGN_GEOMETRIC_PRESENTATION_REPRESENTATION (  '', ( #1639 ), #6051 ) ;
#4060 = FACE_OUTER_BOUND ( 'NONE', #1537, .T. ) ;
#4061 = DIRECTION ( 'NONE',  ( 0.000000000000000000, 0.000000000000000000, 1.000000000000000000 ) ) ;
#4062 = ORIENTED_EDGE ( 'NONE', *, *, #2253, .T. ) ;
#4063 = FILL_AREA_STYLE ('',( #3185 ) ) ;
#4064 = VERTEX_POINT ( 'NONE', #1347 ) ;
#4065 = PRESENTATION_STYLE_ASSIGNMENT (( #2178 ) ) ;
#4066 = PRESENTATION_STYLE_ASSIGNMENT (( #3375 ) ) ;
#4067 = EDGE_CURVE ( 'NONE', #2295, #2972, #427, .T. ) ;
#4068 = ORIENTED_EDGE ( 'NONE', *, *, #5082, .T. ) ;
#4069 = DIRECTION ( 'NONE',  ( -0.000000000000000000, 1.000000000000000000, -0.000000000000000000 ) ) ;
#4070 = EDGE_CURVE ( 'NONE', #4889, #2798, #1886, .T. ) ;
#4071 = ORIENTED_EDGE ( 'NONE', *, *, #3868, .T. ) ;
#4072 = AXIS2_PLACEMENT_3D ( 'NONE', #2466, #1493, #3428 ) ;
#4074 = EDGE_CURVE ( 'NONE', #114, #2862, #4315, .T. ) ;
#4073 = CARTESIAN_POINT ( 'NONE',  ( 2.279999999999999805, 1.680000000000000160, 3.369999999999996110 ) ) ;
#4075 = LINE ( 'NONE', #3509, #3489 ) ;
#4076 = CARTESIAN_POINT ( 'NONE',  ( 2.899799657619190008, 2.027071195954856631, 2.051271520195356413 ) ) ;
#4077 = ORIENTED_EDGE ( 'NONE', *, *, #3964, .T. ) ;
#4078 = DIRECTION ( 'NONE',  ( 1.000000000000000000, 0.000000000000000000, 0.000000000000000000 ) ) ;
#4079 = ORIENTED_EDGE ( 'NONE', *, *, #405, .T. ) ;
#4080 = DIRECTION ( 'NONE',  ( 1.000000000000000000, 0.000000000000000000, 0.000000000000000000 ) ) ;
#4081 = SURFACE_STYLE_USAGE ( .BOTH. , #1273 ) ;
#4082 = CARTESIAN_POINT ( 'NONE',  ( -2.911052709281198414, -2.456012547932160839, 2.732392060471192874 ) ) ;
#4083 = CARTESIAN_POINT ( 'NONE',  ( 2.254375959005694874, 2.470747646400740738, 2.584101658851485794 ) ) ;
#4084 = CIRCLE ( 'NONE', #1138, 0.3999999999999999667 ) ;
#4085 = CARTESIAN_POINT ( 'NONE',  ( 2.500000000000000000, 1.900000000000000133, 3.749999999999996447 ) ) ;
#4086 = CARTESIAN_POINT ( 'NONE',  ( 2.296039219456288638, 1.300000000000000044, 3.749999999999996003 ) ) ;
#4087 = EDGE_LOOP ( 'NONE', ( #5951, #2341, #4267, #1127 ) ) ;
#4088 = CIRCLE ( 'NONE', #3349, 0.2500000000000001665 ) ;
#4089 = CIRCLE ( 'NONE', #1054, 0.2999999999999999334 ) ;
#4090 = MECHANICAL_DESIGN_GEOMETRIC_PRESENTATION_REPRESENTATION (  '', ( #3461 ), #5334 ) ;
#4091 = DIRECTION ( 'NONE',  ( 0.000000000000000000, 0.000000000000000000, -1.000000000000000000 ) ) ;
#4092 =( NAMED_UNIT ( * ) SI_UNIT ( $, .STERADIAN. ) SOLID_ANGLE_UNIT ( ) );
#4093 = ORIENTED_EDGE ( 'NONE', *, *, #5118, .T. ) ;
#4094 = CARTESIAN_POINT ( 'NONE',  ( -1.312243118066498182, -1.999052971881626339, 2.415759104704108040 ) ) ;
#4095 =( GEOMETRIC_REPRESENTATION_CONTEXT ( 3 ) GLOBAL_UNCERTAINTY_ASSIGNED_CONTEXT ( ( #5752 ) ) GLOBAL_UNIT_ASSIGNED_CONTEXT ( ( #1578, #587, #4868 ) ) REPRESENTATION_CONTEXT ( 'NONE', 'WORKASPACE' ) );
#4096 =( NAMED_UNIT ( * ) SI_UNIT ( $, .STERADIAN. ) SOLID_ANGLE_UNIT ( ) );
#4097 = CARTESIAN_POINT ( 'NONE',  ( -2.296039219456288194, -1.299999999999999600, 3.369999999999996110 ) ) ;
#4098 = PLANE ( 'NONE',  #4670 ) ;
#4099 =( GEOMETRIC_REPRESENTATION_CONTEXT ( 3 ) GLOBAL_UNCERTAINTY_ASSIGNED_CONTEXT ( ( #3767 ) ) GLOBAL_UNIT_ASSIGNED_CONTEXT ( ( #697, #1718, #5407 ) ) REPRESENTATION_CONTEXT ( 'NONE', 'WORKASPACE' ) );
#4100 = MECHANICAL_DESIGN_GEOMETRIC_PRESENTATION_REPRESENTATION (  '', ( #2194 ), #5031 ) ;
#4101 = VERTEX_POINT ( 'NONE', #476 ) ;
#4102 = UNCERTAINTY_MEASURE_WITH_UNIT (LENGTH_MEASURE( 1.000000000000000082E-05 ), #4163, 'distance_accuracy_value', 'NONE');
#4103 =( GEOMETRIC_REPRESENTATION_CONTEXT ( 3 ) GLOBAL_UNCERTAINTY_ASSIGNED_CONTEXT ( ( #3850 ) ) GLOBAL_UNIT_ASSIGNED_CONTEXT ( ( #3477, #2937, #4852 ) ) REPRESENTATION_CONTEXT ( 'NONE', 'WORKASPACE' ) );
#4104 = CARTESIAN_POINT ( 'NONE',  ( -1.313905117247536447, -1.972943487486413128, 2.415813184596594887 ) ) ;
#4105 = EDGE_CURVE ( 'NONE', #5463, #3110, #4178, .T. ) ;
#4106 = FILL_AREA_STYLE ('',( #792 ) ) ;
#4107 = CARTESIAN_POINT ( 'NONE',  ( 2.546275210590505989, 1.599984252207681035, 3.750000000356337182 ) ) ;
#4108 = MECHANICAL_DESIGN_GEOMETRIC_PRESENTATION_REPRESENTATION (  '', ( #4402 ), #824 ) ;
#4109 =( LENGTH_UNIT ( ) NAMED_UNIT ( * ) SI_UNIT ( .MILLI., .METRE. ) );
#4110 = DIRECTION ( 'NONE',  ( 0.000000000000000000, 0.000000000000000000, -1.000000000000000000 ) ) ;
#4111 =( NAMED_UNIT ( * ) PLANE_ANGLE_UNIT ( ) SI_UNIT ( $, .RADIAN. ) );
#4112 = CARTESIAN_POINT ( 'NONE',  ( -1.313038150008950078, -1.990356405407218698, 2.415964991751333280 ) ) ;
#4113 = DIRECTION ( 'NONE',  ( 0.000000000000000000, 0.000000000000000000, 1.000000000000000000 ) ) ;
#4114 = CARTESIAN_POINT ( 'NONE',  ( 2.279999999999999805, 2.120000000000000107, 2.914213562373118016 ) ) ;
#4115 = STYLED_ITEM ( 'NONE', ( #1331 ), #4310 ) ;
#4116 = COLOUR_RGB ( '',1.000000000000000000, 1.000000000000000000, 1.000000000000000000 ) ;
#4117 = CARTESIAN_POINT ( 'NONE',  ( -1.879305949945836440, -1.299999999999999600, 2.334365014323572574 ) ) ;
#4118 = CARTESIAN_POINT ( 'NONE',  ( 2.444636631028660023, 1.480599362693925336, 1.655287767959428225 ) ) ;
#4119 = COLOUR_RGB ( '',1.000000000000000000, 1.000000000000000000, 1.000000000000000000 ) ;
#4120 = ORIENTED_EDGE ( 'NONE', *, *, #3554, .T. ) ;
#4121 = CARTESIAN_POINT ( 'NONE',  ( -2.719999999999999751, -1.679999999999999716, 3.369999999999996110 ) ) ;
#4122 =( LENGTH_UNIT ( ) NAMED_UNIT ( * ) SI_UNIT ( .MILLI., .METRE. ) );
#4123 =( NAMED_UNIT ( * ) PLANE_ANGLE_UNIT ( ) SI_UNIT ( $, .RADIAN. ) );
#4124 =( NAMED_UNIT ( * ) PLANE_ANGLE_UNIT ( ) SI_UNIT ( $, .RADIAN. ) );
#4125 = CARTESIAN_POINT ( 'NONE',  ( 2.362670273047593028, 1.300000000000000044, 2.051543289325533426 ) ) ;
#4126 = CARTESIAN_POINT ( 'NONE',  ( 1.609120323021630217, 2.015209261777565874, 2.457648460445506888 ) ) ;
#4127 =( GEOMETRIC_REPRESENTATION_CONTEXT ( 3 ) GLOBAL_UNCERTAINTY_ASSIGNED_CONTEXT ( ( #4609 ) ) GLOBAL_UNIT_ASSIGNED_CONTEXT ( ( #645, #2065, #3974 ) ) REPRESENTATION_CONTEXT ( 'NONE', 'WORKASPACE' ) );
#4128 = FILL_AREA_STYLE_COLOUR ( '', #2531 ) ;
#4129 = ORIENTED_EDGE ( 'NONE', *, *, #946, .T. ) ;
#4130 = FILL_AREA_STYLE_COLOUR ( '', #802 ) ;
#4131 = CARTESIAN_POINT ( 'NONE',  ( 2.350000000000000089, -2.057093955247014438, 0.2381550005935021419 ) ) ;
#4132 = COLOUR_RGB ( '',1.000000000000000000, 1.000000000000000000, 1.000000000000000000 ) ;
#4133 = AXIS2_PLACEMENT_3D ( 'NONE', #21, #2856, #2334 ) ;
#4134 = CARTESIAN_POINT ( 'NONE',  ( 2.719999999999999751, 2.120000000000000107, 3.369999999999996110 ) ) ;
#4135 = PRESENTATION_STYLE_ASSIGNMENT (( #178 ) ) ;
#4136 = CARTESIAN_POINT ( 'NONE',  ( 2.334346331546036435, 1.300000000000000044, 1.879329820249701744 ) ) ;
#4137 = ORIENTED_EDGE ( 'NONE', *, *, #3793, .T. ) ;
#4138 = CARTESIAN_POINT ( 'NONE',  ( -3.100000000000000089, -1.696039219456288549, 3.369999999999996110 ) ) ;
#4139 =( GEOMETRIC_REPRESENTATION_CONTEXT ( 3 ) GLOBAL_UNCERTAINTY_ASSIGNED_CONTEXT ( ( #4992 ) ) GLOBAL_UNIT_ASSIGNED_CONTEXT ( ( #4639, #5116, #5056 ) ) REPRESENTATION_CONTEXT ( 'NONE', 'WORKASPACE' ) );
#4140 = VERTEX_POINT ( 'NONE', #5160 ) ;
#4141 =( BOUNDED_CURVE ( )  B_SPLINE_CURVE ( 3, ( #5113, #5353, #113, #2979 ),
 .UNSPECIFIED., .F., .T. ) 
 B_SPLINE_CURVE_WITH_KNOTS ( ( 4, 4 ),
 ( 3.926990816987248945, 4.586121344722652537 ),
 .UNSPECIFIED. ) 
 CURVE ( )  GEOMETRIC_REPRESENTATION_ITEM ( )  RATIONAL_B_SPLINE_CURVE ( ( 1.000000000000000000, 0.9641220848919589415, 0.9641220848919589415, 1.000000000000000000 ) ) 
 REPRESENTATION_ITEM ( '' )  );
#4142 = DIRECTION ( 'NONE',  ( 0.000000000000000000, 0.000000000000000000, -1.000000000000000000 ) ) ;
#4143 = ADVANCED_FACE ( 'NONE', ( #277 ), #1812, .T. ) ;
#4144 = CARTESIAN_POINT ( 'NONE',  ( 2.299382138549172616, 1.588484854837449944, -2.419459271066770167 ) ) ;
#4145 = EDGE_CURVE ( 'NONE', #5526, #2102, #3446, .T. ) ;
#4146 = EDGE_LOOP ( 'NONE', ( #3978, #5147, #1248 ) ) ;
#4147 = PRESENTATION_LAYER_ASSIGNMENT (  '', '', ( #2805 ) ) ;
#4148 = EDGE_CURVE ( 'NONE', #1622, #1682, #2628, .T. ) ;
#4149 = DIRECTION ( 'NONE',  ( -5.188895745013400325E-16, 0.000000000000000000, -1.000000000000000000 ) ) ;
#4150 = CIRCLE ( 'NONE', #5137, 0.3800000000000001155 ) ;
#4151 = CARTESIAN_POINT ( 'NONE',  ( -1.609120323021627774, -2.015209261777566319, 2.457648460445508221 ) ) ;
#4152 = COLOUR_RGB ( '',1.000000000000000000, 1.000000000000000000, 1.000000000000000000 ) ;
#4153 = CARTESIAN_POINT ( 'NONE',  ( -2.431857708001808671, -1.299999999999999378, 3.378504732217503470 ) ) ;
#4154 = CARTESIAN_POINT ( 'NONE',  ( 2.271172151325252297, 1.300000000000000044, 1.960045167603192695 ) ) ;
#4155 = CARTESIAN_POINT ( 'NONE',  ( -2.227268474648850471, -2.114511457589735688, 1.436002985914739849 ) ) ;
#4156 = VECTOR ( 'NONE', #4537, 1000.000000000000000 ) ;
#4157 = SURFACE_SIDE_STYLE ('',( #1238 ) ) ;
#4158 = VERTEX_POINT ( 'NONE', #4662 ) ;
#4159 = EDGE_CURVE ( 'NONE', #5495, #3097, #1375, .T. ) ;
#4160 = CYLINDRICAL_SURFACE ( 'NONE', #2788, 0.3799999999999999489 ) ;
#4161 = ORIENTED_EDGE ( 'NONE', *, *, #1691, .T. ) ;
#4162 = AXIS2_PLACEMENT_3D ( 'NONE', #754, #1222, #4533 ) ;
#4163 =( LENGTH_UNIT ( ) NAMED_UNIT ( * ) SI_UNIT ( .MILLI., .METRE. ) );
#4164 = DIRECTION ( 'NONE',  ( 0.000000000000000000, 0.000000000000000000, 1.000000000000000000 ) ) ;
#4165 = FILL_AREA_STYLE ('',( #391 ) ) ;
#4166 = SURFACE_SIDE_STYLE ('',( #3309 ) ) ;
#4167 = MECHANICAL_DESIGN_GEOMETRIC_PRESENTATION_REPRESENTATION (  '', ( #1293 ), #1833 ) ;
#4168 = STYLED_ITEM ( 'NONE', ( #3217 ), #468 ) ;
#4169 =( NAMED_UNIT ( * ) SI_UNIT ( $, .STERADIAN. ) SOLID_ANGLE_UNIT ( ) );
#4170 = UNCERTAINTY_MEASURE_WITH_UNIT (LENGTH_MEASURE( 1.000000000000000082E-05 ), #4694, 'distance_accuracy_value', 'NONE');
#4171 = CARTESIAN_POINT ( 'NONE',  ( 1.444184798405072190, -2.334209932110466568, 1.809757802104859703 ) ) ;
#4172 =( GEOMETRIC_REPRESENTATION_CONTEXT ( 3 ) GLOBAL_UNCERTAINTY_ASSIGNED_CONTEXT ( ( #6072 ) ) GLOBAL_UNIT_ASSIGNED_CONTEXT ( ( #5405, #1664, #4971 ) ) REPRESENTATION_CONTEXT ( 'NONE', 'WORKASPACE' ) );
#4173 = CARTESIAN_POINT ( 'NONE',  ( 1.655362166463630214, 1.480458635527620359, 2.444612731028992680 ) ) ;
#4174 = ADVANCED_FACE ( 'NONE', ( #6069 ), #3256, .T. ) ;
#4175 = CARTESIAN_POINT ( 'NONE',  ( 1.433351036997314587, 1.680000000000000160, 2.385432565014464767 ) ) ;
#4176 =( NAMED_UNIT ( * ) PLANE_ANGLE_UNIT ( ) SI_UNIT ( $, .RADIAN. ) );
#4177 = EDGE_CURVE ( 'NONE', #4101, #2972, #627, .T. ) ;
#4178 = CIRCLE ( 'NONE', #3406, 0.3800000000000001155 ) ;
#4179 = EDGE_CURVE ( 'NONE', #5431, #2843, #5728, .T. ) ;
#4180 = PRESENTATION_LAYER_ASSIGNMENT (  '', '', ( #2875 ) ) ;
#4181 = CARTESIAN_POINT ( 'NONE',  ( -3.100000000000000089, -1.299999999999999600, 3.369999999999996110 ) ) ;
#4182 = SURFACE_STYLE_USAGE ( .BOTH. , #1378 ) ;
#4183 = CARTESIAN_POINT ( 'NONE',  ( 2.719999999999999751, 1.680000000000000160, 3.369999999999996110 ) ) ;
#4184 = VECTOR ( 'NONE', #1912, 1000.000000000000000 ) ;
#4185 =( NAMED_UNIT ( * ) PLANE_ANGLE_UNIT ( ) SI_UNIT ( $, .RADIAN. ) );
#4186 = CARTESIAN_POINT ( 'NONE',  ( 1.478024368592272042, 1.972943487486412462, 2.326552506016146715 ) ) ;
#4187 = DIRECTION ( 'NONE',  ( 0.000000000000000000, 1.000000000000000000, 0.000000000000000000 ) ) ;
#4188 = DIRECTION ( 'NONE',  ( -0.7071067811865439090, 0.000000000000000000, -0.7071067811865511255 ) ) ;
#4189 =( NAMED_UNIT ( * ) PLANE_ANGLE_UNIT ( ) SI_UNIT ( $, .RADIAN. ) );
#4190 = PRESENTATION_STYLE_ASSIGNMENT (( #5673 ) ) ;
#4191 = ORIENTED_EDGE ( 'NONE', *, *, #1211, .T. ) ;
#4192 =( NAMED_UNIT ( * ) SI_UNIT ( $, .STERADIAN. ) SOLID_ANGLE_UNIT ( ) );
#4193 = PRESENTATION_STYLE_ASSIGNMENT (( #2360 ) ) ;
#4194 = CIRCLE ( 'NONE', #4608, 0.3800000000000001155 ) ;
#4195 = EDGE_LOOP ( 'NONE', ( #404, #2971, #2176, #5686, #4882, #5648, #447, #200 ) ) ;
#4196 = PRESENTATION_LAYER_ASSIGNMENT (  '', '', ( #4932 ) ) ;
#4197 =( NAMED_UNIT ( * ) SI_UNIT ( $, .STERADIAN. ) SOLID_ANGLE_UNIT ( ) );
#4198 = AXIS2_PLACEMENT_3D ( 'NONE', #1087, #636, #2035 ) ;
#4199 = ADVANCED_FACE ( 'NONE', ( #5340 ), #5593, .T. ) ;
#4200 = UNCERTAINTY_MEASURE_WITH_UNIT (LENGTH_MEASURE( 1.000000000000000082E-05 ), #322, 'distance_accuracy_value', 'NONE');
#4201 = ORIENTED_EDGE ( 'NONE', *, *, #5415, .F. ) ;
#4202 = ORIENTED_EDGE ( 'NONE', *, *, #4675, .F. ) ;
#4203 =( LENGTH_UNIT ( ) NAMED_UNIT ( * ) SI_UNIT ( .MILLI., .METRE. ) );
#4204 = DIRECTION ( 'NONE',  ( 0.000000000000000000, 1.000000000000000000, 0.000000000000000000 ) ) ;
#4205 = COLOUR_RGB ( '',1.000000000000000000, 1.000000000000000000, 1.000000000000000000 ) ;
#4206 = ORIENTED_EDGE ( 'NONE', *, *, #4074, .F. ) ;
#4207 =( LENGTH_UNIT ( ) NAMED_UNIT ( * ) SI_UNIT ( .MILLI., .METRE. ) );
#4208 = DIRECTION ( 'NONE',  ( 1.000000000000000000, 0.000000000000000000, 0.000000000000000000 ) ) ;
#4209 = ORIENTED_EDGE ( 'NONE', *, *, #6060, .F. ) ;
#4210 = AXIS2_PLACEMENT_3D ( 'NONE', #5272, #2523, #2473 ) ;
#4211 = ORIENTED_EDGE ( 'NONE', *, *, #279, .F. ) ;
#4212 = VERTEX_POINT ( 'NONE', #5301 ) ;
#4213 = PRESENTATION_LAYER_ASSIGNMENT (  '', '', ( #858 ) ) ;
#4214 = VERTEX_POINT ( 'NONE', #5774 ) ;
#4215 =( NAMED_UNIT ( * ) SI_UNIT ( $, .STERADIAN. ) SOLID_ANGLE_UNIT ( ) );
#4216 = EDGE_CURVE ( 'NONE', #106, #5712, #2142, .T. ) ;
#4217 = PRESENTATION_LAYER_ASSIGNMENT (  '', '', ( #2538 ) ) ;
#4218 = SURFACE_SIDE_STYLE ('',( #4651 ) ) ;
#4219 = CARTESIAN_POINT ( 'NONE',  ( 1.609120323021630217, 2.015209261777565874, 2.457648460445506888 ) ) ;
#4220 = CARTESIAN_POINT ( 'NONE',  ( 1.808392587802123197, 2.267473959965859542, 1.431279296566627446 ) ) ;
#4221 = CIRCLE ( 'NONE', #1168, 0.3800000000000001155 ) ;
#4222 = CARTESIAN_POINT ( 'NONE',  ( -2.338176924454634875, -1.194561753632567225, -2.750000000000000888 ) ) ;
#4223 = CARTESIAN_POINT ( 'NONE',  ( -2.187003016781579934, -1.049999999999999156, 1.674930612663305007 ) ) ;
#4224 = ORIENTED_EDGE ( 'NONE', *, *, #1016, .T. ) ;
#4225 = CARTESIAN_POINT ( 'NONE',  ( -3.100000000000000089, -1.299999999999999600, 2.914213562373119348 ) ) ;
#4226 =( GEOMETRIC_REPRESENTATION_CONTEXT ( 3 ) GLOBAL_UNCERTAINTY_ASSIGNED_CONTEXT ( ( #4802 ) ) GLOBAL_UNIT_ASSIGNED_CONTEXT ( ( #4819, #1036, #5275 ) ) REPRESENTATION_CONTEXT ( 'NONE', 'WORKASPACE' ) );
#4227 = CARTESIAN_POINT ( 'NONE',  ( 2.703960780543711362, 1.680000000000000160, 3.749999999999996447 ) ) ;
#4228 = CARTESIAN_POINT ( 'NONE',  ( -1.499999999999999556, -1.679999999999999716, 2.914213562373118904 ) ) ;
#4229 = UNCERTAINTY_MEASURE_WITH_UNIT (LENGTH_MEASURE( 1.000000000000000082E-05 ), #5887, 'distance_accuracy_value', 'NONE');
#4230 = CARTESIAN_POINT ( 'NONE',  ( -2.567972439723541722, -1.299999999999999600, 3.376567342993408882 ) ) ;
#4231 = FILL_AREA_STYLE ('',( #5704 ) ) ;
#4232 = COLOUR_RGB ( '',1.000000000000000000, 1.000000000000000000, 1.000000000000000000 ) ;
#4233 =( NAMED_UNIT ( * ) SI_UNIT ( $, .STERADIAN. ) SOLID_ANGLE_UNIT ( ) );
#4234 =( NAMED_UNIT ( * ) PLANE_ANGLE_UNIT ( ) SI_UNIT ( $, .RADIAN. ) );
#4235 = CARTESIAN_POINT ( 'NONE',  ( 1.359320497693588203, -1.588956009672178871, -2.416787219218374361 ) ) ;
#4236 = CARTESIAN_POINT ( 'NONE',  ( 2.500000000000000000, 1.900000000000000133, 3.749999999999996447 ) ) ;
#4237 = AXIS2_PLACEMENT_3D ( 'NONE', #5235, #2058, #5399 ) ;
#4238 = FACE_OUTER_BOUND ( 'NONE', #5146, .T. ) ;
#4239 = ADVANCED_FACE ( 'NONE', ( #889 ), #3575, .F. ) ;
#4240 = EDGE_CURVE ( 'NONE', #3846, #1549, #3928, .T. ) ;
#4241 = MECHANICAL_DESIGN_GEOMETRIC_PRESENTATION_REPRESENTATION (  '', ( #3216 ), #5824 ) ;
#4242 = EDGE_CURVE ( 'NONE', #901, #3846, #3695, .T. ) ;
#4243 = CARTESIAN_POINT ( 'NONE',  ( -2.678424856787921193, 1.500470103557835611, -0.7198066917654558639 ) ) ;
#4244 = CARTESIAN_POINT ( 'NONE',  ( -2.326552506016132060, -1.806908619139221850, 1.478024368592295801 ) ) ;
#4245 = ADVANCED_FACE ( 'NONE', ( #5952 ), #2922, .T. ) ;
#4246 =( NAMED_UNIT ( * ) PLANE_ANGLE_UNIT ( ) SI_UNIT ( $, .RADIAN. ) );
#4247 = CARTESIAN_POINT ( 'NONE',  ( 2.415813184596580676, 1.806908619139221184, 1.313905117247561982 ) ) ;
#4248 = FACE_OUTER_BOUND ( 'NONE', #5834, .T. ) ;
#4249 = CARTESIAN_POINT ( 'NONE',  ( -2.659326839132659881, -1.299999999999999600, 3.716906007445580418 ) ) ;
#4250 = COLOUR_RGB ( '',1.000000000000000000, 1.000000000000000000, 1.000000000000000000 ) ;
#4251 = CARTESIAN_POINT ( 'NONE',  ( -2.405199522796683365, -1.900863014915504579, 1.310616467326896961 ) ) ;
#4252 = FACE_OUTER_BOUND ( 'NONE', #3053, .T. ) ;
#4253 = CARTESIAN_POINT ( 'NONE',  ( -2.198786472566153449, -1.318215867084421733, 1.657731258550863451 ) ) ;
#4254 = EDGE_LOOP ( 'NONE', ( #3939, #726, #2960, #3940 ) ) ;
#4255 = CARTESIAN_POINT ( 'NONE',  ( 2.431009438502576447, 2.020567925766615147, 1.582481301078739522 ) ) ;
#4256 = DIRECTION ( 'NONE',  ( 0.7071067811865511255, 0.000000000000000000, -0.7071067811865439090 ) ) ;
#4257 = CARTESIAN_POINT ( 'NONE',  ( 2.678424856787920749, -1.500470103557828505, -0.7198066917654584174 ) ) ;
#4258 = LINE ( 'NONE', #123, #4411 ) ;
#4259 = SURFACE_STYLE_FILL_AREA ( #4545 ) ;
#4260 = EDGE_CURVE ( 'NONE', #3439, #5093, #5657, .T. ) ;
#4261 = CARTESIAN_POINT ( 'NONE',  ( 2.211764789098126460, 1.808458417006281849, 3.750000036924225011 ) ) ;
#4262 = VERTEX_POINT ( 'NONE', #953 ) ;
#4263 = SURFACE_STYLE_FILL_AREA ( #5184 ) ;
#4264 = ORIENTED_EDGE ( 'NONE', *, *, #4260, .F. ) ;
#4265 = STYLED_ITEM ( 'NONE', ( #1167 ), #4678 ) ;
#4266 = UNCERTAINTY_MEASURE_WITH_UNIT (LENGTH_MEASURE( 1.000000000000000082E-05 ), #3650, 'distance_accuracy_value', 'NONE');
#4267 = ORIENTED_EDGE ( 'NONE', *, *, #5388, .F. ) ;
#4268 = VECTOR ( 'NONE', #2939, 1000.000000000000000 ) ;
#4269 = DIRECTION ( 'NONE',  ( -0.7016738431598588122, -0.1237240302064797209, 0.7016738431598685821 ) ) ;
#4270 = MECHANICAL_DESIGN_GEOMETRIC_PRESENTATION_REPRESENTATION (  '', ( #3271 ), #1748 ) ;
#4271 = CARTESIAN_POINT ( 'NONE',  ( 1.892888717034069801, 2.219567316494218900, 2.838640879919635651 ) ) ;
#4272 = CARTESIAN_POINT ( 'NONE',  ( 2.719999999999999307, 1.300000000000000044, 2.914213562373118016 ) ) ;
#4273 = CARTESIAN_POINT ( 'NONE',  ( 2.414698561444474922, 1.838610602695818441, 1.315954520413284090 ) ) ;
#4274 = VERTEX_POINT ( 'NONE', #3393 ) ;
#4275 = DIRECTION ( 'NONE',  ( 1.000000000000000000, -0.000000000000000000, -0.000000000000000000 ) ) ;
#4276 = PRESENTATION_LAYER_ASSIGNMENT (  '', '', ( #3123 ) ) ;
#4277 = SURFACE_SIDE_STYLE ('',( #4263 ) ) ;
#4278 = SURFACE_SIDE_STYLE ('',( #1162 ) ) ;
#4279 = ORIENTED_EDGE ( 'NONE', *, *, #143, .F. ) ;
#4280 =( NAMED_UNIT ( * ) PLANE_ANGLE_UNIT ( ) SI_UNIT ( $, .RADIAN. ) );
#4281 = EDGE_CURVE ( 'NONE', #3110, #5154, #1118, .T. ) ;
#4282 = ADVANCED_FACE ( 'NONE', ( #5810 ), #3625, .T. ) ;
#4283 =( BOUNDED_SURFACE ( )  B_SPLINE_SURFACE ( 3, 2, ( 
 ( #313, #2697, #3606 ),
 ( #1700, #5977, #5480 ),
 ( #1277, #772, #4083 ),
 ( #2244, #1246, #340 ) ),
 .UNSPECIFIED., .F., .F., .F. ) 
 B_SPLINE_SURFACE_WITH_KNOTS ( ( 4, 4 ),
 ( 3, 3 ),
 ( 3.926990816987245392, 4.595680073641905672 ),
 ( 0.000000000000000000, 1.000000000000000000 ),
 .UNSPECIFIED. ) 
 GEOMETRIC_REPRESENTATION_ITEM ( )  RATIONAL_B_SPLINE_SURFACE ( (
 ( 1.000000000000000000, 0.6622734314582732207, 1.000000000000000000),
 ( 1.000000000000000000, 0.6725967838014708100, 1.000000000000000000),
 ( 1.000000000000000000, 0.6861874216617283029, 1.000000000000000000),
 ( 1.000000000000000000, 0.6999213125244694300, 1.000000000000000000) ) ) 
 REPRESENTATION_ITEM ( '' )  SURFACE ( )  );
#4284 = CARTESIAN_POINT ( 'NONE',  ( 1.900000000000000133, 1.740673160867354463, 3.716906007445580418 ) ) ;
#4285 = B_SPLINE_CURVE_WITH_KNOTS ( 'NONE', 3,
 ( #2319, #3229, #5472, #3440 ),
 .UNSPECIFIED., .F., .F.,
 ( 4, 4 ),
 ( 1.734723475976807094E-18, 1.111095623015313662E-05 ),
 .UNSPECIFIED. ) ;
#4286 = VECTOR ( 'NONE', #3734, 1000.000000000000000 ) ;
#4287 = CARTESIAN_POINT ( 'NONE',  ( 2.458655869717813136, 1.680000000000000160, 1.610127732293976432 ) ) ;
#4288 =( GEOMETRIC_REPRESENTATION_CONTEXT ( 3 ) GLOBAL_UNCERTAINTY_ASSIGNED_CONTEXT ( ( #2551 ) ) GLOBAL_UNIT_ASSIGNED_CONTEXT ( ( #194, #2612, #2132 ) ) REPRESENTATION_CONTEXT ( 'NONE', 'WORKASPACE' ) );
#4289 = EDGE_LOOP ( 'NONE', ( #9, #3140, #2575, #2722 ) ) ;
#4290 = CARTESIAN_POINT ( 'NONE',  ( -2.622397903956783516, -1.958228451127391745, 1.420316375939674636 ) ) ;
#4291 =( GEOMETRIC_REPRESENTATION_CONTEXT ( 3 ) GLOBAL_UNCERTAINTY_ASSIGNED_CONTEXT ( ( #6043 ) ) GLOBAL_UNIT_ASSIGNED_CONTEXT ( ( #5626, #3813, #4723 ) ) REPRESENTATION_CONTEXT ( 'NONE', 'WORKASPACE' ) );
#4292 = VECTOR ( 'NONE', #3730, 1000.000000000000000 ) ;
#4293 = ORIENTED_EDGE ( 'NONE', *, *, #4804, .F. ) ;
#4294 = VECTOR ( 'NONE', #4857, 1000.000000000000000 ) ;
#4295 = CARTESIAN_POINT ( 'NONE',  ( -2.631370849898482245, -1.299999999999999600, 1.782842712474649538 ) ) ;
#4296 = PRESENTATION_LAYER_ASSIGNMENT (  '', '', ( #5895 ) ) ;
#4297 = DIRECTION ( 'NONE',  ( 1.000000000000000000, 0.000000000000000000, 0.000000000000000000 ) ) ;
#4298 = ORIENTED_EDGE ( 'NONE', *, *, #862, .F. ) ;
#4299 = CARTESIAN_POINT ( 'NONE',  ( -2.081907805381480348, -1.299999999999999600, 1.796708070302927451 ) ) ;
#4300 = CARTESIAN_POINT ( 'NONE',  ( -2.635432565014450557, 2.500000000000000000, 1.433351036997341899 ) ) ;
#4301 = CARTESIAN_POINT ( 'NONE',  ( -1.733222390738410335, -1.295337420382968840, 2.136696612683647967 ) ) ;
#4302 = CARTESIAN_POINT ( 'NONE',  ( 0.000000000000000000, -1.049999999999999378, 0.000000000000000000 ) ) ;
#4303 = SURFACE_STYLE_USAGE ( .BOTH. , #2108 ) ;
#4304 = SURFACE_STYLE_USAGE ( .BOTH. , #4345 ) ;
#4305 = ADVANCED_FACE ( 'NONE', ( #1475 ), #6000, .T. ) ;
#4306 = CARTESIAN_POINT ( 'NONE',  ( -0.7198066919794560148, 1.205346654702809550, -2.678424856699280987 ) ) ;
#4307 =( NAMED_UNIT ( * ) SI_UNIT ( $, .STERADIAN. ) SOLID_ANGLE_UNIT ( ) );
#4308 = UNCERTAINTY_MEASURE_WITH_UNIT (LENGTH_MEASURE( 1.000000000000000082E-05 ), #2187, 'distance_accuracy_value', 'NONE');
#4309 = CARTESIAN_POINT ( 'NONE',  ( 2.262718640089765199, 2.500000000000000000, 2.750933814518029319 ) ) ;
#4310 = ADVANCED_FACE ( 'NONE', ( #3552 ), #4859, .T. ) ;
#4311 = PRESENTATION_LAYER_ASSIGNMENT (  '', '', ( #2194 ) ) ;
#4312 = VECTOR ( 'NONE', #5411, 1000.000000000000000 ) ;
#4313 = CARTESIAN_POINT ( 'NONE',  ( -1.312243118066498404, -1.999052971881626339, 2.415759104704108040 ) ) ;
#4314 = CARTESIAN_POINT ( 'NONE',  ( 2.636029882617203501, 2.500000000000000000, 3.372184921315798167 ) ) ;
#4315 = CIRCLE ( 'NONE', #1416, 0.2500000000000000555 ) ;
#4316 = DIRECTION ( 'NONE',  ( 0.7071067811865515695, 0.000000000000000000, 0.7071067811865435759 ) ) ;
#4317 = AXIS2_PLACEMENT_3D ( 'NONE', #5324, #5792, #628 ) ;
#4318 = FILL_AREA_STYLE ('',( #4831 ) ) ;
#4319 = CARTESIAN_POINT ( 'NONE',  ( 2.296039219456288194, 2.500000000000000000, 3.369999999999996110 ) ) ;
#4320 = LINE ( 'NONE', #5666, #4184 ) ;
#4321 = CARTESIAN_POINT ( 'NONE',  ( -1.313592360542880311, -1.981653219217951456, 2.415983285760591848 ) ) ;
#4322 = STYLED_ITEM ( 'NONE', ( #799 ), #2913 ) ;
#4323 = SURFACE_STYLE_USAGE ( .BOTH. , #1044 ) ;
#4324 = CARTESIAN_POINT ( 'NONE',  ( 1.899999999999999689, 2.103960780543711717, 3.369999999999996110 ) ) ;
#4325 = VECTOR ( 'NONE', #4796, 1000.000000000000114 ) ;
#4326 = ORIENTED_EDGE ( 'NONE', *, *, #4804, .T. ) ;
#4327 = EDGE_CURVE ( 'NONE', #5520, #4419, #5287, .T. ) ;
#4328 = MECHANICAL_DESIGN_GEOMETRIC_PRESENTATION_REPRESENTATION (  '', ( #2685 ), #2644 ) ;
#4329 = CARTESIAN_POINT ( 'NONE',  ( 2.631370849898481357, 1.680000000000000160, 1.782842712474647984 ) ) ;
#4330 = CARTESIAN_POINT ( 'NONE',  ( -1.899999999999999245, -1.988655117459720234, 3.692892036792946531 ) ) ;
#4331 = SURFACE_SIDE_STYLE ('',( #111 ) ) ;
#4332 = PRESENTATION_STYLE_ASSIGNMENT (( #246 ) ) ;
#4333 = ORIENTED_EDGE ( 'NONE', *, *, #5928, .F. ) ;
#4334 = COLOUR_RGB ( '',1.000000000000000000, 1.000000000000000000, 1.000000000000000000 ) ;
#4335 = CARTESIAN_POINT ( 'NONE',  ( -2.296039219456288194, -1.679999999999999716, 3.369999999999996110 ) ) ;
#4336 = ORIENTED_EDGE ( 'NONE', *, *, #1104, .F. ) ;
#4337 = CARTESIAN_POINT ( 'NONE',  ( 2.275499485198767324, 1.125857500160319269, 1.547875432928706774 ) ) ;
#4338 = EDGE_LOOP ( 'NONE', ( #2270, #5948, #4939, #389 ) ) ;
#4339 = DIRECTION ( 'NONE',  ( 0.000000000000000000, 0.000000000000000000, -1.000000000000000000 ) ) ;
#4340 = CARTESIAN_POINT ( 'NONE',  ( -2.711271552119925321, -2.500000000000000000, 2.750000000000000444 ) ) ;
#4341 = ORIENTED_EDGE ( 'NONE', *, *, #2678, .F. ) ;
#4342 = DIRECTION ( 'NONE',  ( 0.7071067811865515695, 0.000000000000000000, 0.7071067811865435759 ) ) ;
#4343 = EDGE_CURVE ( 'NONE', #5934, #3179, #4258, .T. ) ;
#4344 = ADVANCED_FACE ( 'NONE', ( #377 ), #3401, .F. ) ;
#4345 = SURFACE_SIDE_STYLE ('',( #5288 ) ) ;
#4346 = ORIENTED_EDGE ( 'NONE', *, *, #4983, .T. ) ;
#4347 =( BOUNDED_SURFACE ( )  B_SPLINE_SURFACE ( 3, 2, ( 
 ( #2691, #4525, #2665 ),
 ( #3664, #5935, #3156 ),
 ( #1264, #5049, #3646 ),
 ( #1717, #806, #2235 ),
 ( #1749, #327, #4488 ),
 ( #5425, #5962, #3621 ),
 ( #2624, #5028, #4049 ),
 ( #741, #4543, #3174 ),
 ( #1216, #1289, #351 ),
 ( #4508, #5894, #1690 ) ),
 .UNSPECIFIED., .F., .F., .T. ) 
 B_SPLINE_SURFACE_WITH_KNOTS ( ( 4, 2, 2, 2, 4 ),
 ( 3, 3 ),
 ( 0.0006473904975842598945, 0.0007487887945849651134, 0.0008501870915856704408, 0.0009515853885863757682, 0.001052983685587080987 ),
 ( 0.000000000000000000, 1.000000000000000000 ),
 .UNSPECIFIED. ) 
 GEOMETRIC_REPRESENTATION_ITEM ( )  RATIONAL_B_SPLINE_SURFACE ( (
 ( 1.000000000000000000, 0.7071067811865475727, 1.000000000000000000),
 ( 1.000000000000000000, 0.7226631380906417546, 1.000000000000000000),
 ( 1.000000000000000000, 0.7400659817844489341, 1.000000000000000000),
 ( 1.000000000000000000, 0.7680643551607647668, 1.000000000000000000),
 ( 1.000000000000000000, 0.7779732589884423843, 1.000000000000000000),
 ( 1.000000000000000000, 0.7779999221212928751, 1.000000000000000000),
 ( 1.000000000000000000, 0.7681014171511484356, 1.000000000000000000),
 ( 1.000000000000000000, 0.7400591673475964694, 1.000000000000000000),
 ( 1.000000000000000000, 0.7226381619579832494, 1.000000000000000000),
 ( 1.000000000000000000, 0.7071067811865471286, 1.000000000000000000) ) ) 
 REPRESENTATION_ITEM ( '' )  SURFACE ( )  );
#4348 = ORIENTED_EDGE ( 'NONE', *, *, #1340, .F. ) ;
#4349 = ORIENTED_EDGE ( 'NONE', *, *, #86, .T. ) ;
#4350 = CIRCLE ( 'NONE', #2159, 1.600000000000000311 ) ;
#4351 = STYLED_ITEM ( 'NONE', ( #4809 ), #1946 ) ;
#4352 =( NAMED_UNIT ( * ) SI_UNIT ( $, .STERADIAN. ) SOLID_ANGLE_UNIT ( ) );
#4353 = ORIENTED_EDGE ( 'NONE', *, *, #4159, .T. ) ;
#4354 = CARTESIAN_POINT ( 'NONE',  ( -2.211764789098126016, -1.808458417006285179, 3.750000036924225011 ) ) ;
#4355 = COLOUR_RGB ( '',1.000000000000000000, 1.000000000000000000, 1.000000000000000000 ) ;
#4356 = SURFACE_STYLE_FILL_AREA ( #5940 ) ;
#4357 = PRESENTATION_LAYER_ASSIGNMENT (  '', '', ( #4549 ) ) ;
#4358 = CARTESIAN_POINT ( 'NONE',  ( -5.499999999999998224, 1.194561753632565893, -2.750000000000000444 ) ) ;
#4359 = AXIS2_PLACEMENT_3D ( 'NONE', #1666, #307, #3587 ) ;
#4360 = ORIENTED_EDGE ( 'NONE', *, *, #2462, .T. ) ;
#4361 = VECTOR ( 'NONE', #1355, 1000.000000000000000 ) ;
#4362 = AXIS2_PLACEMENT_3D ( 'NONE', #4114, #416, #3725 ) ;
#4363 = CIRCLE ( 'NONE', #2838, 0.2999999999999999334 ) ;
#4364 = DIRECTION ( 'NONE',  ( 1.000000000000000000, 0.000000000000000000, -1.141265444721583314E-15 ) ) ;
#4365 = PRESENTATION_STYLE_ASSIGNMENT (( #3172 ) ) ;
#4366 = SURFACE_SIDE_STYLE ('',( #3843 ) ) ;
#4367 = CARTESIAN_POINT ( 'NONE',  ( 2.568142291998190441, 2.500000000000000000, 3.378504732217503026 ) ) ;
#4368 = CYLINDRICAL_SURFACE ( 'NONE', #5248, 0.3800000000000001155 ) ;
#4369 = EDGE_CURVE ( 'NONE', #1698, #2986, #2509, .T. ) ;
#4370 = B_SPLINE_CURVE_WITH_KNOTS ( 'NONE', 3,
 ( #759, #1282, #5416, #1210, #2658, #2616 ),
 .UNSPECIFIED., .F., .F.,
 ( 4, 2, 4 ),
 ( 0.000000000000000000, 0.0002044523773157527389, 0.0004089047546315048272 ),
 .UNSPECIFIED. ) ;
#4371 = EDGE_CURVE ( 'NONE', #5153, #2884, #1244, .T. ) ;
#4372 =( GEOMETRIC_REPRESENTATION_CONTEXT ( 3 ) GLOBAL_UNCERTAINTY_ASSIGNED_CONTEXT ( ( #3125 ) ) GLOBAL_UNIT_ASSIGNED_CONTEXT ( ( #544, #1531, #131 ) ) REPRESENTATION_CONTEXT ( 'NONE', 'WORKASPACE' ) );
#4373 = CARTESIAN_POINT ( 'NONE',  ( 3.100000000000000089, 1.300000000000000044, 3.749999999999996447 ) ) ;
#4374 = ORIENTED_EDGE ( 'NONE', *, *, #791, .T. ) ;
#4375 = DIRECTION ( 'NONE',  ( 0.000000000000000000, 0.000000000000000000, 1.000000000000000000 ) ) ;
#4376 =( NAMED_UNIT ( * ) SI_UNIT ( $, .STERADIAN. ) SOLID_ANGLE_UNIT ( ) );
#4377 = CARTESIAN_POINT ( 'NONE',  ( -2.631370849898482689, -1.299999999999999600, 1.782842712474649316 ) ) ;
#4378 = ADVANCED_FACE ( 'NONE', ( #1836 ), #1905, .T. ) ;
#4379 = CARTESIAN_POINT ( 'NONE',  ( -5.499999999999998224, 2.023298562962319913, 2.750000000000001332 ) ) ;
#4380 = DIRECTION ( 'NONE',  ( -5.188895745013400325E-16, 0.000000000000000000, -1.000000000000000000 ) ) ;
#4381 = UNCERTAINTY_MEASURE_WITH_UNIT (LENGTH_MEASURE( 1.000000000000000082E-05 ), #2184, 'distance_accuracy_value', 'NONE');
#4382 = VECTOR ( 'NONE', #2773, 1000.000000000000114 ) ;
#4383 = MECHANICAL_DESIGN_GEOMETRIC_PRESENTATION_REPRESENTATION (  '', ( #1869 ), #4900 ) ;
#4384 = CARTESIAN_POINT ( 'NONE',  ( 3.100000000000000533, 1.855675475091648874, 3.685404267465085759 ) ) ;
#4385 = CARTESIAN_POINT ( 'NONE',  ( -2.453724789409493567, -2.200015747792318788, 3.750000000356337182 ) ) ;
#4386 = CARTESIAN_POINT ( 'NONE',  ( -2.432210634895237256, -2.500000000000000444, 3.378528212460669700 ) ) ;
#4387 = PRESENTATION_STYLE_ASSIGNMENT (( #1953 ) ) ;
#4388 = SURFACE_SIDE_STYLE ('',( #5043 ) ) ;
#4389 = CARTESIAN_POINT ( 'NONE',  ( -2.200015782465873926, -1.946479191630676286, 3.749999999643655268 ) ) ;
#4390 = AXIS2_PLACEMENT_3D ( 'NONE', #1199, #2130, #746 ) ;
#4391 = CARTESIAN_POINT ( 'NONE',  ( 3.295301207721122841E-16, -1.530201606103481327, -2.750000000000000888 ) ) ;
#4392 = DIRECTION ( 'NONE',  ( 1.000000000000000000, -0.000000000000000000, 0.000000000000000000 ) ) ;
#4393 = PLANE ( 'NONE',  #5021 ) ;
#4394 = UNCERTAINTY_MEASURE_WITH_UNIT (LENGTH_MEASURE( 1.000000000000000082E-05 ), #5051, 'distance_accuracy_value', 'NONE');
#4395 = CARTESIAN_POINT ( 'NONE',  ( 2.249640197697575950, 1.722035442427994889, -1.662056251665310569 ) ) ;
#4396 = PRESENTATION_STYLE_ASSIGNMENT (( #4303 ) ) ;
#4397 = CARTESIAN_POINT ( 'NONE',  ( 2.713648819865055017, 2.499978035914475427, 2.749875435481078156 ) ) ;
#4398 =( GEOMETRIC_REPRESENTATION_CONTEXT ( 3 ) GLOBAL_UNCERTAINTY_ASSIGNED_CONTEXT ( ( #2560 ) ) GLOBAL_UNIT_ASSIGNED_CONTEXT ( ( #4422, #5885, #642 ) ) REPRESENTATION_CONTEXT ( 'NONE', 'WORKASPACE' ) );
#4399 = EDGE_CURVE ( 'NONE', #2614, #5575, #5585, .T. ) ;
#4400 = CARTESIAN_POINT ( 'NONE',  ( 0.06121783632618725546, 1.585172965123414102, -0.2499091473958949539 ) ) ;
#4401 = VECTOR ( 'NONE', #252, 1000.000000000000000 ) ;
#4402 = STYLED_ITEM ( 'NONE', ( #4365 ), #3444 ) ;
#4403 = LINE ( 'NONE', #2607, #3178 ) ;
#4404 = COLOUR_RGB ( '',1.000000000000000000, 1.000000000000000000, 1.000000000000000000 ) ;
#4405 = ADVANCED_FACE ( 'NONE', ( #1684 ), #643, .T. ) ;
#4406 = VERTEX_POINT ( 'NONE', #827 ) ;
#4407 = B_SPLINE_CURVE_WITH_KNOTS ( 'NONE', 3,
 ( #4319, #5777, #5731, #4367, #4821, #4833 ),
 .UNSPECIFIED., .F., .F.,
 ( 4, 2, 4 ),
 ( 0.000000000000000000, 0.0002044523773157528473, 0.0004089047546315056946 ),
 .UNSPECIFIED. ) ;
#4408 = FACE_OUTER_BOUND ( 'NONE', #5222, .T. ) ;
#4409 = CARTESIAN_POINT ( 'NONE',  ( 2.788235210901872652, 1.991541582993719528, 3.750000036924225011 ) ) ;
#4410 = FILL_AREA_STYLE ('',( #2073 ) ) ;
#4411 = VECTOR ( 'NONE', #3893, 1000.000000000000000 ) ;
#4412 = CARTESIAN_POINT ( 'NONE',  ( -2.719999999999999751, -2.120000000000000107, 3.749999999999996447 ) ) ;
#4413 = VERTEX_POINT ( 'NONE', #2268 ) ;
#4414 = AXIS2_PLACEMENT_3D ( 'NONE', #2384, #3931, #4828 ) ;
#4415 = CARTESIAN_POINT ( 'NONE',  ( 2.458655869717813580, 1.300000000000000044, 1.610127732293976655 ) ) ;
#4416 = CARTESIAN_POINT ( 'NONE',  ( -0.6151075367824331286, 2.406436763096938769, 2.219376515567060171 ) ) ;
#4417 = DIRECTION ( 'NONE',  ( -0.7071067811865515695, 0.000000000000000000, -0.7071067811865435759 ) ) ;
#4418 = ORIENTED_EDGE ( 'NONE', *, *, #5306, .F. ) ;
#4419 = VERTEX_POINT ( 'NONE', #5555 ) ;
#4420 =( NAMED_UNIT ( * ) PLANE_ANGLE_UNIT ( ) SI_UNIT ( $, .RADIAN. ) );
#4421 = ORIENTED_EDGE ( 'NONE', *, *, #1505, .T. ) ;
#4422 =( LENGTH_UNIT ( ) NAMED_UNIT ( * ) SI_UNIT ( .MILLI., .METRE. ) );
#4423 = LINE ( 'NONE', #3801, #3193 ) ;
#4424 =( NAMED_UNIT ( * ) PLANE_ANGLE_UNIT ( ) SI_UNIT ( $, .RADIAN. ) );
#4425 = FILL_AREA_STYLE_COLOUR ( '', #339 ) ;
#4426 = ORIENTED_EDGE ( 'NONE', *, *, #1842, .T. ) ;
#4427 = UNCERTAINTY_MEASURE_WITH_UNIT (LENGTH_MEASURE( 1.000000000000000082E-05 ), #4699, 'distance_accuracy_value', 'NONE');
#4428 = PRESENTATION_STYLE_ASSIGNMENT (( #1181 ) ) ;
#4429 = FACE_OUTER_BOUND ( 'NONE', #456, .T. ) ;
#4430 = CARTESIAN_POINT ( 'NONE',  ( -1.367693104860234099, -1.360906949487497020, 2.388141799113515429 ) ) ;
#4431 = ORIENTED_EDGE ( 'NONE', *, *, #5498, .T. ) ;
#4432 = CARTESIAN_POINT ( 'NONE',  ( 2.799984217534125630, 1.853520808369316875, 3.749999999643655713 ) ) ;
#4433 = CARTESIAN_POINT ( 'NONE',  ( -2.568068830124546675, -2.500000000000000000, 3.376561182389721694 ) ) ;
#4434 = MECHANICAL_DESIGN_GEOMETRIC_PRESENTATION_REPRESENTATION (  '', ( #1825 ), #3305 ) ;
#4435 = FACE_OUTER_BOUND ( 'NONE', #4923, .T. ) ;
#4436 = DIRECTION ( 'NONE',  ( -1.000000000000000000, -0.000000000000000000, 0.000000000000000000 ) ) ;
#4437 = CARTESIAN_POINT ( 'NONE',  ( 1.476985497751881482, 2.284161921480864610, 2.122936195164436768 ) ) ;
#4438 = PRESENTATION_STYLE_ASSIGNMENT (( #2203 ) ) ;
#4439 = EDGE_LOOP ( 'NONE', ( #828, #5111, #5600, #4655 ) ) ;
#4440 = STYLED_ITEM ( 'NONE', ( #1600 ), #5662 ) ;
#4441 = CARTESIAN_POINT ( 'NONE',  ( -3.100000000000000089, -2.500000000000000000, 3.749999999999996447 ) ) ;
#4442 = CARTESIAN_POINT ( 'NONE',  ( -2.694239710061067328, -2.449950707958243434, 2.466156359958841193 ) ) ;
#4443 = CARTESIAN_POINT ( 'NONE',  ( 2.461818054945330125, 2.250363348748138037, 1.334240198245768116 ) ) ;
#4444 = CYLINDRICAL_SURFACE ( 'NONE', #565, 0.3800000000000001155 ) ;
#4445 =( GEOMETRIC_REPRESENTATION_CONTEXT ( 3 ) GLOBAL_UNCERTAINTY_ASSIGNED_CONTEXT ( ( #5173 ) ) GLOBAL_UNIT_ASSIGNED_CONTEXT ( ( #2655, #4521, #2163 ) ) REPRESENTATION_CONTEXT ( 'NONE', 'WORKASPACE' ) );
#4446 = EDGE_LOOP ( 'NONE', ( #3628, #4712, #1037, #5597, #1233 ) ) ;
#4447 =( NAMED_UNIT ( * ) PLANE_ANGLE_UNIT ( ) SI_UNIT ( $, .RADIAN. ) );
#4448 = LINE ( 'NONE', #77, #4019 ) ;
#4449 = EDGE_LOOP ( 'NONE', ( #4499, #5837, #586 ) ) ;
#4450 = CARTESIAN_POINT ( 'NONE',  ( 0.000000000000000000, 1.588484854837449722, -2.419459271066770167 ) ) ;
#4451 = EDGE_CURVE ( 'NONE', #5584, #5954, #4194, .T. ) ;
#4452 = MECHANICAL_DESIGN_GEOMETRIC_PRESENTATION_REPRESENTATION (  '', ( #2805 ), #5389 ) ;
#4453 = EDGE_CURVE ( 'NONE', #4492, #826, #3396, .T. ) ;
#4454 = DIRECTION ( 'NONE',  ( 0.000000000000000000, 0.000000000000000000, -1.000000000000000000 ) ) ;
#4455 = CARTESIAN_POINT ( 'NONE',  ( -2.271172151325250965, -1.299999999999999600, 1.960045167603193583 ) ) ;
#4456 = CARTESIAN_POINT ( 'NONE',  ( 3.470716782480719952E-16, 2.500000000000000888, 2.750000000000000888 ) ) ;
#4457 = FILL_AREA_STYLE_COLOUR ( '', #2718 ) ;
#4458 = UNCERTAINTY_MEASURE_WITH_UNIT (LENGTH_MEASURE( 1.000000000000000082E-05 ), #5397, 'distance_accuracy_value', 'NONE');
#4459 = CARTESIAN_POINT ( 'NONE',  ( 0.000000000000000000, 1.530201606103480216, -2.750000000000000888 ) ) ;
#4460 = EDGE_CURVE ( 'NONE', #3253, #5440, #5938, .T. ) ;
#4461 = SURFACE_STYLE_FILL_AREA ( #5828 ) ;
#4462 = CARTESIAN_POINT ( 'NONE',  ( -2.719999999999999751, -1.679999999999999716, 3.749999999999996447 ) ) ;
#4463 = SURFACE_SIDE_STYLE ('',( #3957 ) ) ;
#4464 = FILL_AREA_STYLE ('',( #2563 ) ) ;
#4465 = STYLED_ITEM ( 'NONE', ( #1671 ), #4716 ) ;
#4466 =( NAMED_UNIT ( * ) PLANE_ANGLE_UNIT ( ) SI_UNIT ( $, .RADIAN. ) );
#4467 = PRESENTATION_LAYER_ASSIGNMENT (  '', '', ( #5296 ) ) ;
#4468 = DIRECTION ( 'NONE',  ( -1.000000000000000000, -0.000000000000000000, -0.000000000000000000 ) ) ;
#4469 =( LENGTH_UNIT ( ) NAMED_UNIT ( * ) SI_UNIT ( .MILLI., .METRE. ) );
#4470 = COLOUR_RGB ( '',1.000000000000000000, 1.000000000000000000, 1.000000000000000000 ) ;
#4471 = DIRECTION ( 'NONE',  ( 0.000000000000000000, 0.000000000000000000, -1.000000000000000000 ) ) ;
#4472 = AXIS2_PLACEMENT_3D ( 'NONE', #696, #4014, #5474 ) ;
#4473 = CARTESIAN_POINT ( 'NONE',  ( -2.362670273047592584, -2.365208070679266861, 1.985556981812104604 ) ) ;
#4474 = EDGE_LOOP ( 'NONE', ( #4940, #7, #5067, #2756, #1353 ) ) ;
#4475 = COLOUR_RGB ( '',1.000000000000000000, 1.000000000000000000, 1.000000000000000000 ) ;
#4476 = COLOUR_RGB ( '',1.000000000000000000, 1.000000000000000000, 1.000000000000000000 ) ;
#4477 = EDGE_CURVE ( 'NONE', #2614, #4274, #873, .T. ) ;
#4478 = ORIENTED_EDGE ( 'NONE', *, *, #3537, .T. ) ;
#4479 = EDGE_CURVE ( 'NONE', #13, #4707, #4756, .T. ) ;
#4480 = PRESENTATION_LAYER_ASSIGNMENT (  '', '', ( #1251 ) ) ;
#4481 = CARTESIAN_POINT ( 'NONE',  ( 0.3282201763653354587, 2.499999999998407940, 2.749999999991856736 ) ) ;
#4482 = AXIS2_PLACEMENT_3D ( 'NONE', #508, #4269, #5206 ) ;
#4483 = DIRECTION ( 'NONE',  ( 1.668003342285388099E-15, 0.000000000000000000, -1.000000000000000000 ) ) ;
#4484 = FACE_OUTER_BOUND ( 'NONE', #157, .T. ) ;
#4485 = CARTESIAN_POINT ( 'NONE',  ( -1.405344226917548012, -2.332578421920793676, 2.049258039894989558 ) ) ;
#4486 = ORIENTED_EDGE ( 'NONE', *, *, #621, .T. ) ;
#4487 = VERTEX_POINT ( 'NONE', #2336 ) ;
#4488 = CARTESIAN_POINT ( 'NONE',  ( -2.799984217534125630, -1.853520808369330863, 3.749999999643655713 ) ) ;
#4489 = ORIENTED_EDGE ( 'NONE', *, *, #2485, .F. ) ;
#4490 = CARTESIAN_POINT ( 'NONE',  ( -2.174919677870729373, -2.441822738441204788, 2.420060354206447606 ) ) ;
#4491 = ORIENTED_EDGE ( 'NONE', *, *, #5623, .F. ) ;
#4492 = VERTEX_POINT ( 'NONE', #4598 ) ;
#4493 = CARTESIAN_POINT ( 'NONE',  ( 1.489910377200470259, 2.336979786517844548, 1.904475978417876192 ) ) ;
#4494 = DIRECTION ( 'NONE',  ( 0.7071067811865439090, -0.000000000000000000, 0.7071067811865511255 ) ) ;
#4495 = ORIENTED_EDGE ( 'NONE', *, *, #2052, .T. ) ;
#4496 = DIRECTION ( 'NONE',  ( 0.7570573837750842472, 0.000000000000000000, -0.6533483892010639726 ) ) ;
#4497 = SURFACE_STYLE_FILL_AREA ( #883 ) ;
#4498 = CARTESIAN_POINT ( 'NONE',  ( 2.670094770110981841, 1.300000000000000044, 3.370000105193565521 ) ) ;
#4499 = ORIENTED_EDGE ( 'NONE', *, *, #3325, .F. ) ;
#4500 = FACE_OUTER_BOUND ( 'NONE', #1530, .T. ) ;
#4501 = DIRECTION ( 'NONE',  ( -0.000000000000000000, -1.000000000000000000, 0.000000000000000000 ) ) ;
#4502 =( NAMED_UNIT ( * ) PLANE_ANGLE_UNIT ( ) SI_UNIT ( $, .RADIAN. ) );
#4503 = LINE ( 'NONE', #5679, #1790 ) ;
#4504 = VECTOR ( 'NONE', #2079, 1000.000000000000000 ) ;
#4505 = FILL_AREA_STYLE_COLOUR ( '', #3644 ) ;
#4506 = FILL_AREA_STYLE ('',( #2434 ) ) ;
#4507 = PRESENTATION_LAYER_ASSIGNMENT (  '', '', ( #4589 ) ) ;
#4508 = CARTESIAN_POINT ( 'NONE',  ( -3.100000000000000089, -2.103960780543712161, 3.369999999999996110 ) ) ;
#4509 = CARTESIAN_POINT ( 'NONE',  ( -2.499999999999999556, -1.899999999999999689, 3.749999999999996447 ) ) ;
#4510 = CARTESIAN_POINT ( 'NONE',  ( 0.000000000000000000, 0.000000000000000000, 3.749999999999996447 ) ) ;
#4511 = CARTESIAN_POINT ( 'NONE',  ( 2.405199522796684253, 1.900863014915505467, 1.310616467326894741 ) ) ;
#4512 = DIRECTION ( 'NONE',  ( -0.7071067811865511255, 0.000000000000000000, 0.7071067811865439090 ) ) ;
#4513 = ORIENTED_EDGE ( 'NONE', *, *, #60, .T. ) ;
#4514 = COLOUR_RGB ( '',1.000000000000000000, 1.000000000000000000, 1.000000000000000000 ) ;
#4515 = SURFACE_STYLE_USAGE ( .BOTH. , #4550 ) ;
#4516 = COLOUR_RGB ( '',1.000000000000000000, 1.000000000000000000, 1.000000000000000000 ) ;
#4517 =( NAMED_UNIT ( * ) SI_UNIT ( $, .STERADIAN. ) SOLID_ANGLE_UNIT ( ) );
#4518 = STYLED_ITEM ( 'NONE', ( #4913 ), #5718 ) ;
#4519 = ORIENTED_EDGE ( 'NONE', *, *, #1435, .F. ) ;
#4520 = CARTESIAN_POINT ( 'NONE',  ( 3.090753943997285980, 2.120000000000000107, 2.742452421083585890 ) ) ;
#4521 =( NAMED_UNIT ( * ) PLANE_ANGLE_UNIT ( ) SI_UNIT ( $, .RADIAN. ) );
#4522 = AXIS2_PLACEMENT_3D ( 'NONE', #3671, #771, #5478 ) ;
#4523 = DIRECTION ( 'NONE',  ( 1.000000000000000000, 0.000000000000000000, 0.000000000000000000 ) ) ;
#4524 =( NAMED_UNIT ( * ) PLANE_ANGLE_UNIT ( ) SI_UNIT ( $, .RADIAN. ) );
#4525 = CARTESIAN_POINT ( 'NONE',  ( -3.100000000000000089, -1.696039219456288105, 3.749999999999996003 ) ) ;
#4526 = EDGE_CURVE ( 'NONE', #3620, #3384, #294, .T. ) ;
#4527 = DIRECTION ( 'NONE',  ( 0.000000000000000000, -1.000000000000000000, 0.000000000000000000 ) ) ;
#4528 =( GEOMETRIC_REPRESENTATION_CONTEXT ( 3 ) GLOBAL_UNCERTAINTY_ASSIGNED_CONTEXT ( ( #5276 ) ) GLOBAL_UNIT_ASSIGNED_CONTEXT ( ( #5081, #5001, #3616 ) ) REPRESENTATION_CONTEXT ( 'NONE', 'WORKASPACE' ) );
#4529 = CARTESIAN_POINT ( 'NONE',  ( -1.610127732293950453, -1.577407417003644508, 2.458655869717830456 ) ) ;
#4530 = UNCERTAINTY_MEASURE_WITH_UNIT (LENGTH_MEASURE( 1.000000000000000082E-05 ), #2288, 'distance_accuracy_value', 'NONE');
#4531 = SURFACE_STYLE_FILL_AREA ( #5362 ) ;
#4532 = FILL_AREA_STYLE ('',( #837 ) ) ;
#4533 = DIRECTION ( 'NONE',  ( 1.000000000000000000, 0.000000000000000000, 0.000000000000000000 ) ) ;
#4534 = DIRECTION ( 'NONE',  ( 0.000000000000000000, 0.000000000000000000, 1.000000000000000000 ) ) ;
#4535 = SURFACE_STYLE_FILL_AREA ( #5266 ) ;
#4536 = CYLINDRICAL_SURFACE ( 'NONE', #1371, 0.3800000000000001155 ) ;
#4537 = DIRECTION ( 'NONE',  ( -0.7071067811865435759, -0.000000000000000000, 0.7071067811865515695 ) ) ;
#4538 = DIRECTION ( 'NONE',  ( 0.000000000000000000, 0.000000000000000000, 1.000000000000000000 ) ) ;
#4539 = CIRCLE ( 'NONE', #777, 0.3800000000000001155 ) ;
#4540 = DIRECTION ( 'NONE',  ( -1.000000000000000000, 0.000000000000000000, 0.000000000000000000 ) ) ;
#4541 = CARTESIAN_POINT ( 'NONE',  ( -1.489910377200491576, -2.336979786517824564, 1.904475978417854432 ) ) ;
#4542 = AXIS2_PLACEMENT_3D ( 'NONE', #531, #3386, #2449 ) ;
#4543 = CARTESIAN_POINT ( 'NONE',  ( -3.099999999999998757, -2.059326839132659792, 3.716906007445571980 ) ) ;
#4544 = SURFACE_SIDE_STYLE ('',( #1546 ) ) ;
#4545 = FILL_AREA_STYLE ('',( #1752 ) ) ;
#4546 = VECTOR ( 'NONE', #1090, 1000.000000000000000 ) ;
#4547 = LINE ( 'NONE', #5046, #3913 ) ;
#4548 = FACE_OUTER_BOUND ( 'NONE', #4941, .T. ) ;
#4549 = STYLED_ITEM ( 'NONE', ( #4190 ), #5576 ) ;
#4550 = SURFACE_SIDE_STYLE ('',( #4356 ) ) ;
#4551 = ORIENTED_EDGE ( 'NONE', *, *, #5095, .T. ) ;
#4552 = CARTESIAN_POINT ( 'NONE',  ( 2.326552473086012540, 1.564070404946511283, 1.478024419015095292 ) ) ;
#4553 = STYLED_ITEM ( 'NONE', ( #2427 ), #2844 ) ;
#4554 = DIRECTION ( 'NONE',  ( -0.000000000000000000, 1.000000000000000000, -7.132909029509895711E-17 ) ) ;
#4555 = COLOUR_RGB ( '',1.000000000000000000, 1.000000000000000000, 1.000000000000000000 ) ;
#4556 = ORIENTED_EDGE ( 'NONE', *, *, #3601, .T. ) ;
#4557 = EDGE_LOOP ( 'NONE', ( #5737, #4659, #3265, #5014 ) ) ;
#4558 = DIRECTION ( 'NONE',  ( 1.000000000000000000, 0.000000000000000000, 0.000000000000000000 ) ) ;
#4559 = ORIENTED_EDGE ( 'NONE', *, *, #2487, .F. ) ;
#4560 = VERTEX_POINT ( 'NONE', #4138 ) ;
#4561 = DIRECTION ( 'NONE',  ( -0.7016738431598598114, -0.1237240302064794295, 0.7016738431598676939 ) ) ;
#4562 = EDGE_CURVE ( 'NONE', #5897, #5672, #2954, .T. ) ;
#4563 = EDGE_LOOP ( 'NONE', ( #2823, #3475, #3608, #2728, #2382, #1476 ) ) ;
#4564 =( GEOMETRIC_REPRESENTATION_CONTEXT ( 3 ) GLOBAL_UNCERTAINTY_ASSIGNED_CONTEXT ( ( #3015 ) ) GLOBAL_UNIT_ASSIGNED_CONTEXT ( ( #6025, #2797, #6052 ) ) REPRESENTATION_CONTEXT ( 'NONE', 'WORKASPACE' ) );
#4566 = EDGE_CURVE ( 'NONE', #2441, #2358, #5911, .T. ) ;
#4565 = DIRECTION ( 'NONE',  ( 1.000000000000000000, 0.000000000000000000, 0.000000000000000000 ) ) ;
#4567 = CARTESIAN_POINT ( 'NONE',  ( -2.363970117382796499, -1.299999999999999600, 3.372184921315798167 ) ) ;
#4568 = CARTESIAN_POINT ( 'NONE',  ( -1.586393566129970623, -2.272268288918200874, 2.279291852858906786 ) ) ;
#4569 =( GEOMETRIC_REPRESENTATION_CONTEXT ( 3 ) GLOBAL_UNCERTAINTY_ASSIGNED_CONTEXT ( ( #4530 ) ) GLOBAL_UNIT_ASSIGNED_CONTEXT ( ( #2288, #2265, #3716 ) ) REPRESENTATION_CONTEXT ( 'NONE', 'WORKASPACE' ) );
#4570 = ORIENTED_EDGE ( 'NONE', *, *, #5388, .T. ) ;
#4571 = SURFACE_SIDE_STYLE ('',( #4259 ) ) ;
#4572 = CARTESIAN_POINT ( 'NONE',  ( 0.7198066919794432472, -2.012513661892093797, 2.678424856699285872 ) ) ;
#4573 = PRESENTATION_STYLE_ASSIGNMENT (( #3697 ) ) ;
#4574 = FILL_AREA_STYLE ('',( #785 ) ) ;
#4575 = FILL_AREA_STYLE ('',( #338 ) ) ;
#4576 = ORIENTED_EDGE ( 'NONE', *, *, #3443, .T. ) ;
#4577 = SURFACE_STYLE_USAGE ( .BOTH. , #3167 ) ;
#4578 = STYLED_ITEM ( 'NONE', ( #3845 ), #32 ) ;
#4579 = PRESENTATION_STYLE_ASSIGNMENT (( #5393 ) ) ;
#4580 = LINE ( 'NONE', #3280, #3354 ) ;
#4581 = CARTESIAN_POINT ( 'NONE',  ( 2.703960780543712250, 1.680000000000000826, 3.749999999999996447 ) ) ;
#4582 = FACE_OUTER_BOUND ( 'NONE', #4289, .T. ) ;
#4583 = EDGE_LOOP ( 'NONE', ( #16, #3778, #1069, #844 ) ) ;
#4584 = UNCERTAINTY_MEASURE_WITH_UNIT (LENGTH_MEASURE( 1.000000000000000082E-05 ), #2043, 'distance_accuracy_value', 'NONE');
#4585 =( NAMED_UNIT ( * ) PLANE_ANGLE_UNIT ( ) SI_UNIT ( $, .RADIAN. ) );
#4586 = CARTESIAN_POINT ( 'NONE',  ( 2.877919977996279827E-16, 2.417221664167203521, 2.280540728933230898 ) ) ;
#4587 = ORIENTED_EDGE ( 'NONE', *, *, #3849, .F. ) ;
#4588 = CARTESIAN_POINT ( 'NONE',  ( 1.609791465412425238, 2.001136681481003876, 2.458319602836301687 ) ) ;
#4589 = STYLED_ITEM ( 'NONE', ( #1838 ), #5254 ) ;
#4590 = SURFACE_SIDE_STYLE ('',( #247 ) ) ;
#4591 = CARTESIAN_POINT ( 'NONE',  ( 2.750000000000000444, -1.663170854042146818, 0.3599741476875517043 ) ) ;
#4592 = MECHANICAL_DESIGN_GEOMETRIC_PRESENTATION_REPRESENTATION (  '', ( #4553 ), #2276 ) ;
#4593 = VERTEX_POINT ( 'NONE', #3749 ) ;
#4594 = SURFACE_STYLE_USAGE ( .BOTH. , #356 ) ;
#4595 = ADVANCED_FACE ( 'NONE', ( #3469 ), #5544, .T. ) ;
#4596 = CARTESIAN_POINT ( 'NONE',  ( 2.198786472566117478, 1.318215867084404413, 1.657731258550843911 ) ) ;
#4597 = CARTESIAN_POINT ( 'NONE',  ( -1.946820408430989691, -2.260646750069449595, 1.392560265202401393 ) ) ;
#4598 = CARTESIAN_POINT ( 'NONE',  ( 0.000000000000000000, -2.417221664167204409, 2.280540728933230898 ) ) ;
#4599 = EDGE_CURVE ( 'NONE', #5006, #2512, #1068, .T. ) ;
#4600 = DIRECTION ( 'NONE',  ( -0.7071067811865439090, 1.613993070193033339E-15, 0.7071067811865512365 ) ) ;
#4601 =( GEOMETRIC_REPRESENTATION_CONTEXT ( 3 ) GLOBAL_UNCERTAINTY_ASSIGNED_CONTEXT ( ( #4832 ) ) GLOBAL_UNIT_ASSIGNED_CONTEXT ( ( #3661, #4185, #801 ) ) REPRESENTATION_CONTEXT ( 'NONE', 'WORKASPACE' ) );
#4602 = CARTESIAN_POINT ( 'NONE',  ( -2.296039219456288194, -2.120000000000000107, 3.369999999999996110 ) ) ;
#4603 = DIRECTION ( 'NONE',  ( 1.000000000000000000, 0.000000000000000000, 0.000000000000000000 ) ) ;
#4604 = FILL_AREA_STYLE ('',( #5329 ) ) ;
#4605 = SURFACE_STYLE_USAGE ( .BOTH. , #1520 ) ;
#4606 =( LENGTH_UNIT ( ) NAMED_UNIT ( * ) SI_UNIT ( .MILLI., .METRE. ) );
#4607 = CARTESIAN_POINT ( 'NONE',  ( -1.354025694650046185, -2.280946353354774914, 2.219686664505412299 ) ) ;
#4608 = AXIS2_PLACEMENT_3D ( 'NONE', #5958, #3659, #5023 ) ;
#4609 = UNCERTAINTY_MEASURE_WITH_UNIT (LENGTH_MEASURE( 1.000000000000000082E-05 ), #645, 'distance_accuracy_value', 'NONE');
#4610 = CARTESIAN_POINT ( 'NONE',  ( 0.000000000000000000, 0.000000000000000000, 3.749999999999996447 ) ) ;
#4611 = FILL_AREA_STYLE ('',( #1783 ) ) ;
#4612 =( NAMED_UNIT ( * ) PLANE_ANGLE_UNIT ( ) SI_UNIT ( $, .RADIAN. ) );
#4613 = DIRECTION ( 'NONE',  ( 0.000000000000000000, 0.000000000000000000, -1.000000000000000000 ) ) ;
#4614 = DIRECTION ( 'NONE',  ( 0.000000000000000000, 1.000000000000000000, 0.000000000000000000 ) ) ;
#4615 = ORIENTED_EDGE ( 'NONE', *, *, #132, .F. ) ;
#4616 = VECTOR ( 'NONE', #552, 1000.000000000000000 ) ;
#4617 = CARTESIAN_POINT ( 'NONE',  ( 2.877919977996279827E-16, 2.417221664167203521, 2.280540728933230898 ) ) ;
#4618 = MECHANICAL_DESIGN_GEOMETRIC_PRESENTATION_REPRESENTATION (  '', ( #711 ), #3380 ) ;
#4619 = ORIENTED_EDGE ( 'NONE', *, *, #5740, .T. ) ;
#4620 = ADVANCED_FACE ( 'NONE', ( #5280 ), #88, .T. ) ;
#4621 = CARTESIAN_POINT ( 'NONE',  ( 1.899999999999999467, 1.968142291998190796, 3.378504732217502582 ) ) ;
#4622 = CARTESIAN_POINT ( 'NONE',  ( -2.411344882540279677, -1.299999999999999822, 3.692892036792947419 ) ) ;
#4623 = MECHANICAL_DESIGN_GEOMETRIC_PRESENTATION_REPRESENTATION (  '', ( #3588 ), #2386 ) ;
#4624 = PRESENTATION_STYLE_ASSIGNMENT (( #590 ) ) ;
#4625 = DIRECTION ( 'NONE',  ( -0.7071067811865435759, -0.000000000000000000, 0.7071067811865515695 ) ) ;
#4626 = STYLED_ITEM ( 'NONE', ( #5539 ), #2040 ) ;
#4627 = DIRECTION ( 'NONE',  ( 0.000000000000000000, 0.000000000000000000, -1.000000000000000000 ) ) ;
#4628 = ORIENTED_EDGE ( 'NONE', *, *, #5618, .T. ) ;
#4629 = DIRECTION ( 'NONE',  ( 0.6533483892010568672, 0.000000000000000000, 0.7570573837750903534 ) ) ;
#4630 = CARTESIAN_POINT ( 'NONE',  ( 1.727973032657059482, -2.398008061664700818, 2.171574974371675459 ) ) ;
#4631 = PRESENTATION_STYLE_ASSIGNMENT (( #1226 ) ) ;
#4632 = STYLED_ITEM ( 'NONE', ( #557 ), #4929 ) ;
#4633 = CARTESIAN_POINT ( 'NONE',  ( 1.313905159147055635, 1.511920575779887921, 2.415813161808411103 ) ) ;
#4634 = VERTEX_POINT ( 'NONE', #4287 ) ;
#4635 = CARTESIAN_POINT ( 'NONE',  ( 5.499999999999998224, -2.023298562962320801, 2.750000000000000444 ) ) ;
#4636 = ORIENTED_EDGE ( 'NONE', *, *, #3732, .T. ) ;
#4637 = CIRCLE ( 'NONE', #4362, 0.3800000000000001155 ) ;
#4638 = PRESENTATION_LAYER_ASSIGNMENT (  '', '', ( #127 ) ) ;
#4639 =( LENGTH_UNIT ( ) NAMED_UNIT ( * ) SI_UNIT ( .MILLI., .METRE. ) );
#4640 = DIRECTION ( 'NONE',  ( 0.000000000000000000, 1.000000000000000000, 0.000000000000000000 ) ) ;
#4641 = EDGE_LOOP ( 'NONE', ( #1411, #1477, #76, #3500 ) ) ;
#4642 =( GEOMETRIC_REPRESENTATION_CONTEXT ( 3 ) GLOBAL_UNCERTAINTY_ASSIGNED_CONTEXT ( ( #283 ) ) GLOBAL_UNIT_ASSIGNED_CONTEXT ( ( #5330, #2476, #5309 ) ) REPRESENTATION_CONTEXT ( 'NONE', 'WORKASPACE' ) );
#4643 = SURFACE_SIDE_STYLE ('',( #4037 ) ) ;
#4644 = CARTESIAN_POINT ( 'NONE',  ( -2.296039219456288194, -1.299999999999999600, 3.749999999999996003 ) ) ;
#4645 = CARTESIAN_POINT ( 'NONE',  ( 1.899999999999999689, 1.680000000000000160, 2.914213562373118016 ) ) ;
#4646 = SURFACE_STYLE_USAGE ( .BOTH. , #3763 ) ;
#4647 = DIRECTION ( 'NONE',  ( 1.000000000000000000, 0.000000000000000000, 0.000000000000000000 ) ) ;
#4648 = SURFACE_STYLE_USAGE ( .BOTH. , #2731 ) ;
#4649 = VECTOR ( 'NONE', #1421, 1000.000000000000000 ) ;
#4650 = CARTESIAN_POINT ( 'NONE',  ( 1.791298172409552469, 1.341272281901022767, 2.383072152930659104 ) ) ;
#4651 = SURFACE_STYLE_FILL_AREA ( #443 ) ;
#4652 = ADVANCED_FACE ( 'NONE', ( #3691 ), #3306, .F. ) ;
#4653 = FACE_OUTER_BOUND ( 'NONE', #5024, .T. ) ;
#4654 = CARTESIAN_POINT ( 'NONE',  ( 2.174969499638364390, 2.441831523340663335, 2.420110175847036249 ) ) ;
#4655 = ORIENTED_EDGE ( 'NONE', *, *, #275, .F. ) ;
#4656 = EDGE_CURVE ( 'NONE', #1507, #4064, #1926, .T. ) ;
#4657 =( BOUNDED_SURFACE ( )  B_SPLINE_SURFACE ( 3, 2, ( 
 ( #4511, #5427, #4033 ),
 ( #1101, #5914, #2609 ),
 ( #1198, #3088, #3138 ),
 ( #3159, #5312, #306 ) ),
 .UNSPECIFIED., .F., .F., .F. ) 
 B_SPLINE_SURFACE_WITH_KNOTS ( ( 4, 4 ),
 ( 3, 3 ),
 ( 0.000000000000000000, 0.0001524385001590323747 ),
 ( 0.000000000000000000, 1.000000000000000000 ),
 .UNSPECIFIED. ) 
 GEOMETRIC_REPRESENTATION_ITEM ( )  RATIONAL_B_SPLINE_SURFACE ( (
 ( 1.000000000000000000, 0.8074811439351496922, 1.000000000000000000),
 ( 1.000000000000000000, 0.8059809370804805750, 1.000000000000000000),
 ( 1.000000000000000000, 0.8038453536324901005, 1.000000000000000000),
 ( 1.000000000000000000, 0.8010409893798556835, 1.000000000000000000) ) ) 
 REPRESENTATION_ITEM ( '' )  SURFACE ( )  );
#4658 = FACE_OUTER_BOUND ( 'NONE', #5089, .T. ) ;
#4659 = ORIENTED_EDGE ( 'NONE', *, *, #485, .T. ) ;
#4660 = PRESENTATION_LAYER_ASSIGNMENT (  '', '', ( #4351 ) ) ;
#4661 = CARTESIAN_POINT ( 'NONE',  ( 2.280000000000000249, 2.103960780543711717, 3.369999999999996110 ) ) ;
#4662 = CARTESIAN_POINT ( 'NONE',  ( 2.296039219456288638, 1.680000000000000160, 3.749999999999996447 ) ) ;
#4663 = CARTESIAN_POINT ( 'NONE',  ( -2.383076584963627731, -1.341556056577791312, 1.791220002120074373 ) ) ;
#4664 = CARTESIAN_POINT ( 'NONE',  ( 1.477828098313403560, 1.982849557988099143, 2.326356235737301770 ) ) ;
#4665 =( GEOMETRIC_REPRESENTATION_CONTEXT ( 3 ) GLOBAL_UNCERTAINTY_ASSIGNED_CONTEXT ( ( #1384 ) ) GLOBAL_UNIT_ASSIGNED_CONTEXT ( ( #3768, #4751, #5167 ) ) REPRESENTATION_CONTEXT ( 'NONE', 'WORKASPACE' ) );
#4666 =( NAMED_UNIT ( * ) PLANE_ANGLE_UNIT ( ) SI_UNIT ( $, .RADIAN. ) );
#4667 = CARTESIAN_POINT ( 'NONE',  ( 2.241551655957116473, 2.188664382134313691, 1.524582502507382920 ) ) ;
#4668 = CARTESIAN_POINT ( 'NONE',  ( -2.458655869717812692, -1.679999999999999716, 1.610127732293977987 ) ) ;
#4669 = PRESENTATION_LAYER_ASSIGNMENT (  '', '', ( #3743 ) ) ;
#4670 = AXIS2_PLACEMENT_3D ( 'NONE', #5428, #4512, #4989 ) ;
#4671 =( GEOMETRIC_REPRESENTATION_CONTEXT ( 3 ) GLOBAL_UNCERTAINTY_ASSIGNED_CONTEXT ( ( #1255 ) ) GLOBAL_UNIT_ASSIGNED_CONTEXT ( ( #6067, #1896, #5164 ) ) REPRESENTATION_CONTEXT ( 'NONE', 'WORKASPACE' ) );
#4672 = EDGE_CURVE ( 'NONE', #962, #1682, #3834, .T. ) ;
#4673 = CARTESIAN_POINT ( 'NONE',  ( -2.273790285802768096, -2.500000000000000000, 2.750000000000000444 ) ) ;
#4674 = CARTESIAN_POINT ( 'NONE',  ( -1.900000000000007017, -1.855871511874248814, 3.685384098565845257 ) ) ;
#4675 = EDGE_CURVE ( 'NONE', #2972, #183, #5798, .T. ) ;
#4676 = MECHANICAL_DESIGN_GEOMETRIC_PRESENTATION_REPRESENTATION (  '', ( #3832 ), #5080 ) ;
#4677 = EDGE_CURVE ( 'NONE', #1507, #4765, #3830, .T. ) ;
#4678 = ADVANCED_FACE ( 'NONE', ( #3828 ), #4393, .T. ) ;
#4679 = DIRECTION ( 'NONE',  ( -1.000000000000000000, -0.000000000000000000, -0.000000000000000000 ) ) ;
#4680 =( NAMED_UNIT ( * ) SI_UNIT ( $, .STERADIAN. ) SOLID_ANGLE_UNIT ( ) );
#4681 = UNCERTAINTY_MEASURE_WITH_UNIT (LENGTH_MEASURE( 1.000000000000000082E-05 ), #2818, 'distance_accuracy_value', 'NONE');
#4682 = CARTESIAN_POINT ( 'NONE',  ( 3.100000000000000089, 1.696039219456288327, 3.369999999999996110 ) ) ;
#4683 = DIRECTION ( 'NONE',  ( 0.7016738431598598114, 0.1237240302064797071, -0.7016738431598676939 ) ) ;
#4684 = PRESENTATION_STYLE_ASSIGNMENT (( #3119 ) ) ;
#4685 = CARTESIAN_POINT ( 'NONE',  ( 1.808392587802123197, 2.267473959965859542, 1.431279296566627668 ) ) ;
#4686 = DIRECTION ( 'NONE',  ( 0.000000000000000000, 1.000000000000000000, -0.000000000000000000 ) ) ;
#4687 = CARTESIAN_POINT ( 'NONE',  ( 0.7198066919794408047, -1.205346654702822207, -2.678424856699287204 ) ) ;
#4688 = DIRECTION ( 'NONE',  ( 0.000000000000000000, 0.000000000000000000, 1.000000000000000000 ) ) ;
#4689 =( NAMED_UNIT ( * ) PLANE_ANGLE_UNIT ( ) SI_UNIT ( $, .RADIAN. ) );
#4690 = ORIENTED_EDGE ( 'NONE', *, *, #3973, .F. ) ;
#4691 = LINE ( 'NONE', #228, #4401 ) ;
#4692 = PRESENTATION_STYLE_ASSIGNMENT (( #1565 ) ) ;
#4693 = CYLINDRICAL_SURFACE ( 'NONE', #269, 0.2500000000000002220 ) ;
#4694 =( LENGTH_UNIT ( ) NAMED_UNIT ( * ) SI_UNIT ( .MILLI., .METRE. ) );
#4695 = ORIENTED_EDGE ( 'NONE', *, *, #2480, .F. ) ;
#4696 = AXIS2_PLACEMENT_3D ( 'NONE', #1581, #5338, #4417 ) ;
#4697 = PRESENTATION_LAYER_ASSIGNMENT (  '', '', ( #603 ) ) ;
#4698 = ORIENTED_EDGE ( 'NONE', *, *, #1764, .T. ) ;
#4699 =( LENGTH_UNIT ( ) NAMED_UNIT ( * ) SI_UNIT ( .MILLI., .METRE. ) );
#4700 = ORIENTED_EDGE ( 'NONE', *, *, #1451, .T. ) ;
#4701 = CARTESIAN_POINT ( 'NONE',  ( 2.271172151325252297, 1.050000000000000044, 1.960045167603192695 ) ) ;
#4702 = ADVANCED_FACE ( 'NONE', ( #2056 ), #3093, .T. ) ;
#4703 = PRESENTATION_STYLE_ASSIGNMENT (( #3741 ) ) ;
#4704 = DIRECTION ( 'NONE',  ( -0.000000000000000000, -1.000000000000000000, -0.000000000000000000 ) ) ;
#4705 =( GEOMETRIC_REPRESENTATION_CONTEXT ( 3 ) GLOBAL_UNCERTAINTY_ASSIGNED_CONTEXT ( ( #2821 ) ) GLOBAL_UNIT_ASSIGNED_CONTEXT ( ( #5270, #5719, #4850 ) ) REPRESENTATION_CONTEXT ( 'NONE', 'WORKASPACE' ) );
#4706 =( NAMED_UNIT ( * ) PLANE_ANGLE_UNIT ( ) SI_UNIT ( $, .RADIAN. ) );
#4707 = VERTEX_POINT ( 'NONE', #231 ) ;
#4708 = CARTESIAN_POINT ( 'NONE',  ( -2.719999999999999751, -2.120000000000000107, 3.369999999999996110 ) ) ;
#4709 = ORIENTED_EDGE ( 'NONE', *, *, #2886, .T. ) ;
#4710 = DIRECTION ( 'NONE',  ( 0.000000000000000000, -1.000000000000000000, -0.000000000000000000 ) ) ;
#4711 = CARTESIAN_POINT ( 'NONE',  ( -2.388273342388549381, -1.361315090246579151, 1.367467259220604525 ) ) ;
#4712 = ORIENTED_EDGE ( 'NONE', *, *, #1175, .T. ) ;
#4713 = FILL_AREA_STYLE_COLOUR ( '', #72 ) ;
#4714 = PRESENTATION_LAYER_ASSIGNMENT (  '', '', ( #4632 ) ) ;
#4715 = EDGE_CURVE ( 'NONE', #2798, #4487, #1971, .T. ) ;
#4716 = ADVANCED_FACE ( 'NONE', ( #374 ), #4873, .T. ) ;
#4717 = EDGE_LOOP ( 'NONE', ( #3909, #4860, #4333, #4876, #1406 ) ) ;
#4718 = B_SPLINE_CURVE_WITH_KNOTS ( 'NONE', 3,
 ( #1979, #4340, #4794, #5257 ),
 .UNSPECIFIED., .F., .F.,
 ( 4, 4 ),
 ( 0.000000000000000000, 7.121237638726182576E-06 ),
 .UNSPECIFIED. ) ;
#4719 = AXIS2_PLACEMENT_3D ( 'NONE', #718, #4468, #268 ) ;
#4720 = VERTEX_POINT ( 'NONE', #4956 ) ;
#4721 = FACE_OUTER_BOUND ( 'NONE', #1276, .T. ) ;
#4722 = AXIS2_PLACEMENT_3D ( 'NONE', #5107, #5086, #1814 ) ;
#4723 =( NAMED_UNIT ( * ) SI_UNIT ( $, .STERADIAN. ) SOLID_ANGLE_UNIT ( ) );
#4724 = TOROIDAL_SURFACE ( 'NONE', #3676, 1.220000000000000195, 0.3800000000000000044 ) ;
#4725 = SURFACE_STYLE_USAGE ( .BOTH. , #1423 ) ;
#4726 = MECHANICAL_DESIGN_GEOMETRIC_PRESENTATION_REPRESENTATION (  '', ( #330 ), #4642 ) ;
#4727 = CARTESIAN_POINT ( 'NONE',  ( 0.000000000000000000, 0.000000000000000000, 3.749999999999996447 ) ) ;
#4728 = CARTESIAN_POINT ( 'NONE',  ( -2.799999999999999378, -1.899999999999999689, 3.749999999999996447 ) ) ;
#4729 = DIRECTION ( 'NONE',  ( 0.000000000000000000, -0.000000000000000000, -1.000000000000000000 ) ) ;
#4730 = FACE_OUTER_BOUND ( 'NONE', #679, .T. ) ;
#4731 = COLOUR_RGB ( '',1.000000000000000000, 1.000000000000000000, 1.000000000000000000 ) ;
#4732 = CARTESIAN_POINT ( 'NONE',  ( 2.392579416203727050, 2.074153405742380052, 1.567304732382538424 ) ) ;
#4733 = DIRECTION ( 'NONE',  ( 0.000000000000000000, 0.000000000000000000, -1.000000000000000000 ) ) ;
#4734 = CARTESIAN_POINT ( 'NONE',  ( 2.199083809030684566, -1.354281413209637019, -1.690003487495327583 ) ) ;
#4735 = FILL_AREA_STYLE_COLOUR ( '', #3094 ) ;
#4736 = SURFACE_STYLE_FILL_AREA ( #5385 ) ;
#4737 = VERTEX_POINT ( 'NONE', #2596 ) ;
#4738 = SURFACE_SIDE_STYLE ('',( #3536 ) ) ;
#4739 =( BOUNDED_SURFACE ( )  B_SPLINE_SURFACE ( 3, 2, ( 
 ( #4030, #3276, #2330 ),
 ( #849, #1832, #2751 ),
 ( #5611, #3722, #3683 ),
 ( #6021, #1322, #5557 ),
 ( #3234, #2255, #2269 ),
 ( #6045, #915, #5124 ) ),
 .UNSPECIFIED., .F., .F., .F. ) 
 B_SPLINE_SURFACE_WITH_KNOTS ( ( 4, 2, 4 ),
 ( 3, 3 ),
 ( 5.588447551784782696, 5.935816429482184020, 6.283185307179586232 ),
 ( 0.000000000000000000, 1.000000000000000000 ),
 .UNSPECIFIED. ) 
 GEOMETRIC_REPRESENTATION_ITEM ( )  RATIONAL_B_SPLINE_SURFACE ( (
 ( 1.000000000000000000, 0.6582551620979028018, 1.000000000000000000),
 ( 1.000000000000000000, 0.6533616921958327328, 1.000000000000000000),
 ( 1.000000000000000000, 0.6494545196194465575, 1.000000000000000000),
 ( 1.000000000000000000, 0.6441633054200268660, 1.000000000000000000),
 ( 1.000000000000000000, 0.6427811192225847403, 1.000000000000000000),
 ( 1.000000000000000000, 0.6427876096865416944, 1.000000000000000000) ) ) 
 REPRESENTATION_ITEM ( '' )  SURFACE ( )  );
#4740 = CARTESIAN_POINT ( 'NONE',  ( 1.899999999999999689, 1.763947153235507104, 3.372183489019747071 ) ) ;
#4741 = CARTESIAN_POINT ( 'NONE',  ( 1.313905117247539112, 1.519439876975821724, 2.415813184596593999 ) ) ;
#4742 = ADVANCED_FACE ( 'NONE', ( #3177 ), #2167, .T. ) ;
#4743 = AXIS2_PLACEMENT_3D ( 'NONE', #3960, #2266, #5058 ) ;
#4744 = DIRECTION ( 'NONE',  ( -0.000000000000000000, 1.000000000000000000, 0.000000000000000000 ) ) ;
#4745 = CARTESIAN_POINT ( 'NONE',  ( 0.000000000000000000, 1.194561753632565893, -2.750000000000000444 ) ) ;
#4746 = AXIS2_PLACEMENT_3D ( 'NONE', #1049, #5502, #3660 ) ;
#4747 = CARTESIAN_POINT ( 'NONE',  ( -2.326552473085866879, -1.564070404946525494, 1.478024419015059543 ) ) ;
#4748 = PLANE ( 'NONE',  #4237 ) ;
#4749 =( NAMED_UNIT ( * ) SI_UNIT ( $, .STERADIAN. ) SOLID_ANGLE_UNIT ( ) );
#4750 = CARTESIAN_POINT ( 'NONE',  ( 0.3076697362685921755, -1.588484854838519311, -2.419459271060711458 ) ) ;
#4751 =( NAMED_UNIT ( * ) PLANE_ANGLE_UNIT ( ) SI_UNIT ( $, .RADIAN. ) );
#4752 = MECHANICAL_DESIGN_GEOMETRIC_PRESENTATION_REPRESENTATION (  '', ( #359 ), #4139 ) ;
#4753 =( NAMED_UNIT ( * ) PLANE_ANGLE_UNIT ( ) SI_UNIT ( $, .RADIAN. ) );
#4754 = CARTESIAN_POINT ( 'NONE',  ( 2.814853559627709334, 2.498077647326614414, 2.739097796232530246 ) ) ;
#4755 = COLOUR_RGB ( '',1.000000000000000000, 1.000000000000000000, 1.000000000000000000 ) ;
#4756 = B_SPLINE_CURVE_WITH_KNOTS ( 'NONE', 3,
 ( #4673, #1866, #3248, #6013 ),
 .UNSPECIFIED., .F., .F.,
 ( 4, 4 ),
 ( 4.336808689942017255E-19, 1.111095623015335346E-05 ),
 .UNSPECIFIED. ) ;
#4757 = CIRCLE ( 'NONE', #4021, 0.3999999999999997446 ) ;
#4758 = FILL_AREA_STYLE_COLOUR ( '', #4779 ) ;
#4759 = EDGE_CURVE ( 'NONE', #2219, #1556, #916, .T. ) ;
#4760 = AXIS2_PLACEMENT_3D ( 'NONE', #2951, #2017, #92 ) ;
#4761 = EDGE_CURVE ( 'NONE', #4419, #1254, #3796, .T. ) ;
#4762 =( BOUNDED_SURFACE ( )  B_SPLINE_SURFACE ( 3, 2, ( 
 ( #354, #3649, #6049 ),
 ( #811, #854, #1292 ),
 ( #5536, #3705, #4572 ),
 ( #5508, #869, #1753 ),
 ( #4171, #4630, #1816 ),
 ( #5108, #5573, #3667 ),
 ( #5052, #2709, #5994 ),
 ( #3199, #834, #2778 ),
 ( #4131, #1309, #4591 ),
 ( #448, #3315, #2822 ),
 ( #3809, #3342, #4257 ),
 ( #19, #1448, #1880 ),
 ( #1862, #954, #4734 ),
 ( #1918, #6068, #5198 ),
 ( #3823, #4235, #1898 ),
 ( #3365, #5165, #4687 ),
 ( #4750, #497, #2391 ),
 ( #5650, #973, #2333 ) ),
 .UNSPECIFIED., .F., .F., .T. ) 
 B_SPLINE_SURFACE_WITH_KNOTS ( ( 4, 2, 2, 2, 2, 2, 2, 2, 4 ),
 ( 3, 3 ),
 ( 0.000000000000000000, 0.3926990816987241395, 0.7853981633974482790, 1.178097245096172418, 1.570796326794896558, 1.963495408493620697, 2.356194490192344837, 2.748893571891068976, 3.141592653589793116 ),
 ( 0.000000000000000000, 1.000000000000000000 ),
 .UNSPECIFIED. ) 
 GEOMETRIC_REPRESENTATION_ITEM ( )  RATIONAL_B_SPLINE_SURFACE ( (
 ( 1.000000000000000000, 0.6427876096865416944, 1.000000000000000000),
 ( 1.000000000000000000, 0.6427771212701033354, 1.000000000000000000),
 ( 1.000000000000000000, 0.6445517632104407202, 1.000000000000000000),
 ( 1.000000000000000000, 0.6512645839588988572, 1.000000000000000000),
 ( 1.000000000000000000, 0.6562061167284333196, 1.000000000000000000),
 ( 1.000000000000000000, 0.6683407461881124556, 1.000000000000000000),
 ( 1.000000000000000000, 0.6755240865531041417, 1.000000000000000000),
 ( 1.000000000000000000, 0.6908929210594904058, 1.000000000000000000),
 ( 1.000000000000000000, 0.6990703384393867070, 1.000000000000000000),
 ( 1.000000000000000000, 0.7151432239337086605, 1.000000000000000000),
 ( 1.000000000000000000, 0.7230336873765190742, 1.000000000000000000),
 ( 1.000000000000000000, 0.7374130118586985638, 1.000000000000000000),
 ( 1.000000000000000000, 0.7438993345495641396, 1.000000000000000000),
 ( 1.000000000000000000, 0.7546251423736314301, 1.000000000000000000),
 ( 1.000000000000000000, 0.7588635303394043463, 1.000000000000000000),
 ( 1.000000000000000000, 0.7645733716715420458, 1.000000000000000000),
 ( 1.000000000000000000, 0.7660498913723818859, 1.000000000000000000),
 ( 1.000000000000000000, 0.7660444431189760151, 1.000000000000000000) ) ) 
 REPRESENTATION_ITEM ( '' )  SURFACE ( )  );
#4763 = DIRECTION ( 'NONE',  ( 0.000000000000000000, 1.000000000000000000, 0.000000000000000000 ) ) ;
#4764 = CARTESIAN_POINT ( 'NONE',  ( -2.749999999999999556, 1.554689462552739432, -0.3599741476875563673 ) ) ;
#4765 = VERTEX_POINT ( 'NONE', #5998 ) ;
#4766 = CARTESIAN_POINT ( 'NONE',  ( 1.589959765452387153, 2.257696740620455778, 2.309456712739319961 ) ) ;
#4767 = COLOUR_RGB ( '',1.000000000000000000, 1.000000000000000000, 1.000000000000000000 ) ;
#4768 = CARTESIAN_POINT ( 'NONE',  ( 2.433524244925312718, 2.009838664146503362, 1.584996107501476015 ) ) ;
#4769 = ORIENTED_EDGE ( 'NONE', *, *, #12, .F. ) ;
#4770 = DIRECTION ( 'NONE',  ( 0.000000000000000000, 0.000000000000000000, -1.000000000000000000 ) ) ;
#4771 = CARTESIAN_POINT ( 'NONE',  ( -1.655362166463664186, -1.480458635527619471, 2.444612731029029096 ) ) ;
#4772 = CARTESIAN_POINT ( 'NONE',  ( -2.279999999999999361, -1.679999999999999716, 3.749999999999996447 ) ) ;
#4773 = EDGE_CURVE ( 'NONE', #4737, #3482, #1310, .T. ) ;
#4774 = FACE_OUTER_BOUND ( 'NONE', #1170, .T. ) ;
#4775 = ADVANCED_FACE ( 'NONE', ( #1428 ), #4283, .T. ) ;
#4776 = DIRECTION ( 'NONE',  ( 0.000000000000000000, 1.000000000000000000, 0.000000000000000000 ) ) ;
#4777 = EDGE_LOOP ( 'NONE', ( #2337, #3126, #5371, #937 ) ) ;
#4778 = CARTESIAN_POINT ( 'NONE',  ( -0.3522756753482055858, 1.530201606104614198, -2.749999999993796518 ) ) ;
#4779 = COLOUR_RGB ( '',1.000000000000000000, 1.000000000000000000, 1.000000000000000000 ) ;
#4780 = FILL_AREA_STYLE ('',( #3947 ) ) ;
#4781 = ORIENTED_EDGE ( 'NONE', *, *, #1142, .T. ) ;
#4782 = SPHERICAL_SURFACE ( 'NONE', #5725, 0.3800000000000000044 ) ;
#4783 = CARTESIAN_POINT ( 'NONE',  ( -2.715664467162865581, -1.506737549985074809, -0.6782121167911495663 ) ) ;
#4784 = PRESENTATION_LAYER_ASSIGNMENT (  '', '', ( #4440 ) ) ;
#4785 = FILL_AREA_STYLE_COLOUR ( '', #1775 ) ;
#4786 = FILL_AREA_STYLE_COLOUR ( '', #755 ) ;
#4787 = PRESENTATION_LAYER_ASSIGNMENT (  '', '', ( #4168 ) ) ;
#4788 = VERTEX_POINT ( 'NONE', #4979 ) ;
#4789 = DIRECTION ( 'NONE',  ( -1.000000000000000000, 0.000000000000000000, 0.000000000000000000 ) ) ;
#4790 = MECHANICAL_DESIGN_GEOMETRIC_PRESENTATION_REPRESENTATION (  '', ( #3009 ), #3242 ) ;
#4791 = FACE_OUTER_BOUND ( 'NONE', #3990, .T. ) ;
#4792 = CARTESIAN_POINT ( 'NONE',  ( 3.100000000000000089, 2.500000000000000000, 3.369999999999996110 ) ) ;
#4793 = DIRECTION ( 'NONE',  ( 0.7071067811865515695, 0.000000000000000000, -0.7071067811865435759 ) ) ;
#4794 = CARTESIAN_POINT ( 'NONE',  ( -2.713648819865053685, -2.499978035914475427, 2.749875435481078156 ) ) ;
#4795 = EDGE_LOOP ( 'NONE', ( #593, #567, #4348, #4818, #3694 ) ) ;
#4796 = DIRECTION ( 'NONE',  ( 0.7016738431598597003, 0.1237240302064796932, -0.7016738431598676939 ) ) ;
#4797 = SURFACE_SIDE_STYLE ('',( #140 ) ) ;
#4798 = SURFACE_STYLE_FILL_AREA ( #3724 ) ;
#4799 = EDGE_CURVE ( 'NONE', #3654, #5871, #3508, .T. ) ;
#4800 = COLOUR_RGB ( '',1.000000000000000000, 1.000000000000000000, 1.000000000000000000 ) ;
#4801 = CARTESIAN_POINT ( 'NONE',  ( 2.263273992654546873, 2.085919875595585449, 3.749999999999996447 ) ) ;
#4802 = UNCERTAINTY_MEASURE_WITH_UNIT (LENGTH_MEASURE( 1.000000000000000082E-05 ), #4819, 'distance_accuracy_value', 'NONE');
#4803 = B_SPLINE_CURVE_WITH_KNOTS ( 'NONE', 3,
 ( #992, #5640, #3838, #3333 ),
 .UNSPECIFIED., .F., .F.,
 ( 4, 4 ),
 ( 0.000000000000000000, 2.616238409045350833E-05 ),
 .UNSPECIFIED. ) ;
#4804 = EDGE_CURVE ( 'NONE', #3117, #5957, #4088, .T. ) ;
#4805 = CIRCLE ( 'NONE', #2719, 1.220000000000000195 ) ;
#4806 = STYLED_ITEM ( 'NONE', ( #5523 ), #3773 ) ;
#4807 = EDGE_CURVE ( 'NONE', #5741, #826, #3970, .T. ) ;
#4808 = AXIS2_PLACEMENT_3D ( 'NONE', #1966, #150, #1116 ) ;
#4809 = PRESENTATION_STYLE_ASSIGNMENT (( #3232 ) ) ;
#4810 = COLOUR_RGB ( '',1.000000000000000000, 1.000000000000000000, 1.000000000000000000 ) ;
#4811 = DIRECTION ( 'NONE',  ( 0.000000000000000000, -0.1736481776669238364, -0.9848077530122092416 ) ) ;
#4812 = ORIENTED_EDGE ( 'NONE', *, *, #132, .T. ) ;
#4813 = CARTESIAN_POINT ( 'NONE',  ( -2.461818054945274614, -2.250363348748151360, 1.334240198245642883 ) ) ;
#4814 = CARTESIAN_POINT ( 'NONE',  ( -2.719999999999999751, -1.299999999999999600, 2.914213562373119348 ) ) ;
#4815 = ADVANCED_FACE ( 'NONE', ( #2994 ), #5375, .F. ) ;
#4816 = SURFACE_STYLE_USAGE ( .BOTH. , #1073 ) ;
#4817 = CARTESIAN_POINT ( 'NONE',  ( -2.692361839096764076, -2.448512757478205071, 2.458001337543888276 ) ) ;
#4818 = ORIENTED_EDGE ( 'NONE', *, *, #5002, .T. ) ;
#4819 =( LENGTH_UNIT ( ) NAMED_UNIT ( * ) SI_UNIT ( .MILLI., .METRE. ) );
#4820 = CARTESIAN_POINT ( 'NONE',  ( 2.799999999999999822, 1.900000000000000133, 3.749999999999996447 ) ) ;
#4821 = CARTESIAN_POINT ( 'NONE',  ( 2.635984314790868144, 2.500000000000000000, 3.369999999999996998 ) ) ;
#4822 = DIRECTION ( 'NONE',  ( -1.000000000000000000, 0.000000000000000000, 0.000000000000000000 ) ) ;
#4823 = CARTESIAN_POINT ( 'NONE',  ( 3.089840413360835036, 2.217646205973117457, 2.733991820205030621 ) ) ;
#4824 = STYLED_ITEM ( 'NONE', ( #1020 ), #4702 ) ;
#4825 = CARTESIAN_POINT ( 'NONE',  ( -2.635432565014450557, -1.806908619139222072, 1.433351036997342121 ) ) ;
#4826 = CARTESIAN_POINT ( 'NONE',  ( -1.899999999999999245, -1.866064488335652527, 3.378518974520784202 ) ) ;
#4827 = FILL_AREA_STYLE ('',( #2450 ) ) ;
#4828 = DIRECTION ( 'NONE',  ( 1.000000000000000000, 0.000000000000000000, 0.000000000000000000 ) ) ;
#4829 = MECHANICAL_DESIGN_GEOMETRIC_PRESENTATION_REPRESENTATION (  '', ( #5976 ), #3389 ) ;
#4830 = CARTESIAN_POINT ( 'NONE',  ( 1.610127732293952230, 1.300000000000000044, 2.458655869717829123 ) ) ;
#4831 = FILL_AREA_STYLE_COLOUR ( '', #3408 ) ;
#4832 = UNCERTAINTY_MEASURE_WITH_UNIT (LENGTH_MEASURE( 1.000000000000000082E-05 ), #3661, 'distance_accuracy_value', 'NONE');
#4833 = CARTESIAN_POINT ( 'NONE',  ( 2.703960780543711806, 2.500000000000000000, 3.369999999999996110 ) ) ;
#4834 = SURFACE_STYLE_FILL_AREA ( #604 ) ;
#4835 = AXIS2_PLACEMENT_3D ( 'NONE', #2004, #121, #4364 ) ;
#4836 = SURFACE_STYLE_FILL_AREA ( #1938 ) ;
#4837 = STYLED_ITEM ( 'NONE', ( #919 ), #3353 ) ;
#4838 = EDGE_LOOP ( 'NONE', ( #3995, #165, #2970, #3391 ) ) ;
#4839 = ADVANCED_FACE ( 'NONE', ( #5030 ), #5458, .T. ) ;
#4840 = CARTESIAN_POINT ( 'NONE',  ( 2.296039219456288638, 1.680000000000000160, 3.369999999999996110 ) ) ;
#4841 = B_SPLINE_CURVE_WITH_KNOTS ( 'NONE', 3,
 ( #4219, #2405, #5162, #2348 ),
 .UNSPECIFIED., .F., .F.,
 ( 4, 4 ),
 ( 0.000000000000000000, 4.228977918261868265E-05 ),
 .UNSPECIFIED. ) ;
#4842 = CARTESIAN_POINT ( 'NONE',  ( 2.736699463921777209, 2.085948503462649928, 3.749999999999996447 ) ) ;
#4843 =( LENGTH_UNIT ( ) NAMED_UNIT ( * ) SI_UNIT ( .MILLI., .METRE. ) );
#4844 = DIRECTION ( 'NONE',  ( 0.000000000000000000, 0.000000000000000000, 1.000000000000000000 ) ) ;
#4845 = EDGE_CURVE ( 'NONE', #4274, #3634, #674, .T. ) ;
#4846 = DIRECTION ( 'NONE',  ( -0.000000000000000000, -1.000000000000000000, 0.000000000000000000 ) ) ;
#4847 = CARTESIAN_POINT ( 'NONE',  ( -1.899999999999999245, -2.070046751700288734, 3.370000104329657020 ) ) ;
#4848 = CARTESIAN_POINT ( 'NONE',  ( 2.703960780543711806, 2.120000000000000107, 3.749999999999996447 ) ) ;
#4849 = UNCERTAINTY_MEASURE_WITH_UNIT (LENGTH_MEASURE( 1.000000000000000082E-05 ), #5135, 'distance_accuracy_value', 'NONE');
#4850 =( NAMED_UNIT ( * ) SI_UNIT ( $, .STERADIAN. ) SOLID_ANGLE_UNIT ( ) );
#4851 = ORIENTED_EDGE ( 'NONE', *, *, #405, .F. ) ;
#4852 =( NAMED_UNIT ( * ) SI_UNIT ( $, .STERADIAN. ) SOLID_ANGLE_UNIT ( ) );
#4853 = PRESENTATION_STYLE_ASSIGNMENT (( #1710 ) ) ;
#4854 = FACE_OUTER_BOUND ( 'NONE', #743, .T. ) ;
#4855 = CARTESIAN_POINT ( 'NONE',  ( 2.500000000000000000, 1.900000000000000133, 37.75000000000000000 ) ) ;
#4856 = PRESENTATION_STYLE_ASSIGNMENT (( #5699 ) ) ;
#4857 = DIRECTION ( 'NONE',  ( 0.000000000000000000, -1.000000000000000000, 0.000000000000000000 ) ) ;
#4858 = ORIENTED_EDGE ( 'NONE', *, *, #3132, .F. ) ;
#4859 = PLANE ( 'NONE',  #3925 ) ;
#4860 = ORIENTED_EDGE ( 'NONE', *, *, #5418, .F. ) ;
#4861 = CARTESIAN_POINT ( 'NONE',  ( 1.899999999999999689, 1.696039219456286773, 3.369999999999996110 ) ) ;
#4862 = EDGE_LOOP ( 'NONE', ( #2562, #1915, #3186, #5223 ) ) ;
#4863 = ORIENTED_EDGE ( 'NONE', *, *, #364, .F. ) ;
#4864 = CARTESIAN_POINT ( 'NONE',  ( 3.100000000000000089, 2.036052846764501378, 3.372183489019747071 ) ) ;
#4865 = STYLED_ITEM ( 'NONE', ( #1344 ), #1528 ) ;
#4866 = CARTESIAN_POINT ( 'NONE',  ( -2.568142291998190441, -2.500000000000000000, 3.378504732217503470 ) ) ;
#4867 = ORIENTED_EDGE ( 'NONE', *, *, #3085, .F. ) ;
#4868 =( NAMED_UNIT ( * ) SI_UNIT ( $, .STERADIAN. ) SOLID_ANGLE_UNIT ( ) );
#4869 = CARTESIAN_POINT ( 'NONE',  ( -3.100000000000000089, -2.500000000000000000, 3.369999999999996110 ) ) ;
#4870 = COLOUR_RGB ( '',1.000000000000000000, 1.000000000000000000, 1.000000000000000000 ) ;
#4871 = CARTESIAN_POINT ( 'NONE',  ( -2.249640197697593713, -1.722035442427940932, -1.662056251665318118 ) ) ;
#4872 = AXIS2_PLACEMENT_3D ( 'NONE', #126, #1504, #5733 ) ;
#4873 = PLANE ( 'NONE',  #190 ) ;
#4874 = ADVANCED_FACE ( 'NONE', ( #2454 ), #5490, .T. ) ;
#4875 = ORIENTED_EDGE ( 'NONE', *, *, #3923, .T. ) ;
#4876 = ORIENTED_EDGE ( 'NONE', *, *, #3369, .F. ) ;
#4877 = DIRECTION ( 'NONE',  ( 0.000000000000000000, 0.000000000000000000, -1.000000000000000000 ) ) ;
#4878 = STYLED_ITEM ( 'NONE', ( #4193 ), #2981 ) ;
#4879 = SURFACE_STYLE_USAGE ( .BOTH. , #5384 ) ;
#4880 =( BOUNDED_CURVE ( )  B_SPLINE_CURVE ( 3, ( #3760, #2836, #1873, #1890 ),
 .UNSPECIFIED., .F., .T. ) 
 B_SPLINE_CURVE_WITH_KNOTS ( ( 4, 4 ),
 ( 3.141592653589793116, 6.283185307179586232 ),
 .UNSPECIFIED. ) 
 CURVE ( )  GEOMETRIC_REPRESENTATION_ITEM ( )  RATIONAL_B_SPLINE_CURVE ( ( 1.000000000000000000, 0.3333333333333333703, 0.3333333333333333703, 1.000000000000000000 ) ) 
 REPRESENTATION_ITEM ( '' )  );
#4881 = SURFACE_STYLE_FILL_AREA ( #1707 ) ;
#4882 = ORIENTED_EDGE ( 'NONE', *, *, #5547, .T. ) ;
#4883 = PRESENTATION_STYLE_ASSIGNMENT (( #5477 ) ) ;
#4884 = SURFACE_STYLE_FILL_AREA ( #1662 ) ;
#4885 = B_SPLINE_CURVE_WITH_KNOTS ( 'NONE', 3,
 ( #3310, #1426, #4663, #2329, #3761, #477 ),
 .UNSPECIFIED., .F., .F.,
 ( 4, 2, 4 ),
 ( 0.000000000000000000, 0.0003050576034573876470, 0.0006101152069147752939 ),
 .UNSPECIFIED. ) ;
#4886 =( NAMED_UNIT ( * ) PLANE_ANGLE_UNIT ( ) SI_UNIT ( $, .RADIAN. ) );
#4887 = EDGE_CURVE ( 'NONE', #2894, #2884, #4010, .T. ) ;
#4888 = CARTESIAN_POINT ( 'NONE',  ( -2.534085097769112505, -2.500000000000000000, 3.378513995163106909 ) ) ;
#4889 = VERTEX_POINT ( 'NONE', #2760 ) ;
#4890 = CARTESIAN_POINT ( 'NONE',  ( -2.703960780543710918, -2.500000000000000000, 3.369999999999996110 ) ) ;
#4891 = CARTESIAN_POINT ( 'NONE',  ( 0.000000000000000000, -1.194561753632566781, -2.750000000000000444 ) ) ;
#4892 = CARTESIAN_POINT ( 'NONE',  ( -2.719999999999999751, -1.299999999999999600, 3.369999999999996110 ) ) ;
#4893 = CARTESIAN_POINT ( 'NONE',  ( -1.879217073171645103, 2.257502004590157263, 1.374725527338366726 ) ) ;
#4894 = SURFACE_STYLE_USAGE ( .BOTH. , #3473 ) ;
#4895 = CARTESIAN_POINT ( 'NONE',  ( -2.567341833181837174, -2.401297188924344628, 2.190228542001455114 ) ) ;
#4896 = CARTESIAN_POINT ( 'NONE',  ( 2.795501014345157742, 1.587631926140133931, -0.1413479835170362575 ) ) ;
#4897 = SURFACE_STYLE_USAGE ( .BOTH. , #3987 ) ;
#4898 = CARTESIAN_POINT ( 'NONE',  ( -2.719999999999999751, -2.120000000000000107, 3.749999999999996447 ) ) ;
#4899 = CARTESIAN_POINT ( 'NONE',  ( -1.609120323021627774, -2.015209261777566319, 2.457648460445508221 ) ) ;
#4900 =( GEOMETRIC_REPRESENTATION_CONTEXT ( 3 ) GLOBAL_UNCERTAINTY_ASSIGNED_CONTEXT ( ( #4458 ) ) GLOBAL_UNIT_ASSIGNED_CONTEXT ( ( #5397, #3079, #256 ) ) REPRESENTATION_CONTEXT ( 'NONE', 'WORKASPACE' ) );
#4901 = CARTESIAN_POINT ( 'NONE',  ( 3.100000000000000089, 2.070094770110981308, 3.370000105193565521 ) ) ;
#4902 = CARTESIAN_POINT ( 'NONE',  ( -2.544324524908339935, -2.500000000000000000, 3.685404267465093309 ) ) ;
#4903 = MECHANICAL_DESIGN_GEOMETRIC_PRESENTATION_REPRESENTATION (  '', ( #4589 ), #5208 ) ;
#4904 = CARTESIAN_POINT ( 'NONE',  ( 3.100000000000000089, 1.696039219456288327, 3.369999999999996110 ) ) ;
#4905 = VECTOR ( 'NONE', #949, 1000.000000000000114 ) ;
#4906 = CARTESIAN_POINT ( 'NONE',  ( 1.609120323021629995, 2.015209261777565874, 2.457648460445506888 ) ) ;
#4907 = CARTESIAN_POINT ( 'NONE',  ( -2.263300536078215686, -1.714051496537347230, 3.749999999999996447 ) ) ;
#4908 = CARTESIAN_POINT ( 'NONE',  ( -2.759196719284848331, 2.066774502113904788, 0.2930561100434902477 ) ) ;
#4909 = DIRECTION ( 'NONE',  ( 0.000000000000000000, -1.000000000000000000, -0.000000000000000000 ) ) ;
#4910 = STYLED_ITEM ( 'NONE', ( #4631 ), #2848 ) ;
#4911 = UNCERTAINTY_MEASURE_WITH_UNIT (LENGTH_MEASURE( 1.000000000000000082E-05 ), #3237, 'distance_accuracy_value', 'NONE');
#4912 = CARTESIAN_POINT ( 'NONE',  ( 2.092159050862727021, 1.877856854625871152, 1.784760629858574532 ) ) ;
#4913 = PRESENTATION_STYLE_ASSIGNMENT (( #3107 ) ) ;
#4914 = EDGE_CURVE ( 'NONE', #3852, #826, #1864, .T. ) ;
#4915 = ORIENTED_EDGE ( 'NONE', *, *, #5037, .F. ) ;
#4916 = DIRECTION ( 'NONE',  ( 0.7016738431598601444, 0.1237240302064796238, 0.7016738431598673609 ) ) ;
#4917 = PLANE ( 'NONE',  #2916 ) ;
#4918 = PRESENTATION_LAYER_ASSIGNMENT (  '', '', ( #580 ) ) ;
#4919 = PRESENTATION_STYLE_ASSIGNMENT (( #1863 ) ) ;
#4920 = PRESENTATION_LAYER_ASSIGNMENT (  '', '', ( #3372 ) ) ;
#4921 = LINE ( 'NONE', #2375, #3321 ) ;
#4922 = CARTESIAN_POINT ( 'NONE',  ( -1.313905117247536225, -1.972943487486412684, 2.415813184596594443 ) ) ;
#4923 = EDGE_LOOP ( 'NONE', ( #1286, #2368 ) ) ;
#4924 = COLOUR_RGB ( '',1.000000000000000000, 1.000000000000000000, 1.000000000000000000 ) ;
#4925 = CARTESIAN_POINT ( 'NONE',  ( 2.719999999999999751, 1.696039219456288327, 3.749999999999996447 ) ) ;
#4926 = FILL_AREA_STYLE ('',( #659 ) ) ;
#4927 = COLOUR_RGB ( '',1.000000000000000000, 1.000000000000000000, 1.000000000000000000 ) ;
#4928 = FACE_OUTER_BOUND ( 'NONE', #735, .T. ) ;
#4929 = ADVANCED_BREP_SHAPE_REPRESENTATION ( 'B57164K0104J000', ( #2392, #1245 ), #4398 ) ;
#4930 = FILL_AREA_STYLE_COLOUR ( '', #3645 ) ;
#4931 = EDGE_LOOP ( 'NONE', ( #4326, #23, #2204, #5745 ) ) ;
#4932 = STYLED_ITEM ( 'NONE', ( #1392 ), #4620 ) ;
#4933 = CARTESIAN_POINT ( 'NONE',  ( 1.471418547700314550, 2.211165319028311593, 2.231529443088931863 ) ) ;
#4934 = COLOUR_RGB ( '',1.000000000000000000, 1.000000000000000000, 1.000000000000000000 ) ;
#4935 = VECTOR ( 'NONE', #5688, 1000.000000000000000 ) ;
#4936 = CARTESIAN_POINT ( 'NONE',  ( -2.235645139713958951, 2.304836250329493463, 1.643171374645344684 ) ) ;
#4937 = DIRECTION ( 'NONE',  ( 1.000000000000000000, 0.000000000000000000, -0.000000000000000000 ) ) ;
#4938 = FILL_AREA_STYLE_COLOUR ( '', #5383 ) ;
#4939 = ORIENTED_EDGE ( 'NONE', *, *, #1619, .F. ) ;
#4940 = ORIENTED_EDGE ( 'NONE', *, *, #1846, .T. ) ;
#4941 = EDGE_LOOP ( 'NONE', ( #639, #1182, #3924, #577 ) ) ;
#4942 = ORIENTED_EDGE ( 'NONE', *, *, #1891, .F. ) ;
#4943 = VERTEX_POINT ( 'NONE', #3708 ) ;
#4944 = SURFACE_SIDE_STYLE ('',( #1673 ) ) ;
#4945 = AXIS2_PLACEMENT_3D ( 'NONE', #2637, #1228, #4523 ) ;
#4946 = ORIENTED_EDGE ( 'NONE', *, *, #2886, .F. ) ;
#4947 = FILL_AREA_STYLE ('',( #3544 ) ) ;
#4948 = CARTESIAN_POINT ( 'NONE',  ( -3.100000000000000089, -2.500000000000000000, 2.914213562373119348 ) ) ;
#4949 = STYLED_ITEM ( 'NONE', ( #2349 ), #163 ) ;
#4950 = PRESENTATION_LAYER_ASSIGNMENT (  '', '', ( #5969 ) ) ;
#4951 = CIRCLE ( 'NONE', #5245, 0.3800000000000001155 ) ;
#4952 = CARTESIAN_POINT ( 'NONE',  ( -2.279999999999999361, -2.500000000000000000, 3.369999999999996110 ) ) ;
#4953 =( NAMED_UNIT ( * ) PLANE_ANGLE_UNIT ( ) SI_UNIT ( $, .RADIAN. ) );
#4954 = TOROIDAL_SURFACE ( 'NONE', #3696, 3.000000000000000000, 0.2500000000000000000 ) ;
#4955 = MECHANICAL_DESIGN_GEOMETRIC_PRESENTATION_REPRESENTATION (  '', ( #4632 ), #5459 ) ;
#4956 = CARTESIAN_POINT ( 'NONE',  ( -2.279999999999999361, -1.299999999999999600, 3.369999999999996110 ) ) ;
#4957 = CIRCLE ( 'NONE', #4743, 0.2500000000000002220 ) ;
#4958 = CARTESIAN_POINT ( 'NONE',  ( -3.066215660611799176, -2.075723144754530125, 2.413132389363830566 ) ) ;
#4959 = LINE ( 'NONE', #5104, #602 ) ;
#4960 = SURFACE_STYLE_USAGE ( .BOTH. , #822 ) ;
#4961 =( BOUNDED_CURVE ( )  B_SPLINE_CURVE ( 3, ( #28, #3329, #3800, #2832 ),
 .UNSPECIFIED., .F., .T. ) 
 B_SPLINE_CURVE_WITH_KNOTS ( ( 4, 4 ),
 ( 1.651706826118629623, 2.356194490192339952 ),
 .UNSPECIFIED. ) 
 CURVE ( )  GEOMETRIC_REPRESENTATION_ITEM ( )  RATIONAL_B_SPLINE_CURVE ( ( 1.000000000000000000, 0.9590672957598365134, 0.9590672957598365134, 1.000000000000000000 ) ) 
 REPRESENTATION_ITEM ( '' )  );
#4962 =( GEOMETRIC_REPRESENTATION_CONTEXT ( 3 ) GLOBAL_UNCERTAINTY_ASSIGNED_CONTEXT ( ( #1412 ) ) GLOBAL_UNIT_ASSIGNED_CONTEXT ( ( #6054, #4176, #5092 ) ) REPRESENTATION_CONTEXT ( 'NONE', 'WORKASPACE' ) );
#4963 = VERTEX_POINT ( 'NONE', #4175 ) ;
#4964 = SURFACE_SIDE_STYLE ('',( #2243 ) ) ;
#4965 = DIRECTION ( 'NONE',  ( -0.000000000000000000, 0.000000000000000000, 1.000000000000000000 ) ) ;
#4966 = SURFACE_STYLE_USAGE ( .BOTH. , #3458 ) ;
#4967 = ORIENTED_EDGE ( 'NONE', *, *, #3967, .F. ) ;
#4968 =( NAMED_UNIT ( * ) PLANE_ANGLE_UNIT ( ) SI_UNIT ( $, .RADIAN. ) );
#4969 =( LENGTH_UNIT ( ) NAMED_UNIT ( * ) SI_UNIT ( .MILLI., .METRE. ) );
#4970 = EDGE_CURVE ( 'NONE', #1102, #1651, #5890, .T. ) ;
#4971 =( NAMED_UNIT ( * ) SI_UNIT ( $, .STERADIAN. ) SOLID_ANGLE_UNIT ( ) );
#4972 = AXIS2_PLACEMENT_3D ( 'NONE', #78, #4256, #105 ) ;
#4973 = CARTESIAN_POINT ( 'NONE',  ( 1.899999999999999689, 1.696039219456287883, 3.749999999999996891 ) ) ;
#4974 = SURFACE_STYLE_USAGE ( .BOTH. , #1695 ) ;
#4975 = DIRECTION ( 'NONE',  ( 1.000000000000000000, 0.000000000000000000, 0.000000000000000000 ) ) ;
#4976 = CARTESIAN_POINT ( 'NONE',  ( 2.280000000000000249, 2.120000000000000107, 3.369999999999996110 ) ) ;
#4977 = CARTESIAN_POINT ( 'NONE',  ( 2.444221262769731062, 1.479301229715656918, 1.656294823601283328 ) ) ;
#4978 = CARTESIAN_POINT ( 'NONE',  ( -2.454337870008525879, -1.908556273796423453, 1.605809732584690952 ) ) ;
#4979 = CARTESIAN_POINT ( 'NONE',  ( 1.808392587802123419, 2.267473959965859098, 1.431279296566628112 ) ) ;
#4980 =( NAMED_UNIT ( * ) PLANE_ANGLE_UNIT ( ) SI_UNIT ( $, .RADIAN. ) );
#4981 = CARTESIAN_POINT ( 'NONE',  ( 2.408353666854237130, 1.611807591223578306, 3.750000036860219321 ) ) ;
#4982 = CARTESIAN_POINT ( 'NONE',  ( 1.433351036997314809, 1.680000000000000160, 2.635432565014464767 ) ) ;
#4983 = EDGE_CURVE ( 'NONE', #5784, #4943, #5239, .T. ) ;
#4984 = DIRECTION ( 'NONE',  ( 1.000000000000000000, 0.000000000000000000, 0.000000000000000000 ) ) ;
#4985 =( LENGTH_UNIT ( ) NAMED_UNIT ( * ) SI_UNIT ( .MILLI., .METRE. ) );
#4986 = SURFACE_STYLE_USAGE ( .BOTH. , #1232 ) ;
#4987 = SURFACE_SIDE_STYLE ('',( #5959 ) ) ;
#4988 = VECTOR ( 'NONE', #4625, 1000.000000000000000 ) ;
#4989 = DIRECTION ( 'NONE',  ( 0.7071067811865439090, 0.000000000000000000, 0.7071067811865511255 ) ) ;
#4990 = AXIS2_PLACEMENT_3D ( 'NONE', #3366, #2410, #1387 ) ;
#4991 = CARTESIAN_POINT ( 'NONE',  ( 1.500000000000000000, 2.120000000000000107, 2.914213562373118016 ) ) ;
#4992 = UNCERTAINTY_MEASURE_WITH_UNIT (LENGTH_MEASURE( 1.000000000000000082E-05 ), #4639, 'distance_accuracy_value', 'NONE');
#4993 = FILL_AREA_STYLE_COLOUR ( '', #4475 ) ;
#4994 = MECHANICAL_DESIGN_GEOMETRIC_PRESENTATION_REPRESENTATION (  '', ( #3743 ), #5303 ) ;
#4995 = AXIS2_PLACEMENT_3D ( 'NONE', #1431, #495, #2332 ) ;
#4996 = DIRECTION ( 'NONE',  ( -1.000000000000000000, 0.000000000000000000, -1.426581805901979142E-16 ) ) ;
#4997 = DIRECTION ( 'NONE',  ( 0.000000000000000000, -0.1728429115710689301, -0.9849494037358648146 ) ) ;
#4998 = ORIENTED_EDGE ( 'NONE', *, *, #3526, .T. ) ;
#4999 = CARTESIAN_POINT ( 'NONE',  ( -2.362670273047592584, -1.990981124534627611, 2.051543289325536534 ) ) ;
#5000 = EDGE_CURVE ( 'NONE', #826, #4943, #3322, .T. ) ;
#5002 = EDGE_CURVE ( 'NONE', #2798, #5732, #254, .T. ) ;
#5001 =( NAMED_UNIT ( * ) PLANE_ANGLE_UNIT ( ) SI_UNIT ( $, .RADIAN. ) );
#5003 = CARTESIAN_POINT ( 'NONE',  ( -1.609120323021627996, -2.015209261777566319, 2.457648460445508221 ) ) ;
#5004 = ORIENTED_EDGE ( 'NONE', *, *, #3478, .T. ) ;
#5005 = ORIENTED_EDGE ( 'NONE', *, *, #3528, .T. ) ;
#5006 = VERTEX_POINT ( 'NONE', #2780 ) ;
#5007 = DIRECTION ( 'NONE',  ( 0.000000000000000000, 1.000000000000000000, -0.000000000000000000 ) ) ;
#5008 = CARTESIAN_POINT ( 'NONE',  ( 1.899999999999953282, 1.713756012521701289, 3.733574561574627637 ) ) ;
#5009 = SURFACE_STYLE_FILL_AREA ( #3666 ) ;
#5010 = DIRECTION ( 'NONE',  ( -0.000000000000000000, -1.000000000000000000, 0.000000000000000000 ) ) ;
#5011 = ORIENTED_EDGE ( 'NONE', *, *, #3833, .F. ) ;
#5012 =( NAMED_UNIT ( * ) SI_UNIT ( $, .STERADIAN. ) SOLID_ANGLE_UNIT ( ) );
#5013 = CARTESIAN_POINT ( 'NONE',  ( 2.383076584963629063, 1.341556056577791756, 1.791220002120073929 ) ) ;
#5014 = ORIENTED_EDGE ( 'NONE', *, *, #1186, .F. ) ;
#5015 = FACE_OUTER_BOUND ( 'NONE', #3985, .T. ) ;
#5016 = EDGE_CURVE ( 'NONE', #5154, #3633, #2157, .T. ) ;
#5017 = CARTESIAN_POINT ( 'NONE',  ( 2.280000000000000249, 1.680000000000000160, 3.369999999999996110 ) ) ;
#5018 = ORIENTED_EDGE ( 'NONE', *, *, #5946, .T. ) ;
#5019 = FACE_OUTER_BOUND ( 'NONE', #2902, .T. ) ;
#5020 = SURFACE_SIDE_STYLE ('',( #4881 ) ) ;
#5021 = AXIS2_PLACEMENT_3D ( 'NONE', #4441, #4909, #4471 ) ;
#5022 = DIRECTION ( 'NONE',  ( 0.000000000000000000, 1.000000000000000000, 0.000000000000000000 ) ) ;
#5023 = DIRECTION ( 'NONE',  ( -1.000000000000000000, 0.000000000000000000, 0.000000000000000000 ) ) ;
#5024 = EDGE_LOOP ( 'NONE', ( #2145, #5036, #3402 ) ) ;
#5025 = CARTESIAN_POINT ( 'NONE',  ( 2.567341833181714605, 2.401297188924324200, 2.190228542001337431 ) ) ;
#5026 = FACE_OUTER_BOUND ( 'NONE', #1919, .T. ) ;
#5027 = CARTESIAN_POINT ( 'NONE',  ( -1.477373759873124914, -1.992729468870499732, 2.325901897297022014 ) ) ;
#5028 = CARTESIAN_POINT ( 'NONE',  ( -3.100000000000000089, -1.988551587741206328, 3.692861864266447025 ) ) ;
#5029 = STYLED_ITEM ( 'NONE', ( #1031 ), #69 ) ;
#5030 = FACE_OUTER_BOUND ( 'NONE', #5232, .T. ) ;
#5031 =( GEOMETRIC_REPRESENTATION_CONTEXT ( 3 ) GLOBAL_UNCERTAINTY_ASSIGNED_CONTEXT ( ( #2699 ) ) GLOBAL_UNIT_ASSIGNED_CONTEXT ( ( #1278, #1675, #2652 ) ) REPRESENTATION_CONTEXT ( 'NONE', 'WORKASPACE' ) );
#5032 = FACE_OUTER_BOUND ( 'NONE', #823, .T. ) ;
#5033 =( LENGTH_UNIT ( ) NAMED_UNIT ( * ) SI_UNIT ( .MILLI., .METRE. ) );
#5034 = UNCERTAINTY_MEASURE_WITH_UNIT (LENGTH_MEASURE( 1.000000000000000082E-05 ), #4026, 'distance_accuracy_value', 'NONE');
#5035 = CARTESIAN_POINT ( 'NONE',  ( -0.9085716202033832234, -2.006160998833763642, 2.636264732486909956 ) ) ;
#5036 = ORIENTED_EDGE ( 'NONE', *, *, #821, .F. ) ;
#5037 = EDGE_CURVE ( 'NONE', #235, #5954, #601, .T. ) ;
#5038 =( LENGTH_UNIT ( ) NAMED_UNIT ( * ) SI_UNIT ( .MILLI., .METRE. ) );
#5039 = CARTESIAN_POINT ( 'NONE',  ( 2.588551587741207083, 1.300000000000000266, 3.692861864266439920 ) ) ;
#5040 =( BOUNDED_SURFACE ( )  B_SPLINE_SURFACE ( 3, 2, ( 
 ( #4324, #1488, #2946 ),
 ( #110, #144, #4801 ),
 ( #3880, #129, #1045 ),
 ( #1508, #3424, #576 ),
 ( #3895, #980, #1002 ),
 ( #1067, #1526, #2012 ),
 ( #3445, #5284, #4261 ),
 ( #4740, #4284, #1947 ),
 ( #5221, #5008, #2625 ),
 ( #4861, #4973, #1082 ) ),
 .UNSPECIFIED., .F., .F., .T. ) 
 B_SPLINE_SURFACE_WITH_KNOTS ( ( 4, 2, 2, 2, 4 ),
 ( 3, 3 ),
 ( 0.0006473904975842594608, 0.0007487887945849650050, 0.0008501870915856705492, 0.0009515853885863760934, 0.001052983685587081638 ),
 ( 0.000000000000000000, 1.000000000000000000 ),
 .UNSPECIFIED. ) 
 GEOMETRIC_REPRESENTATION_ITEM ( )  RATIONAL_B_SPLINE_SURFACE ( (
 ( 1.000000000000000000, 0.7071067811865475727, 1.000000000000000000),
 ( 1.000000000000000000, 0.7226631380906467506, 1.000000000000000000),
 ( 1.000000000000000000, 0.7400659817844410515, 1.000000000000000000),
 ( 1.000000000000000000, 0.7680643551607719832, 1.000000000000000000),
 ( 1.000000000000000000, 0.7779732589884404970, 1.000000000000000000),
 ( 1.000000000000000000, 0.7779999221212947624, 1.000000000000000000),
 ( 1.000000000000000000, 0.7681014171511484356, 1.000000000000000000),
 ( 1.000000000000000000, 0.7400591673475964694, 1.000000000000000000),
 ( 1.000000000000000000, 0.7226381619579828053, 1.000000000000000000),
 ( 1.000000000000000000, 0.7071067811865466846, 1.000000000000000000) ) ) 
 REPRESENTATION_ITEM ( '' )  SURFACE ( )  );
#5041 = ORIENTED_EDGE ( 'NONE', *, *, #5314, .F. ) ;
#5042 =( NAMED_UNIT ( * ) PLANE_ANGLE_UNIT ( ) SI_UNIT ( $, .RADIAN. ) );
#5043 = SURFACE_STYLE_FILL_AREA ( #1113 ) ;
#5044 = FILL_AREA_STYLE ('',( #2170 ) ) ;
#5045 = SURFACE_SIDE_STYLE ('',( #583 ) ) ;
#5046 = CARTESIAN_POINT ( 'NONE',  ( 1.175669569775282808, 1.938780199171829866, 2.024197707199155261 ) ) ;
#5047 = CARTESIAN_POINT ( 'NONE',  ( -2.339169869190916629, -1.643898705754917700, 3.749999963139773129 ) ) ;
#5048 = STYLED_ITEM ( 'NONE', ( #24 ), #947 ) ;
#5049 = CARTESIAN_POINT ( 'NONE',  ( -3.099999999999999201, -1.740704934618815702, 3.716900407159880793 ) ) ;
#5050 = CARTESIAN_POINT ( 'NONE',  ( 2.279999999999999805, 1.696039219456288327, 3.369999999999996110 ) ) ;
#5051 =( LENGTH_UNIT ( ) NAMED_UNIT ( * ) SI_UNIT ( .MILLI., .METRE. ) );
#5052 = CARTESIAN_POINT ( 'NONE',  ( 2.053398016093415990, -2.211537051484312677, 1.114045324449592478 ) ) ;
#5053 = CARTESIAN_POINT ( 'NONE',  ( -2.719999999999999751, -1.299999999999999600, 3.369999999999996110 ) ) ;
#5054 =( NAMED_UNIT ( * ) PLANE_ANGLE_UNIT ( ) SI_UNIT ( $, .RADIAN. ) );
#5055 = CIRCLE ( 'NONE', #1106, 0.2999999999999999334 ) ;
#5056 =( NAMED_UNIT ( * ) SI_UNIT ( $, .STERADIAN. ) SOLID_ANGLE_UNIT ( ) );
#5057 = SURFACE_STYLE_FILL_AREA ( #5724 ) ;
#5058 = DIRECTION ( 'NONE',  ( 0.000000000000000000, -1.734723475976805517E-15, -1.000000000000000000 ) ) ;
#5059 = DIRECTION ( 'NONE',  ( 0.000000000000000000, 1.000000000000000000, -0.000000000000000000 ) ) ;
#5060 = CARTESIAN_POINT ( 'NONE',  ( -2.329953248299710733, -1.299999999999999600, 3.370000104329657020 ) ) ;
#5061 = AXIS2_PLACEMENT_3D ( 'NONE', #5566, #1362, #3759 ) ;
#5062 =( NAMED_UNIT ( * ) SI_UNIT ( $, .STERADIAN. ) SOLID_ANGLE_UNIT ( ) );
#5063 = UNCERTAINTY_MEASURE_WITH_UNIT (LENGTH_MEASURE( 1.000000000000000082E-05 ), #5077, 'distance_accuracy_value', 'NONE');
#5064 = DIRECTION ( 'NONE',  ( -1.000000000000000000, 0.000000000000000000, 5.188895745013400325E-16 ) ) ;
#5065 = DIRECTION ( 'NONE',  ( 0.000000000000000000, -0.000000000000000000, 1.000000000000000000 ) ) ;
#5066 = MECHANICAL_DESIGN_GEOMETRIC_PRESENTATION_REPRESENTATION (  '', ( #355 ), #969 ) ;
#5067 = ORIENTED_EDGE ( 'NONE', *, *, #5822, .T. ) ;
#5068 = CARTESIAN_POINT ( 'NONE',  ( -1.808392587802122975, -2.267473959965859542, 1.431279296566628334 ) ) ;
#5069 = AXIS2_PLACEMENT_3D ( 'NONE', #2741, #1337, #906 ) ;
#5070 = DIRECTION ( 'NONE',  ( 0.000000000000000000, 1.000000000000000000, 0.000000000000000000 ) ) ;
#5071 = ORIENTED_EDGE ( 'NONE', *, *, #4460, .F. ) ;
#5072 = SURFACE_STYLE_FILL_AREA ( #2794 ) ;
#5073 = LINE ( 'NONE', #138, #4935 ) ;
#5074 = CARTESIAN_POINT ( 'NONE',  ( 3.100000000000000089, 2.120000000000000107, 3.369999999999996110 ) ) ;
#5075 = SURFACE_STYLE_FILL_AREA ( #4410 ) ;
#5076 = ORIENTED_EDGE ( 'NONE', *, *, #5095, .F. ) ;
#5077 =( LENGTH_UNIT ( ) NAMED_UNIT ( * ) SI_UNIT ( .MILLI., .METRE. ) );
#5078 = EDGE_CURVE ( 'NONE', #4634, #25, #1492, .T. ) ;
#5079 = EDGE_LOOP ( 'NONE', ( #4486, #453, #3207, #965 ) ) ;
#5080 =( GEOMETRIC_REPRESENTATION_CONTEXT ( 3 ) GLOBAL_UNCERTAINTY_ASSIGNED_CONTEXT ( ( #2016 ) ) GLOBAL_UNIT_ASSIGNED_CONTEXT ( ( #4203, #1856, #4680 ) ) REPRESENTATION_CONTEXT ( 'NONE', 'WORKASPACE' ) );
#5082 = EDGE_CURVE ( 'NONE', #3289, #13, #4141, .T. ) ;
#5081 =( LENGTH_UNIT ( ) NAMED_UNIT ( * ) SI_UNIT ( .MILLI., .METRE. ) );
#5083 = FILL_AREA_STYLE_COLOUR ( '', #4013 ) ;
#5084 = SURFACE_STYLE_FILL_AREA ( #4318 ) ;
#5085 = FILL_AREA_STYLE ('',( #1859 ) ) ;
#5086 = DIRECTION ( 'NONE',  ( 0.000000000000000000, 0.000000000000000000, 1.000000000000000000 ) ) ;
#5087 = EDGE_LOOP ( 'NONE', ( #1482, #3770, #3772, #3399, #1084 ) ) ;
#5088 = DIRECTION ( 'NONE',  ( 0.000000000000000000, 0.000000000000000000, 1.000000000000000000 ) ) ;
#5089 = EDGE_LOOP ( 'NONE', ( #1088, #3068, #5966, #3728 ) ) ;
#5090 = VECTOR ( 'NONE', #4187, 1000.000000000000000 ) ;
#5091 = DIRECTION ( 'NONE',  ( 0.000000000000000000, 0.000000000000000000, 1.000000000000000000 ) ) ;
#5092 =( NAMED_UNIT ( * ) SI_UNIT ( $, .STERADIAN. ) SOLID_ANGLE_UNIT ( ) );
#5093 = VERTEX_POINT ( 'NONE', #4329 ) ;
#5094 = CARTESIAN_POINT ( 'NONE',  ( 1.796708070302905691, 1.050000000000000044, 2.081907805381498999 ) ) ;
#5095 = EDGE_CURVE ( 'NONE', #3846, #1698, #3426, .T. ) ;
#5096 = DIRECTION ( 'NONE',  ( 0.7071067811865512365, 0.000000000000000000, 0.7071067811865436870 ) ) ;
#5097 = SURFACE_STYLE_FILL_AREA ( #1823 ) ;
#5098 = CIRCLE ( 'NONE', #3787, 0.4000000000000001887 ) ;
#5099 =( GEOMETRIC_REPRESENTATION_CONTEXT ( 3 ) GLOBAL_UNCERTAINTY_ASSIGNED_CONTEXT ( ( #4381 ) ) GLOBAL_UNIT_ASSIGNED_CONTEXT ( ( #2184, #3146, #1243 ) ) REPRESENTATION_CONTEXT ( 'NONE', 'WORKASPACE' ) );
#5100 = UNCERTAINTY_MEASURE_WITH_UNIT (LENGTH_MEASURE( 1.000000000000000082E-05 ), #5260, 'distance_accuracy_value', 'NONE');
#5101 =( NAMED_UNIT ( * ) PLANE_ANGLE_UNIT ( ) SI_UNIT ( $, .RADIAN. ) );
#5102 = CARTESIAN_POINT ( 'NONE',  ( 3.100000000000000977, 2.500000000000000000, 2.914213562373117128 ) ) ;
#5103 = CARTESIAN_POINT ( 'NONE',  ( 1.899999999999999467, 2.035984314790868055, 3.369999999999996110 ) ) ;
#5104 = CARTESIAN_POINT ( 'NONE',  ( -2.279999999999999361, -2.500000000000000000, 3.749999999999996447 ) ) ;
#5105 = EDGE_LOOP ( 'NONE', ( #4120, #1841, #2881, #5011 ) ) ;
#5106 = CARTESIAN_POINT ( 'NONE',  ( 1.313905117247538668, 1.972943487486412462, 2.415813184596593555 ) ) ;
#5107 = CARTESIAN_POINT ( 'NONE',  ( -2.499999999999999556, -1.899999999999999689, 37.75000000000000000 ) ) ;
#5108 = CARTESIAN_POINT ( 'NONE',  ( 1.879217073171701502, -2.257502004590159927, 1.374725527338375608 ) ) ;
#5109 = MECHANICAL_DESIGN_GEOMETRIC_PRESENTATION_REPRESENTATION (  '', ( #4578 ), #3316 ) ;
#5110 = STYLED_ITEM ( 'NONE', ( #2662 ), #2400 ) ;
#5111 = ORIENTED_EDGE ( 'NONE', *, *, #5421, .T. ) ;
#5112 = CARTESIAN_POINT ( 'NONE',  ( 1.313905117247538445, 1.680000000000000160, 2.415813184596593111 ) ) ;
#5113 = CARTESIAN_POINT ( 'NONE',  ( -2.051543289325510333, -2.420068152335911549, 2.296683965534185745 ) ) ;
#5114 = CARTESIAN_POINT ( 'NONE',  ( -2.320905806769419044, -2.141048678210117462, 1.544799031385512222 ) ) ;
#5115 = UNCERTAINTY_MEASURE_WITH_UNIT (LENGTH_MEASURE( 1.000000000000000082E-05 ), #1472, 'distance_accuracy_value', 'NONE');
#5116 =( NAMED_UNIT ( * ) PLANE_ANGLE_UNIT ( ) SI_UNIT ( $, .RADIAN. ) );
#5117 = MECHANICAL_DESIGN_GEOMETRIC_PRESENTATION_REPRESENTATION (  '', ( #580 ), #1885 ) ;
#5118 = EDGE_CURVE ( 'NONE', #4707, #5300, #2092, .T. ) ;
#5119 = PRESENTATION_LAYER_ASSIGNMENT (  '', '', ( #5548 ) ) ;
#5120 = ADVANCED_FACE ( 'NONE', ( #2830 ), #5806, .F. ) ;
#5121 = CARTESIAN_POINT ( 'NONE',  ( -0.5520007124314313396, -2.417221664167203521, 2.280540728933231343 ) ) ;
#5122 =( NAMED_UNIT ( * ) PLANE_ANGLE_UNIT ( ) SI_UNIT ( $, .RADIAN. ) );
#5123 = CARTESIAN_POINT ( 'NONE',  ( -2.313783658502204688, -1.299999999999995826, 3.733548926643212251 ) ) ;
#5124 = CARTESIAN_POINT ( 'NONE',  ( 2.442490654175344389E-15, -2.023298562962320801, 2.750000000000000888 ) ) ;
#5125 =( LENGTH_UNIT ( ) NAMED_UNIT ( * ) SI_UNIT ( .MILLI., .METRE. ) );
#5126 = SURFACE_STYLE_USAGE ( .BOTH. , #3727 ) ;
#5127 = COLOUR_RGB ( '',1.000000000000000000, 1.000000000000000000, 1.000000000000000000 ) ;
#5128 = SURFACE_STYLE_USAGE ( .BOTH. , #4157 ) ;
#5129 = SURFACE_STYLE_USAGE ( .BOTH. , #843 ) ;
#5130 = AXIS2_PLACEMENT_3D ( 'NONE', #2906, #4776, #5695 ) ;
#5131 = DIRECTION ( 'NONE',  ( 0.000000000000000000, 0.000000000000000000, -1.000000000000000000 ) ) ;
#5132 = LINE ( 'NONE', #4869, #1827 ) ;
#5133 = CARTESIAN_POINT ( 'NONE',  ( 1.899999999999999911, 1.696039219456288327, 3.369999999999996110 ) ) ;
#5134 = CIRCLE ( 'NONE', #3518, 0.3800000000000001155 ) ;
#5135 =( LENGTH_UNIT ( ) NAMED_UNIT ( * ) SI_UNIT ( .MILLI., .METRE. ) );
#5136 = CIRCLE ( 'NONE', #807, 2.750000000000000444 ) ;
#5137 = AXIS2_PLACEMENT_3D ( 'NONE', #2186, #4996, #5460 ) ;
#5138 = DIRECTION ( 'NONE',  ( -0.000000000000000000, 1.000000000000000000, 0.000000000000000000 ) ) ;
#5139 = EDGE_LOOP ( 'NONE', ( #414, #3622, #459, #5619 ) ) ;
#5140 = SURFACE_SIDE_STYLE ('',( #1987 ) ) ;
#5141 = CARTESIAN_POINT ( 'NONE',  ( 1.899999999999999911, 1.696039219456288327, 3.369999999999996110 ) ) ;
#5142 = PRESENTATION_STYLE_ASSIGNMENT (( #4605 ) ) ;
#5143 =( GEOMETRIC_REPRESENTATION_CONTEXT ( 3 ) GLOBAL_UNCERTAINTY_ASSIGNED_CONTEXT ( ( #4584 ) ) GLOBAL_UNIT_ASSIGNED_CONTEXT ( ( #2043, #2987, #5341 ) ) REPRESENTATION_CONTEXT ( 'NONE', 'WORKASPACE' ) );
#5144 = EDGE_LOOP ( 'NONE', ( #5071, #4360, #2125, #1047 ) ) ;
#5145 = ADVANCED_FACE ( 'NONE', ( #27 ), #1758, .F. ) ;
#5146 = EDGE_LOOP ( 'NONE', ( #5963, #2661, #796, #4636, #2305, #4628, #2654, #3043 ) ) ;
#5147 = ORIENTED_EDGE ( 'NONE', *, *, #779, .T. ) ;
#5148 = AXIS2_PLACEMENT_3D ( 'NONE', #1059, #5273, #3563 ) ;
#5149 = PRESENTATION_STYLE_ASSIGNMENT (( #2667 ) ) ;
#5150 = PRESENTATION_LAYER_ASSIGNMENT (  '', '', ( #4837 ) ) ;
#5151 = CARTESIAN_POINT ( 'NONE',  ( -1.899999999999992140, -2.086216341497789450, 3.733548926643213584 ) ) ;
#5152 = EDGE_LOOP ( 'NONE', ( #2287, #3572, #3269 ) ) ;
#5153 = VERTEX_POINT ( 'NONE', #1221 ) ;
#5154 = VERTEX_POINT ( 'NONE', #5394 ) ;
#5155 = CIRCLE ( 'NONE', #5339, 0.3800000000000001155 ) ;
#5156 = CARTESIAN_POINT ( 'NONE',  ( -1.499999999999999556, -2.500000000000000000, 2.914213562373118904 ) ) ;
#5157 = EDGE_CURVE ( 'NONE', #5495, #4214, #5561, .T. ) ;
#5158 = ORIENTED_EDGE ( 'NONE', *, *, #2126, .T. ) ;
#5159 = PRESENTATION_LAYER_ASSIGNMENT (  '', '', ( #3175 ) ) ;
#5160 = CARTESIAN_POINT ( 'NONE',  ( 2.719999999999999751, 2.120000000000000107, 3.749999999999996447 ) ) ;
#5161 = ORIENTED_EDGE ( 'NONE', *, *, #2050, .T. ) ;
#5162 = CARTESIAN_POINT ( 'NONE',  ( 1.610127732293952674, 1.987040080547285203, 2.458655869717829567 ) ) ;
#5163 = CARTESIAN_POINT ( 'NONE',  ( 2.262716042987698462, 2.071521003509899206, 1.441755055225401483 ) ) ;
#5164 =( NAMED_UNIT ( * ) SI_UNIT ( $, .STERADIAN. ) SOLID_ANGLE_UNIT ( ) );
#5165 = CARTESIAN_POINT ( 'NONE',  ( 0.7055637278663954293, -1.542352093870846375, -2.681091159625427434 ) ) ;
#5166 = ORIENTED_EDGE ( 'NONE', *, *, #4479, .F. ) ;
#5167 =( NAMED_UNIT ( * ) SI_UNIT ( $, .STERADIAN. ) SOLID_ANGLE_UNIT ( ) );
#5168 = LINE ( 'NONE', #3358, #186 ) ;
#5169 = ADVANCED_FACE ( 'NONE', ( #1960 ), #2613, .F. ) ;
#5170 = ORIENTED_EDGE ( 'NONE', *, *, #4371, .F. ) ;
#5171 = AXIS2_PLACEMENT_3D ( 'NONE', #6063, #930, #1853 ) ;
#5172 = CIRCLE ( 'NONE', #317, 0.2999999999999999334 ) ;
#5173 = UNCERTAINTY_MEASURE_WITH_UNIT (LENGTH_MEASURE( 1.000000000000000082E-05 ), #2655, 'distance_accuracy_value', 'NONE');
#5174 = ORIENTED_EDGE ( 'NONE', *, *, #185, .T. ) ;
#5175 = DIRECTION ( 'NONE',  ( 0.7570573837750912416, 2.446664005034937733E-15, 0.6533483892010559790 ) ) ;
#5176 = CARTESIAN_POINT ( 'NONE',  ( -2.662397860921281723, 1.877691534547231589, -0.7792866863167049463 ) ) ;
#5177 = ADVANCED_FACE ( 'NONE', ( #3460 ), #2964, .T. ) ;
#5178 = PRESENTATION_LAYER_ASSIGNMENT (  '', '', ( #350 ) ) ;
#5179 = CARTESIAN_POINT ( 'NONE',  ( 1.765617576024118396, 2.259931571289275354, 1.388504284788622645 ) ) ;
#5180 = DIRECTION ( 'NONE',  ( 1.000000000000000000, 0.000000000000000000, 0.000000000000000000 ) ) ;
#5181 = DIRECTION ( 'NONE',  ( -0.000000000000000000, -1.000000000000000000, -0.000000000000000000 ) ) ;
#5182 = DIRECTION ( 'NONE',  ( 0.000000000000000000, 0.000000000000000000, 1.000000000000000000 ) ) ;
#5183 = DIRECTION ( 'NONE',  ( -1.000000000000000000, 0.000000000000000000, 0.000000000000000000 ) ) ;
#5184 = FILL_AREA_STYLE ('',( #3905 ) ) ;
#5185 = CARTESIAN_POINT ( 'NONE',  ( -2.081907805381480348, -1.049999999999999822, 1.796708070302927673 ) ) ;
#5186 = CARTESIAN_POINT ( 'NONE',  ( 1.610127732293952230, 1.680000000000000160, 2.458655869717829123 ) ) ;
#5187 = AXIS2_PLACEMENT_3D ( 'NONE', #3675, #5070, #6070 ) ;
#5188 = DIRECTION ( 'NONE',  ( 1.000000000000000000, 0.000000000000000000, -0.000000000000000000 ) ) ;
#5189 = EDGE_CURVE ( 'NONE', #5732, #1802, #2062, .T. ) ;
#5190 =( GEOMETRIC_REPRESENTATION_CONTEXT ( 3 ) GLOBAL_UNCERTAINTY_ASSIGNED_CONTEXT ( ( #5100 ) ) GLOBAL_UNIT_ASSIGNED_CONTEXT ( ( #5260, #2461, #2479 ) ) REPRESENTATION_CONTEXT ( 'NONE', 'WORKASPACE' ) );
#5191 = PLANE ( 'NONE',  #5374 ) ;
#5192 = FACE_OUTER_BOUND ( 'NONE', #5079, .T. ) ;
#5193 = CARTESIAN_POINT ( 'NONE',  ( 2.051543289325510777, 1.300000000000000044, 2.362670273047613456 ) ) ;
#5194 = DIRECTION ( 'NONE',  ( 0.000000000000000000, 0.000000000000000000, 1.000000000000000000 ) ) ;
#5195 =( LENGTH_UNIT ( ) NAMED_UNIT ( * ) SI_UNIT ( .MILLI., .METRE. ) );
#5196 = FILL_AREA_STYLE_COLOUR ( '', #1474 ) ;
#5197 = CARTESIAN_POINT ( 'NONE',  ( -1.478024368592270044, -1.679999999999999272, 2.326552506016148492 ) ) ;
#5198 = CARTESIAN_POINT ( 'NONE',  ( 1.690003487495323586, -1.277573485689278643, -2.199083809030688119 ) ) ;
#5199 = PRESENTATION_STYLE_ASSIGNMENT (( #5707 ) ) ;
#5200 = CARTESIAN_POINT ( 'NONE',  ( 1.313905117247538223, 1.972943487486412462, 2.415813184596593555 ) ) ;
#5201 = PRESENTATION_LAYER_ASSIGNMENT (  '', '', ( #1314 ) ) ;
#5202 = ADVANCED_FACE ( 'NONE', ( #4484 ), #3198, .T. ) ;
#5203 = VECTOR ( 'NONE', #373, 1000.000000000000000 ) ;
#5204 = ORIENTED_EDGE ( 'NONE', *, *, #3227, .F. ) ;
#5205 = MECHANICAL_DESIGN_GEOMETRIC_PRESENTATION_REPRESENTATION (  '', ( #3656 ), #5524 ) ;
#5206 = DIRECTION ( 'NONE',  ( 0.7071067811865523467, 0.000000000000000000, 0.7071067811865426878 ) ) ;
#5207 = SURFACE_STYLE_FILL_AREA ( #4926 ) ;
#5208 =( GEOMETRIC_REPRESENTATION_CONTEXT ( 3 ) GLOBAL_UNCERTAINTY_ASSIGNED_CONTEXT ( ( #4394 ) ) GLOBAL_UNIT_ASSIGNED_CONTEXT ( ( #5051, #2482, #2395 ) ) REPRESENTATION_CONTEXT ( 'NONE', 'WORKASPACE' ) );
#5209 = FILL_AREA_STYLE ('',( #3862 ) ) ;
#5210 = CARTESIAN_POINT ( 'NONE',  ( -1.899999999999999245, -2.103960780543710829, 3.369999999999996110 ) ) ;
#5211 = ORIENTED_EDGE ( 'NONE', *, *, #4807, .F. ) ;
#5212 = FILL_AREA_STYLE_COLOUR ( '', #4232 ) ;
#5213 = PRESENTATION_STYLE_ASSIGNMENT (( #997 ) ) ;
#5214 = CARTESIAN_POINT ( 'NONE',  ( -2.415813184596579344, -1.806908619139222294, 1.313905117247563314 ) ) ;
#5215 = CARTESIAN_POINT ( 'NONE',  ( -2.271172151325250965, -1.299999999999999600, 1.960045167603193583 ) ) ;
#5216 = DIRECTION ( 'NONE',  ( 0.000000000000000000, -1.734723475976805517E-15, -1.000000000000000000 ) ) ;
#5217 =( NAMED_UNIT ( * ) SI_UNIT ( $, .STERADIAN. ) SOLID_ANGLE_UNIT ( ) );
#5218 = ORIENTED_EDGE ( 'NONE', *, *, #555, .F. ) ;
#5219 = FILL_AREA_STYLE ('',( #4735 ) ) ;
#5220 = EDGE_CURVE ( 'NONE', #5732, #5153, #2876, .T. ) ;
#5221 = CARTESIAN_POINT ( 'NONE',  ( 1.899999999999999689, 1.729905229889013851, 3.370000105193535767 ) ) ;
#5222 = EDGE_LOOP ( 'NONE', ( #2611, #3413, #2514, #238 ) ) ;
#5223 = ORIENTED_EDGE ( 'NONE', *, *, #2927, .F. ) ;
#5224 = B_SPLINE_CURVE_WITH_KNOTS ( 'NONE', 3,
 ( #1985, #4754, #3851, #541, #4823, #5765 ),
 .UNSPECIFIED., .F., .F.,
 ( 4, 2, 4 ),
 ( 0.000000000000000000, 0.0002940193873726551304, 0.0005880387747453102608 ),
 .UNSPECIFIED. ) ;
#5225 = EDGE_CURVE ( 'NONE', #5326, #2976, #542, .T. ) ;
#5226 = PRESENTATION_LAYER_ASSIGNMENT (  '', '', ( #4402 ) ) ;
#5227 = FILL_AREA_STYLE ('',( #4758 ) ) ;
#5228 = AXIS2_PLACEMENT_3D ( 'NONE', #2037, #3471, #561 ) ;
#5229 = CYLINDRICAL_SURFACE ( 'NONE', #3564, 0.3800000000000001155 ) ;
#5230 = CYLINDRICAL_SURFACE ( 'NONE', #5061, 0.3999999999999997446 ) ;
#5231 = CARTESIAN_POINT ( 'NONE',  ( -2.635984314790867700, -2.500000000000000000, 3.369999999999996998 ) ) ;
#5232 = EDGE_LOOP ( 'NONE', ( #5218, #1621, #3218, #3853 ) ) ;
#5233 = LINE ( 'NONE', #764, #2152 ) ;
#5234 = CARTESIAN_POINT ( 'NONE',  ( 1.312243118066500402, 1.999052971881625451, 2.415759104704106708 ) ) ;
#5235 = CARTESIAN_POINT ( 'NONE',  ( 0.000000000000000000, 0.000000000000000000, 3.749999999999996447 ) ) ;
#5236 = PRESENTATION_LAYER_ASSIGNMENT (  '', '', ( #2685 ) ) ;
#5237 = DIRECTION ( 'NONE',  ( 0.000000000000000000, -1.595945597898662527E-13, -1.000000000000000000 ) ) ;
#5238 = SURFACE_SIDE_STYLE ('',( #5632 ) ) ;
#5239 = LINE ( 'NONE', #3244, #2988 ) ;
#5240 = CARTESIAN_POINT ( 'NONE',  ( 2.393007299479471328, 1.963666907034497200, 1.301914167461368121 ) ) ;
#5241 = CARTESIAN_POINT ( 'NONE',  ( 0.000000000000000000, 2.120000000000000107, 3.749999999999996447 ) ) ;
#5242 = CARTESIAN_POINT ( 'NONE',  ( 1.433351036997315253, 1.972943487486412462, 2.635432565014465212 ) ) ;
#5243 = ORIENTED_EDGE ( 'NONE', *, *, #3251, .T. ) ;
#5244 = FILL_AREA_STYLE ('',( #556 ) ) ;
#5245 = AXIS2_PLACEMENT_3D ( 'NONE', #319, #4069, #4091 ) ;
#5246 = UNCERTAINTY_MEASURE_WITH_UNIT (LENGTH_MEASURE( 1.000000000000000082E-05 ), #5434, 'distance_accuracy_value', 'NONE');
#5247 = VERTEX_POINT ( 'NONE', #5507 ) ;
#5248 = AXIS2_PLACEMENT_3D ( 'NONE', #5465, #4501, #3612 ) ;
#5249 =( LENGTH_UNIT ( ) NAMED_UNIT ( * ) SI_UNIT ( .MILLI., .METRE. ) );
#5250 = CARTESIAN_POINT ( 'NONE',  ( -2.388882684985897065, -1.981555027345031528, -0.1902475478904439021 ) ) ;
#5251 = AXIS2_PLACEMENT_3D ( 'NONE', #4085, #4061, #1224 ) ;
#5252 = CARTESIAN_POINT ( 'NONE',  ( 2.500000000000000000, 1.900000000000000133, 37.75000000000000000 ) ) ;
#5253 = CARTESIAN_POINT ( 'NONE',  ( 2.659295065381189538, 2.499999999999999556, 3.716900407159888342 ) ) ;
#5254 = ADVANCED_FACE ( 'NONE', ( #2651 ), #2357, .T. ) ;
#5255 = CARTESIAN_POINT ( 'NONE',  ( 2.388273342388550269, 1.361315090246579373, 1.367467259220603637 ) ) ;
#5256 = CARTESIAN_POINT ( 'NONE',  ( -1.960045167603168936, -1.299999999999999600, 2.271172151325272726 ) ) ;
#5257 = CARTESIAN_POINT ( 'NONE',  ( -2.716008807648081724, -2.499933720857093089, 2.749624112301811252 ) ) ;
#5258 = CARTESIAN_POINT ( 'NONE',  ( -1.548008244385534082, -1.125797769662686409, 2.275406811335015878 ) ) ;
#5259 = PRESENTATION_LAYER_ASSIGNMENT (  '', '', ( #3710 ) ) ;
#5260 =( LENGTH_UNIT ( ) NAMED_UNIT ( * ) SI_UNIT ( .MILLI., .METRE. ) );
#5261 = ADVANCED_FACE ( 'NONE', ( #4854 ), #2413, .T. ) ;
#5262 = COLOUR_RGB ( '',1.000000000000000000, 1.000000000000000000, 1.000000000000000000 ) ;
#5263 = SURFACE_STYLE_USAGE ( .BOTH. , #1453 ) ;
#5264 = COLOUR_RGB ( '',1.000000000000000000, 1.000000000000000000, 1.000000000000000000 ) ;
#5265 = B_SPLINE_CURVE_WITH_KNOTS ( 'NONE', 3,
 ( #1376, #2766, #3291, #3751 ),
 .UNSPECIFIED., .F., .F.,
 ( 4, 4 ),
 ( 0.000000000000000000, 0.0001524385001589311916 ),
 .UNSPECIFIED. ) ;
#5266 = FILL_AREA_STYLE ('',( #2419 ) ) ;
#5267 =( GEOMETRIC_REPRESENTATION_CONTEXT ( 3 ) GLOBAL_UNCERTAINTY_ASSIGNED_CONTEXT ( ( #2653 ) ) GLOBAL_UNIT_ASSIGNED_CONTEXT ( ( #188, #708, #4028 ) ) REPRESENTATION_CONTEXT ( 'NONE', 'WORKASPACE' ) );
#5268 = LINE ( 'NONE', #2497, #2790 ) ;
#5269 = FILL_AREA_STYLE ('',( #589 ) ) ;
#5270 =( LENGTH_UNIT ( ) NAMED_UNIT ( * ) SI_UNIT ( .MILLI., .METRE. ) );
#5271 = SURFACE_STYLE_FILL_AREA ( #3496 ) ;
#5272 = CARTESIAN_POINT ( 'NONE',  ( -3.100000000000000089, -1.679999999999999716, 3.369999999999996110 ) ) ;
#5273 = DIRECTION ( 'NONE',  ( 0.000000000000000000, 1.000000000000000000, 0.000000000000000000 ) ) ;
#5274 = ORIENTED_EDGE ( 'NONE', *, *, #1691, .F. ) ;
#5275 =( NAMED_UNIT ( * ) SI_UNIT ( $, .STERADIAN. ) SOLID_ANGLE_UNIT ( ) );
#5276 = UNCERTAINTY_MEASURE_WITH_UNIT (LENGTH_MEASURE( 1.000000000000000082E-05 ), #5081, 'distance_accuracy_value', 'NONE');
#5277 = CARTESIAN_POINT ( 'NONE',  ( 1.760505998826553453, 1.927256922508034043, 2.112609435767937249 ) ) ;
#5278 = FILL_AREA_STYLE ('',( #2941 ) ) ;
#5279 =( NAMED_UNIT ( * ) PLANE_ANGLE_UNIT ( ) SI_UNIT ( $, .RADIAN. ) );
#5280 = FACE_OUTER_BOUND ( 'NONE', #3346, .T. ) ;
#5281 = DIRECTION ( 'NONE',  ( -0.000000000000000000, -0.000000000000000000, 1.000000000000000000 ) ) ;
#5282 = EDGE_CURVE ( 'NONE', #3562, #2376, #5224, .T. ) ;
#5283 = LINE ( 'NONE', #4948, #2878 ) ;
#5284 = CARTESIAN_POINT ( 'NONE',  ( 1.899999999999999689, 1.811448412258779284, 3.692861864266439476 ) ) ;
#5285 = EDGE_LOOP ( 'NONE', ( #3072, #3613, #5158, #4619, #633 ) ) ;
#5286 = ADVANCED_FACE ( 'NONE', ( #4060 ), #5040, .T. ) ;
#5287 = LINE ( 'NONE', #4820, #3769 ) ;
#5288 = SURFACE_STYLE_FILL_AREA ( #2439 ) ;
#5289 = ORIENTED_EDGE ( 'NONE', *, *, #4566, .T. ) ;
#5290 = AXIS2_PLACEMENT_3D ( 'NONE', #4290, #582, #2998 ) ;
#5291 = VERTEX_POINT ( 'NONE', #1570 ) ;
#5292 = CARTESIAN_POINT ( 'NONE',  ( 1.433351036997314809, 1.680000000000000160, 2.635432565014464767 ) ) ;
#5293 = ORIENTED_EDGE ( 'NONE', *, *, #4399, .F. ) ;
#5294 = DIRECTION ( 'NONE',  ( 0.000000000000000000, 0.000000000000000000, -1.000000000000000000 ) ) ;
#5295 = VECTOR ( 'NONE', #2431, 1000.000000000000000 ) ;
#5296 = STYLED_ITEM ( 'NONE', ( #3907 ), #5631 ) ;
#5297 = ADVANCED_FACE ( 'NONE', ( #3470 ), #4657, .F. ) ;
#5298 = UNCERTAINTY_MEASURE_WITH_UNIT (LENGTH_MEASURE( 1.000000000000000082E-05 ), #1218, 'distance_accuracy_value', 'NONE');
#5299 = DIRECTION ( 'NONE',  ( 0.000000000000000000, 0.000000000000000000, 1.000000000000000000 ) ) ;
#5300 = VERTEX_POINT ( 'NONE', #5896 ) ;
#5301 = CARTESIAN_POINT ( 'NONE',  ( -2.708897806240349482, -2.500000000000000000, 2.750000000000000444 ) ) ;
#5302 = VERTEX_POINT ( 'NONE', #3113 ) ;
#5303 =( GEOMETRIC_REPRESENTATION_CONTEXT ( 3 ) GLOBAL_UNCERTAINTY_ASSIGNED_CONTEXT ( ( #4229 ) ) GLOBAL_UNIT_ASSIGNED_CONTEXT ( ( #5887, #156, #1500 ) ) REPRESENTATION_CONTEXT ( 'NONE', 'WORKASPACE' ) );
#5304 = PLANE ( 'NONE',  #4317 ) ;
#5305 = PRESENTATION_LAYER_ASSIGNMENT (  '', '', ( #5110 ) ) ;
#5306 = EDGE_CURVE ( 'NONE', #4214, #310, #1099, .T. ) ;
#5307 = DIRECTION ( 'NONE',  ( 1.000000000000000000, 0.000000000000000000, -0.000000000000000000 ) ) ;
#5308 = CARTESIAN_POINT ( 'NONE',  ( 2.405199522796683809, 1.900863014915504356, 1.310616467326895407 ) ) ;
#5309 =( NAMED_UNIT ( * ) SI_UNIT ( $, .STERADIAN. ) SOLID_ANGLE_UNIT ( ) );
#5310 = VERTEX_POINT ( 'NONE', #5406 ) ;
#5311 = FACE_OUTER_BOUND ( 'NONE', #1040, .T. ) ;
#5312 = CARTESIAN_POINT ( 'NONE',  ( 2.326552506016129840, 1.806908619139151240, 1.478024368592292026 ) ) ;
#5313 = B_SPLINE_CURVE_WITH_KNOTS ( 'NONE', 3,
 ( #3891, #184, #4397, #3026 ),
 .UNSPECIFIED., .F., .F.,
 ( 4, 4 ),
 ( 1.734723475976806902E-18, 7.121237638726182576E-06 ),
 .UNSPECIFIED. ) ;
#5314 = EDGE_CURVE ( 'NONE', #3839, #712, #1489, .T. ) ;
#5315 = CYLINDRICAL_SURFACE ( 'NONE', #693, 0.3800000000000001155 ) ;
#5316 = SURFACE_STYLE_USAGE ( .BOTH. , #1586 ) ;
#5317 = STYLED_ITEM ( 'NONE', ( #3674 ), #3942 ) ;
#5318 = EDGE_CURVE ( 'NONE', #2583, #4005, #444, .T. ) ;
#5319 = CIRCLE ( 'NONE', #5874, 0.2999999999999999334 ) ;
#5320 = COLOUR_RGB ( '',1.000000000000000000, 1.000000000000000000, 1.000000000000000000 ) ;
#5321 = ORIENTED_EDGE ( 'NONE', *, *, #5979, .F. ) ;
#5322 =( NAMED_UNIT ( * ) SI_UNIT ( $, .STERADIAN. ) SOLID_ANGLE_UNIT ( ) );
#5323 = CARTESIAN_POINT ( 'NONE',  ( 2.892019319099825569, 2.026025134705050856, 2.043491181675991974 ) ) ;
#5324 = CARTESIAN_POINT ( 'NONE',  ( 0.000000000000000000, 0.000000000000000000, 3.749999999999996447 ) ) ;
#5325 = PRESENTATION_STYLE_ASSIGNMENT (( #5483 ) ) ;
#5326 = VERTEX_POINT ( 'NONE', #2469 ) ;
#5327 = EDGE_CURVE ( 'NONE', #235, #4274, #2501, .T. ) ;
#5328 = PLANE ( 'NONE',  #1884 ) ;
#5329 = FILL_AREA_STYLE_COLOUR ( '', #5675 ) ;
#5330 =( LENGTH_UNIT ( ) NAMED_UNIT ( * ) SI_UNIT ( .MILLI., .METRE. ) );
#5331 = FILL_AREA_STYLE_COLOUR ( '', #2762 ) ;
#5332 =( BOUNDED_SURFACE ( )  B_SPLINE_SURFACE ( 3, 2, ( 
 ( #54, #3822, #535 ),
 ( #4768, #3844, #3390 ),
 ( #996, #549, #1939 ),
 ( #2406, #5163, #38 ),
 ( #3806, #75, #1011 ),
 ( #951, #494, #970 ),
 ( #1484, #1444, #1914 ),
 ( #4220, #4685, #1878 ) ),
 .UNSPECIFIED., .F., .F., .T. ) 
 B_SPLINE_SURFACE_WITH_KNOTS ( ( 4, 2, 2, 4 ),
 ( 3, 3 ),
 ( 0.000000000000000000, 0.0002659882764720297200, 0.0005319765529440594401, 0.001063953105888118880 ),
 ( 0.000000000000000000, 1.000000000000000000 ),
 .UNSPECIFIED. ) 
 GEOMETRIC_REPRESENTATION_ITEM ( )  RATIONAL_B_SPLINE_SURFACE ( (
 ( 1.000000000000000000, 0.8074811439351488040, 1.000000000000000000),
 ( 1.000000000000000000, 0.8148176386790739745, 1.000000000000000000),
 ( 1.000000000000000000, 0.8337516071381402272, 1.000000000000000000),
 ( 1.000000000000000000, 0.8780683479432559446, 1.000000000000000000),
 ( 1.000000000000000000, 0.9034043210831377291, 1.000000000000000000),
 ( 1.000000000000000000, 0.9696273276692974896, 1.000000000000000000),
 ( 1.000000000000000000, 1.000632217276824054, 1.000000000000000000),
 ( 1.000000000000000000, 1.000000000000000000, 1.000000000000000000) ) ) 
 REPRESENTATION_ITEM ( '' )  SURFACE ( )  );
#5333 = ADVANCED_FACE ( 'NONE', ( #4928 ), #3141, .T. ) ;
#5334 =( GEOMETRIC_REPRESENTATION_CONTEXT ( 3 ) GLOBAL_UNCERTAINTY_ASSIGNED_CONTEXT ( ( #479 ) ) GLOBAL_UNIT_ASSIGNED_CONTEXT ( ( #5491, #5054, #4041 ) ) REPRESENTATION_CONTEXT ( 'NONE', 'WORKASPACE' ) );
#5335 = AXIS2_PLACEMENT_3D ( 'NONE', #5878, #1204, #1633 ) ;
#5336 =( NAMED_UNIT ( * ) PLANE_ANGLE_UNIT ( ) SI_UNIT ( $, .RADIAN. ) );
#5337 = CARTESIAN_POINT ( 'NONE',  ( 3.367778697655221012E-16, -1.194561753632567225, -2.750000000000000888 ) ) ;
#5338 = DIRECTION ( 'NONE',  ( 0.7071067811865435759, 0.000000000000000000, -0.7071067811865515695 ) ) ;
#5339 = AXIS2_PLACEMENT_3D ( 'NONE', #314, #4554, #4534 ) ;
#5340 = FACE_OUTER_BOUND ( 'NONE', #1704, .T. ) ;
#5341 =( NAMED_UNIT ( * ) SI_UNIT ( $, .STERADIAN. ) SOLID_ANGLE_UNIT ( ) );
#5342 = AXIS2_PLACEMENT_3D ( 'NONE', #1584, #4789, #1973 ) ;
#5343 = EDGE_CURVE ( 'NONE', #183, #5672, #2131, .T. ) ;
#5344 =( LENGTH_UNIT ( ) NAMED_UNIT ( * ) SI_UNIT ( .MILLI., .METRE. ) );
#5345 =( NAMED_UNIT ( * ) SI_UNIT ( $, .STERADIAN. ) SOLID_ANGLE_UNIT ( ) );
#5346 = AXIS2_PLACEMENT_3D ( 'NONE', #1795, #4149, #865 ) ;
#5347 = ORIENTED_EDGE ( 'NONE', *, *, #2166, .F. ) ;
#5348 = B_SPLINE_CURVE_WITH_KNOTS ( 'NONE', 3,
 ( #1383, #415, #2816, #888, #4607, #3739, #866, #1798 ),
 .UNSPECIFIED., .F., .F.,
 ( 4, 2, 2, 4 ),
 ( 0.000000000000000000, 0.0002169962354347352998, 0.0004339924708694705997, 0.0008679849417389406572 ),
 .UNSPECIFIED. ) ;
#5349 = CARTESIAN_POINT ( 'NONE',  ( -2.411448412258792917, -2.499999999999999556, 3.692861864266440364 ) ) ;
#5350 = PRESENTATION_LAYER_ASSIGNMENT (  '', '', ( #5048 ) ) ;
#5351 = CARTESIAN_POINT ( 'NONE',  ( -1.782842712474621116, -1.679999999999999716, 2.631370849898502229 ) ) ;
#5352 = PRESENTATION_LAYER_ASSIGNMENT (  '', '', ( #2850 ) ) ;
#5353 = CARTESIAN_POINT ( 'NONE',  ( -2.174969499638363057, -2.441831523340663779, 2.420110175847039358 ) ) ;
#5354 = CYLINDRICAL_SURFACE ( 'NONE', #5811, 0.3800000000000001155 ) ;
#5355 = LINE ( 'NONE', #2237, #5203 ) ;
#5356 = FILL_AREA_STYLE_COLOUR ( '', #4767 ) ;
#5357 = ADVANCED_FACE ( 'NONE', ( #2421 ), #5913, .T. ) ;
#5358 = CARTESIAN_POINT ( 'NONE',  ( 2.432027560276457390, 2.500000000000000000, 3.376567342993408882 ) ) ;
#5359 = ORIENTED_EDGE ( 'NONE', *, *, #573, .T. ) ;
#5360 = UNCERTAINTY_MEASURE_WITH_UNIT (LENGTH_MEASURE( 1.000000000000000082E-05 ), #1219, 'distance_accuracy_value', 'NONE');
#5361 = CARTESIAN_POINT ( 'NONE',  ( 0.4462779166065390379, 1.588484854838999594, -2.419459271057981198 ) ) ;
#5362 = FILL_AREA_STYLE ('',( #1034 ) ) ;
#5363 = SURFACE_STYLE_FILL_AREA ( #736 ) ;
#5364 = SURFACE_STYLE_FILL_AREA ( #2708 ) ;
#5365 = LINE ( 'NONE', #2610, #956 ) ;
#5366 = SURFACE_SIDE_STYLE ('',( #4736 ) ) ;
#5367 = AXIS2_PLACEMENT_3D ( 'NONE', #1771, #2701, #2660 ) ;
#5368 = ORIENTED_EDGE ( 'NONE', *, *, #1104, .T. ) ;
#5369 = DIRECTION ( 'NONE',  ( -1.000000000000000000, 0.000000000000000000, 0.000000000000000000 ) ) ;
#5370 = ORIENTED_EDGE ( 'NONE', *, *, #5946, .F. ) ;
#5371 = ORIENTED_EDGE ( 'NONE', *, *, #791, .F. ) ;
#5372 = CARTESIAN_POINT ( 'NONE',  ( 3.100000000000000089, 2.103960780543713049, 3.369999999999996110 ) ) ;
#5373 = CARTESIAN_POINT ( 'NONE',  ( -2.296039219456286862, -2.500000000000000000, 3.369999999999996110 ) ) ;
#5374 = AXIS2_PLACEMENT_3D ( 'NONE', #4295, #4744, #510 ) ;
#5375 =( BOUNDED_SURFACE ( )  B_SPLINE_SURFACE ( 3, 2, ( 
 ( #1241, #5996, #402 ),
 ( #2241, #4552, #2221 ),
 ( #3688, #1761, #4118 ),
 ( #1738, #4596, #2649 ),
 ( #2695, #3144, #5918 ),
 ( #2261, #816, #4154 ) ),
 .UNSPECIFIED., .F., .F., .F. ) 
 B_SPLINE_SURFACE_WITH_KNOTS ( ( 4, 2, 4 ),
 ( 3, 3 ),
 ( 0.000000000000000000, 0.0004958282581762674980, 0.0009916565163525349960 ),
 ( 0.000000000000000000, 1.000000000000000000 ),
 .UNSPECIFIED. ) 
 GEOMETRIC_REPRESENTATION_ITEM ( )  RATIONAL_B_SPLINE_SURFACE ( (
 ( 1.000000000000000000, 0.8010409893798603465, 1.000000000000000000),
 ( 1.000000000000000000, 0.8018399999386692789, 1.000000000000000000),
 ( 1.000000000000000000, 0.7827755481933452719, 1.000000000000000000),
 ( 1.000000000000000000, 0.7381225777947154620, 1.000000000000000000),
 ( 1.000000000000000000, 0.7133915324664774626, 1.000000000000000000),
 ( 1.000000000000000000, 0.7071067811865475727, 1.000000000000000000) ) ) 
 REPRESENTATION_ITEM ( '' )  SURFACE ( )  );
#5376 =( LENGTH_UNIT ( ) NAMED_UNIT ( * ) SI_UNIT ( .MILLI., .METRE. ) );
#5377 = VERTEX_POINT ( 'NONE', #368 ) ;
#5378 = CARTESIAN_POINT ( 'NONE',  ( 1.306432752705293243, 2.062610774542940728, 2.414254388072512025 ) ) ;
#5379 = CARTESIAN_POINT ( 'NONE',  ( -2.750000000000000444, 1.663170854042145042, 0.3599741476875475410 ) ) ;
#5380 = ORIENTED_EDGE ( 'NONE', *, *, #1821, .F. ) ;
#5381 = APPLICATION_PROTOCOL_DEFINITION ( 'draft international standard', 'automotive_design', 1998, #3099 ) ;
#5382 = PRESENTATION_LAYER_ASSIGNMENT (  '', '', ( #359 ) ) ;
#5383 = COLOUR_RGB ( '',1.000000000000000000, 1.000000000000000000, 1.000000000000000000 ) ;
#5384 = SURFACE_SIDE_STYLE ('',( #5681 ) ) ;
#5385 = FILL_AREA_STYLE ('',( #2107 ) ) ;
#5386 = FACE_OUTER_BOUND ( 'NONE', #148, .T. ) ;
#5387 = CARTESIAN_POINT ( 'NONE',  ( -1.478024368592269600, -1.972943487486412462, 2.326552506016148936 ) ) ;
#5388 = EDGE_CURVE ( 'NONE', #2894, #4158, #5134, .T. ) ;
#5389 =( GEOMETRIC_REPRESENTATION_CONTEXT ( 3 ) GLOBAL_UNCERTAINTY_ASSIGNED_CONTEXT ( ( #4023 ) ) GLOBAL_UNIT_ASSIGNED_CONTEXT ( ( #3817, #3840, #1999 ) ) REPRESENTATION_CONTEXT ( 'NONE', 'WORKASPACE' ) );
#5390 = EDGE_CURVE ( 'NONE', #4765, #5513, #4547, .T. ) ;
#5391 = CARTESIAN_POINT ( 'NONE',  ( -2.408458417006289043, -2.188235210901880556, 3.750000036924224123 ) ) ;
#5392 = ORIENTED_EDGE ( 'NONE', *, *, #2444, .T. ) ;
#5393 = SURFACE_STYLE_USAGE ( .BOTH. , #698 ) ;
#5394 = CARTESIAN_POINT ( 'NONE',  ( 2.719999999999999751, 1.696039219456288327, 3.749999999999996447 ) ) ;
#5395 = DIRECTION ( 'NONE',  ( 0.000000000000000000, 0.000000000000000000, -1.000000000000000000 ) ) ;
#5396 = CARTESIAN_POINT ( 'NONE',  ( -2.288835786709637166, 2.111313314241944905, 0.5456482655327956621 ) ) ;
#5397 =( LENGTH_UNIT ( ) NAMED_UNIT ( * ) SI_UNIT ( .MILLI., .METRE. ) );
#5398 = EDGE_LOOP ( 'NONE', ( #5949, #519, #3534, #5864 ) ) ;
#5399 = DIRECTION ( 'NONE',  ( 1.000000000000000000, 0.000000000000000000, 0.000000000000000000 ) ) ;
#5400 = CARTESIAN_POINT ( 'NONE',  ( 2.320658726484714496, 1.900660651189914230, -0.6490223526882885619 ) ) ;
#5401 = EDGE_CURVE ( 'NONE', #4487, #4022, #1029, .T. ) ;
#5402 = CARTESIAN_POINT ( 'NONE',  ( 3.100000000000000089, 1.300000000000000044, 3.749999999999996447 ) ) ;
#5403 = SURFACE_SIDE_STYLE ('',( #2867 ) ) ;
#5404 =( GEOMETRIC_REPRESENTATION_CONTEXT ( 3 ) GLOBAL_UNCERTAINTY_ASSIGNED_CONTEXT ( ( #3726 ) ) GLOBAL_UNIT_ASSIGNED_CONTEXT ( ( #6040, #4123, #847 ) ) REPRESENTATION_CONTEXT ( 'NONE', 'WORKASPACE' ) );
#5405 =( LENGTH_UNIT ( ) NAMED_UNIT ( * ) SI_UNIT ( .MILLI., .METRE. ) );
#5406 = CARTESIAN_POINT ( 'NONE',  ( -2.719999999999999751, -2.500000000000000000, 2.914213562373119348 ) ) ;
#5407 =( NAMED_UNIT ( * ) SI_UNIT ( $, .STERADIAN. ) SOLID_ANGLE_UNIT ( ) );
#5408 =( GEOMETRIC_REPRESENTATION_CONTEXT ( 3 ) GLOBAL_UNCERTAINTY_ASSIGNED_CONTEXT ( ( #5298 ) ) GLOBAL_UNIT_ASSIGNED_CONTEXT ( ( #1218, #1237, #2504 ) ) REPRESENTATION_CONTEXT ( 'NONE', 'WORKASPACE' ) );
#5409 = CARTESIAN_POINT ( 'NONE',  ( 1.496939041224879308, 2.322276459780240998, 1.742079717433544506 ) ) ;
#5410 = LINE ( 'NONE', #2443, #2114 ) ;
#5411 = DIRECTION ( 'NONE',  ( 1.000000000000000000, 0.000000000000000000, 0.000000000000000000 ) ) ;
#5412 = DIRECTION ( 'NONE',  ( 0.000000000000000000, -0.000000000000000000, 1.000000000000000000 ) ) ;
#5413 = MECHANICAL_DESIGN_GEOMETRIC_PRESENTATION_REPRESENTATION (  '', ( #3041 ), #1010 ) ;
#5414 = CARTESIAN_POINT ( 'NONE',  ( 2.313783658502206464, 1.299999999999999822, 3.733548926643220245 ) ) ;
#5415 = EDGE_CURVE ( 'NONE', #5732, #1315, #223, .T. ) ;
#5416 = CARTESIAN_POINT ( 'NONE',  ( -3.100000000000000533, -1.967789365104762211, 3.378528212460669256 ) ) ;
#5417 = CARTESIAN_POINT ( 'NONE',  ( -2.279999999999999361, -1.679999999999999716, 3.369999999999996110 ) ) ;
#5418 = EDGE_CURVE ( 'NONE', #4262, #3633, #1961, .T. ) ;
#5419 = AXIS2_PLACEMENT_3D ( 'NONE', #3681, #349, #829 ) ;
#5421 = EDGE_CURVE ( 'NONE', #417, #841, #3320, .T. ) ;
#5420 = DIRECTION ( 'NONE',  ( 0.000000000000000000, 0.000000000000000000, 1.000000000000000000 ) ) ;
#5422 = CIRCLE ( 'NONE', #2039, 0.2999999999999999334 ) ;
#5423 = CARTESIAN_POINT ( 'NONE',  ( -1.476663951828261379, -2.002575172231276568, 2.325192089252140715 ) ) ;
#5424 = ORIENTED_EDGE ( 'NONE', *, *, #670, .T. ) ;
#5425 = CARTESIAN_POINT ( 'NONE',  ( -3.100000000000000089, -1.933935511664343299, 3.378518974520784202 ) ) ;
#5426 =( LENGTH_UNIT ( ) NAMED_UNIT ( * ) SI_UNIT ( .MILLI., .METRE. ) );
#5427 = CARTESIAN_POINT ( 'NONE',  ( 2.320281731729003649, 1.914238292759049331, 1.471753594305164725 ) ) ;
#5428 = CARTESIAN_POINT ( 'NONE',  ( 1.782842712474621116, 1.300000000000000044, 2.631370849898499564 ) ) ;
#5429 = SURFACE_STYLE_FILL_AREA ( #3240 ) ;
#5430 = CARTESIAN_POINT ( 'NONE',  ( 2.458655869717813580, 1.806908619139122374, 1.610127732293976655 ) ) ;
#5431 = VERTEX_POINT ( 'NONE', #2030 ) ;
#5432 = UNCERTAINTY_MEASURE_WITH_UNIT (LENGTH_MEASURE( 1.000000000000000082E-05 ), #1614, 'distance_accuracy_value', 'NONE');
#5433 = SURFACE_SIDE_STYLE ('',( #2488 ) ) ;
#5434 =( LENGTH_UNIT ( ) NAMED_UNIT ( * ) SI_UNIT ( .MILLI., .METRE. ) );
#5435 = SURFACE_STYLE_FILL_AREA ( #3228 ) ;
#5436 = CARTESIAN_POINT ( 'NONE',  ( -2.414693247259037001, -1.838761804358569396, 1.315964291346547022 ) ) ;
#5437 = CARTESIAN_POINT ( 'NONE',  ( -1.782842712474621116, -2.045841206191271411, 2.631370849898502229 ) ) ;
#5438 = VERTEX_POINT ( 'NONE', #299 ) ;
#5439 = CARTESIAN_POINT ( 'NONE',  ( 2.363970117382796943, 1.300000000000000044, 3.372184921315798167 ) ) ;
#5440 = VERTEX_POINT ( 'NONE', #55 ) ;
#5441 = CARTESIAN_POINT ( 'NONE',  ( -2.719999999999999751, -1.679999999999999716, 3.369999999999996110 ) ) ;
#5442 = ORIENTED_EDGE ( 'NONE', *, *, #171, .T. ) ;
#5443 = AXIS2_PLACEMENT_3D ( 'NONE', #198, #3147, #5517 ) ;
#5444 = CARTESIAN_POINT ( 'NONE',  ( -2.631370849898482689, -1.990981124534628055, 1.782842712474649316 ) ) ;
#5445 = ORIENTED_EDGE ( 'NONE', *, *, #581, .F. ) ;
#5446 = CARTESIAN_POINT ( 'NONE',  ( 3.367778697655221012E-16, 2.023298562962319913, 2.750000000000000888 ) ) ;
#5447 = CARTESIAN_POINT ( 'NONE',  ( -2.199999999999999734, -1.899999999999999689, 3.749999999999996447 ) ) ;
#5448 = VECTOR ( 'NONE', #475, 1000.000000000000000 ) ;
#5449 = CARTESIAN_POINT ( 'NONE',  ( -1.609120323021627552, -2.015209261777566319, 2.457648460445508221 ) ) ;
#5450 =( GEOMETRIC_REPRESENTATION_CONTEXT ( 3 ) GLOBAL_UNCERTAINTY_ASSIGNED_CONTEXT ( ( #5115 ) ) GLOBAL_UNIT_ASSIGNED_CONTEXT ( ( #1472, #1923, #2925 ) ) REPRESENTATION_CONTEXT ( 'NONE', 'WORKASPACE' ) );
#5451 = VERTEX_POINT ( 'NONE', #1512 ) ;
#5452 = SURFACE_STYLE_USAGE ( .BOTH. , #4987 ) ;
#5453 = DIRECTION ( 'NONE',  ( 1.000000000000000000, 0.000000000000000000, -0.000000000000000000 ) ) ;
#5454 = CIRCLE ( 'NONE', #619, 0.3800000000000001155 ) ;
#5455 = FILL_AREA_STYLE_COLOUR ( '', #5262 ) ;
#5456 = DIRECTION ( 'NONE',  ( 0.000000000000000000, -1.000000000000000000, 0.000000000000000000 ) ) ;
#5457 = ORIENTED_EDGE ( 'NONE', *, *, #654, .T. ) ;
#5458 = CYLINDRICAL_SURFACE ( 'NONE', #2511, 0.3800000000000001155 ) ;
#5459 =( GEOMETRIC_REPRESENTATION_CONTEXT ( 3 ) GLOBAL_UNCERTAINTY_ASSIGNED_CONTEXT ( ( #1460 ) ) GLOBAL_UNIT_ASSIGNED_CONTEXT ( ( #1597, #1658, #5865 ) ) REPRESENTATION_CONTEXT ( 'NONE', 'WORKASPACE' ) );
#5460 = DIRECTION ( 'NONE',  ( 0.000000000000000000, 0.000000000000000000, -1.000000000000000000 ) ) ;
#5461 = FILL_AREA_STYLE ('',( #293 ) ) ;
#5462 =( GEOMETRIC_REPRESENTATION_CONTEXT ( 3 ) GLOBAL_UNCERTAINTY_ASSIGNED_CONTEXT ( ( #2734 ) ) GLOBAL_UNIT_ASSIGNED_CONTEXT ( ( #3134, #300, #1733 ) ) REPRESENTATION_CONTEXT ( 'NONE', 'WORKASPACE' ) );
#5463 = VERTEX_POINT ( 'NONE', #1934 ) ;
#5464 = COLOUR_RGB ( '',1.000000000000000000, 1.000000000000000000, 1.000000000000000000 ) ;
#5465 = CARTESIAN_POINT ( 'NONE',  ( 2.719999999999999751, 1.300000000000000044, 3.369999999999996110 ) ) ;
#5466 = CIRCLE ( 'NONE', #1679, 0.2999999999999999334 ) ;
#5467 = SURFACE_STYLE_USAGE ( .BOTH. , #1230 ) ;
#5468 = CARTESIAN_POINT ( 'NONE',  ( 3.100000000000000089, 2.103960780543711717, 3.369999999999996110 ) ) ;
#5469 = ORIENTED_EDGE ( 'NONE', *, *, #3849, .T. ) ;
#5470 = CARTESIAN_POINT ( 'NONE',  ( -1.328559273075412328, -2.224830101553472606, 2.308576615047566616 ) ) ;
#5471 = UNCERTAINTY_MEASURE_WITH_UNIT (LENGTH_MEASURE( 1.000000000000000082E-05 ), #800, 'distance_accuracy_value', 'NONE');
#5472 = CARTESIAN_POINT ( 'NONE',  ( 2.266369605561084466, 2.500000000000000000, 2.750311327707049003 ) ) ;
#5473 = EDGE_CURVE ( 'NONE', #3097, #153, #2415, .T. ) ;
#5474 = DIRECTION ( 'NONE',  ( 0.000000000000000000, 0.000000000000000000, -1.000000000000000000 ) ) ;
#5475 = CARTESIAN_POINT ( 'NONE',  ( -1.499999999999999556, -1.299999999999999600, 2.914213562373118904 ) ) ;
#5476 = FILL_AREA_STYLE_COLOUR ( '', #2580 ) ;
#5477 = SURFACE_STYLE_USAGE ( .BOTH. , #5541 ) ;
#5478 = DIRECTION ( 'NONE',  ( 0.000000000000000000, 0.000000000000000000, 1.000000000000000000 ) ) ;
#5479 = UNCERTAINTY_MEASURE_WITH_UNIT (LENGTH_MEASURE( 1.000000000000000082E-05 ), #6007, 'distance_accuracy_value', 'NONE');
#5480 = CARTESIAN_POINT ( 'NONE',  ( 2.174919677870790657, 2.441822738441192797, 2.420060354206381881 ) ) ;
#5481 = FILL_AREA_STYLE ('',( #4938 ) ) ;
#5482 = CARTESIAN_POINT ( 'NONE',  ( 2.636052846764500579, 1.300000000000000044, 3.372183489019747071 ) ) ;
#5483 = SURFACE_STYLE_USAGE ( .BOTH. , #5925 ) ;
#5484 = FILL_AREA_STYLE ('',( #187 ) ) ;
#5485 = CARTESIAN_POINT ( 'NONE',  ( -1.496939041224877531, -2.322276459780242330, 1.742079717433545616 ) ) ;
#5486 = MECHANICAL_DESIGN_GEOMETRIC_PRESENTATION_REPRESENTATION (  '', ( #350 ), #5680 ) ;
#5487 = CARTESIAN_POINT ( 'NONE',  ( -2.635747725268924757, -1.299999999999999600, 3.369999999999996554 ) ) ;
#5488 =( GEOMETRIC_REPRESENTATION_CONTEXT ( 3 ) GLOBAL_UNCERTAINTY_ASSIGNED_CONTEXT ( ( #1569 ) ) GLOBAL_UNIT_ASSIGNED_CONTEXT ( ( #1042, #1601, #2093 ) ) REPRESENTATION_CONTEXT ( 'NONE', 'WORKASPACE' ) );
#5489 = CARTESIAN_POINT ( 'NONE',  ( -1.791450929783768853, -1.341397780990757349, 2.382960110081614236 ) ) ;
#5490 = PLANE ( 'NONE',  #2623 ) ;
#5491 =( LENGTH_UNIT ( ) NAMED_UNIT ( * ) SI_UNIT ( .MILLI., .METRE. ) );
#5492 =( GEOMETRIC_REPRESENTATION_CONTEXT ( 3 ) GLOBAL_UNCERTAINTY_ASSIGNED_CONTEXT ( ( #5246 ) ) GLOBAL_UNIT_ASSIGNED_CONTEXT ( ( #5434, #5973, #1274 ) ) REPRESENTATION_CONTEXT ( 'NONE', 'WORKASPACE' ) );
#5493 = SURFACE_STYLE_FILL_AREA ( #288 ) ;
#5494 = CARTESIAN_POINT ( 'NONE',  ( 2.340704934618818900, 1.300000000000000044, 3.716900407159888786 ) ) ;
#5495 = VERTEX_POINT ( 'NONE', #4814 ) ;
#5496 = CARTESIAN_POINT ( 'NONE',  ( 1.808392587802123419, 2.267473959965859098, 1.431279296566628112 ) ) ;
#5497 = CYLINDRICAL_SURFACE ( 'NONE', #2245, 0.3800000000000001710 ) ;
#5498 = EDGE_CURVE ( 'NONE', #1541, #3110, #219, .T. ) ;
#5499 = PRESENTATION_LAYER_ASSIGNMENT (  '', '', ( #3966 ) ) ;
#5501 = EDGE_CURVE ( 'NONE', #4889, #4022, #3370, .T. ) ;
#5500 = CARTESIAN_POINT ( 'NONE',  ( -3.100000000000000089, -2.120000000000000107, 3.369999999999996110 ) ) ;
#5502 = DIRECTION ( 'NONE',  ( 1.000000000000000000, -0.000000000000000000, -0.000000000000000000 ) ) ;
#5503 = SURFACE_SIDE_STYLE ('',( #2308 ) ) ;
#5504 = CARTESIAN_POINT ( 'NONE',  ( -1.476663951828261823, -2.002575172231276124, 2.325192089252140715 ) ) ;
#5505 = ORIENTED_EDGE ( 'NONE', *, *, #5000, .T. ) ;
#5506 = UNCERTAINTY_MEASURE_WITH_UNIT (LENGTH_MEASURE( 1.000000000000000082E-05 ), #4969, 'distance_accuracy_value', 'NONE');
#5507 = CARTESIAN_POINT ( 'NONE',  ( -3.090753943997284647, -2.120000000000000107, 2.742452421083585445 ) ) ;
#5508 = CARTESIAN_POINT ( 'NONE',  ( 1.183504595333511489, -2.364922731886166307, 1.983938745102351575 ) ) ;
#5509 = FACE_OUTER_BOUND ( 'NONE', #4087, .T. ) ;
#5510 = SURFACE_STYLE_FILL_AREA ( #103 ) ;
#5511 = CARTESIAN_POINT ( 'NONE',  ( 0.000000000000000000, 0.000000000000000000, 3.749999999999996447 ) ) ;
#5512 = ORIENTED_EDGE ( 'NONE', *, *, #3989, .F. ) ;
#5513 = VERTEX_POINT ( 'NONE', #466 ) ;
#5514 = DIRECTION ( 'NONE',  ( 0.000000000000000000, 0.000000000000000000, 1.000000000000000000 ) ) ;
#5515 = SURFACE_STYLE_USAGE ( .BOTH. , #817 ) ;
#5516 = ORIENTED_EDGE ( 'NONE', *, *, #3243, .F. ) ;
#5517 = DIRECTION ( 'NONE',  ( 0.000000000000000000, 0.000000000000000000, 1.000000000000000000 ) ) ;
#5518 = SURFACE_STYLE_FILL_AREA ( #51 ) ;
#5519 = CARTESIAN_POINT ( 'NONE',  ( -1.899999999999999023, -1.968142291998190796, 3.378504732217503470 ) ) ;
#5520 = VERTEX_POINT ( 'NONE', #1881 ) ;
#5521 = ORIENTED_EDGE ( 'NONE', *, *, #3673, .F. ) ;
#5522 = FACE_OUTER_BOUND ( 'NONE', #599, .T. ) ;
#5523 = PRESENTATION_STYLE_ASSIGNMENT (( #4594 ) ) ;
#5524 =( GEOMETRIC_REPRESENTATION_CONTEXT ( 3 ) GLOBAL_UNCERTAINTY_ASSIGNED_CONTEXT ( ( #295 ) ) GLOBAL_UNIT_ASSIGNED_CONTEXT ( ( #1295, #4612, #3225 ) ) REPRESENTATION_CONTEXT ( 'NONE', 'WORKASPACE' ) );
#5525 = CARTESIAN_POINT ( 'NONE',  ( 0.000000000000000000, 1.588484854837449722, -2.419459271066770167 ) ) ;
#5526 = VERTEX_POINT ( 'NONE', #5141 ) ;
#5527 = DIRECTION ( 'NONE',  ( 0.000000000000000000, 0.000000000000000000, 1.000000000000000000 ) ) ;
#5528 = PRODUCT_DEFINITION_CONTEXT ( 'detailed design', #3099, 'design' ) ;
#5529 = CARTESIAN_POINT ( 'NONE',  ( -2.340704934618810462, -1.299999999999999600, 3.716900407159887898 ) ) ;
#5530 = FACE_OUTER_BOUND ( 'NONE', #1870, .T. ) ;
#5531 = CARTESIAN_POINT ( 'NONE',  ( -1.610127732293950453, -1.972943487486412684, 2.458655869717830900 ) ) ;
#5532 = STYLED_ITEM ( 'NONE', ( #1471 ), #5261 ) ;
#5533 = CARTESIAN_POINT ( 'NONE',  ( -2.415813184596579344, -1.679999999999999716, 1.313905117247563092 ) ) ;
#5534 = CARTESIAN_POINT ( 'NONE',  ( -2.499999999999999556, -1.899999999999999689, 37.75000000000000000 ) ) ;
#5535 =( NAMED_UNIT ( * ) SI_UNIT ( $, .STERADIAN. ) SOLID_ANGLE_UNIT ( ) );
#5536 = CARTESIAN_POINT ( 'NONE',  ( 0.6151075367824105911, -2.406436763096956977, 2.219376515567157870 ) ) ;
#5537 = COLOUR_RGB ( '',1.000000000000000000, 1.000000000000000000, 1.000000000000000000 ) ;
#5538 = PRESENTATION_LAYER_ASSIGNMENT (  '', '', ( #4910 ) ) ;
#5539 = PRESENTATION_STYLE_ASSIGNMENT (( #362 ) ) ;
#5540 = PRESENTATION_STYLE_ASSIGNMENT (( #1365 ) ) ;
#5541 = SURFACE_SIDE_STYLE ('',( #2238 ) ) ;
#5542 = CARTESIAN_POINT ( 'NONE',  ( -2.368264652979344298, -2.006522164926077600, 1.302130384818625863 ) ) ;
#5543 = FACE_OUTER_BOUND ( 'NONE', #1256, .T. ) ;
#5544 = PLANE ( 'NONE',  #1949 ) ;
#5545 = ORIENTED_EDGE ( 'NONE', *, *, #4759, .F. ) ;
#5546 = EDGE_CURVE ( 'NONE', #3839, #3852, #2481, .T. ) ;
#5547 = EDGE_CURVE ( 'NONE', #1541, #5154, #5422, .T. ) ;
#5548 = STYLED_ITEM ( 'NONE', ( #2303 ), #929 ) ;
#5549 = ORIENTED_EDGE ( 'NONE', *, *, #1739, .F. ) ;
#5550 =( NAMED_UNIT ( * ) PLANE_ANGLE_UNIT ( ) SI_UNIT ( $, .RADIAN. ) );
#5551 = ADVANCED_FACE ( 'NONE', ( #3829 ), #2572, .T. ) ;
#5552 = UNCERTAINTY_MEASURE_WITH_UNIT (LENGTH_MEASURE( 1.000000000000000082E-05 ), #703, 'distance_accuracy_value', 'NONE');
#5553 = FILL_AREA_STYLE_COLOUR ( '', #3348 ) ;
#5554 = SURFACE_SIDE_STYLE ('',( #3361 ) ) ;
#5555 = CARTESIAN_POINT ( 'NONE',  ( 2.799999999999999822, 1.900000000000000133, 37.75000000000000000 ) ) ;
#5556 = CARTESIAN_POINT ( 'NONE',  ( 1.899999999999999689, 1.300000000000000044, 2.914213562373118016 ) ) ;
#5557 = CARTESIAN_POINT ( 'NONE',  ( -0.6367661236514907674, -2.014882471626847860, 2.694145714509041944 ) ) ;
#5558 = CARTESIAN_POINT ( 'NONE',  ( -2.359527440088308392, -2.021111243724883266, 1.302289049653134301 ) ) ;
#5559 =( NAMED_UNIT ( * ) PLANE_ANGLE_UNIT ( ) SI_UNIT ( $, .RADIAN. ) );
#5560 =( NAMED_UNIT ( * ) PLANE_ANGLE_UNIT ( ) SI_UNIT ( $, .RADIAN. ) );
#5561 = LINE ( 'NONE', #3948, #4312 ) ;
#5562 = PRESENTATION_STYLE_ASSIGNMENT (( #1425 ) ) ;
#5563 = CARTESIAN_POINT ( 'NONE',  ( -2.631370849898482689, -1.679999999999999716, 1.782842712474649316 ) ) ;
#5564 =( NAMED_UNIT ( * ) PLANE_ANGLE_UNIT ( ) SI_UNIT ( $, .RADIAN. ) );
#5565 = PRESENTATION_LAYER_ASSIGNMENT (  '', '', ( #711 ) ) ;
#5566 = CARTESIAN_POINT ( 'NONE',  ( -1.499999999999999556, -1.899999999999999911, 2.914213562373118904 ) ) ;
#5567 = PRESENTATION_STYLE_ASSIGNMENT (( #1990 ) ) ;
#5568 = CARTESIAN_POINT ( 'NONE',  ( 1.960045167603170269, 1.300000000000000044, 2.271172151325271837 ) ) ;
#5569 =( NAMED_UNIT ( * ) SI_UNIT ( $, .STERADIAN. ) SOLID_ANGLE_UNIT ( ) );
#5570 = MECHANICAL_DESIGN_GEOMETRIC_PRESENTATION_REPRESENTATION (  '', ( #2712 ), #2356 ) ;
#5571 = CARTESIAN_POINT ( 'NONE',  ( -1.899999999999999245, -2.120000000000000107, 3.749999999999996447 ) ) ;
#5572 = CARTESIAN_POINT ( 'NONE',  ( -2.273695371181758240, -2.114129465752474957, 1.313570750449326585 ) ) ;
#5573 = CARTESIAN_POINT ( 'NONE',  ( 2.235645139714070861, -2.304836250329552971, 1.643171374645264748 ) ) ;
#5574 = LINE ( 'NONE', #3525, #4325 ) ;
#5575 = VERTEX_POINT ( 'NONE', #520 ) ;
#5576 = ADVANCED_FACE ( 'NONE', ( #289 ), #1972, .T. ) ;
#5577 = CARTESIAN_POINT ( 'NONE',  ( 3.367778697655221505E-16, 2.500000000000000000, 2.750000000000000444 ) ) ;
#5578 = CARTESIAN_POINT ( 'NONE',  ( -2.090122257091824753, -2.252540754054538574, 1.489237685263281596 ) ) ;
#5579 = PRESENTATION_STYLE_ASSIGNMENT (( #3061 ) ) ;
#5580 = DIRECTION ( 'NONE',  ( -0.7071067811865435759, 0.000000000000000000, 0.7071067811865515695 ) ) ;
#5581 = AXIS2_PLACEMENT_3D ( 'NONE', #380, #4600, #5096 ) ;
#5582 = SURFACE_STYLE_FILL_AREA ( #2866 ) ;
#5583 = CIRCLE ( 'NONE', #5643, 0.3800000000000001155 ) ;
#5584 = VERTEX_POINT ( 'NONE', #43 ) ;
#5585 = CIRCLE ( 'NONE', #1071, 0.3800000000000001155 ) ;
#5586 = CARTESIAN_POINT ( 'NONE',  ( 1.496939041224879308, 2.322276459780240998, 1.742079717433544506 ) ) ;
#5587 = EDGE_LOOP ( 'NONE', ( #2666, #2440, #1760, #1032 ) ) ;
#5588 = EDGE_CURVE ( 'NONE', #3771, #5438, #3541, .T. ) ;
#5589 = ORIENTED_EDGE ( 'NONE', *, *, #4145, .F. ) ;
#5590 = PRESENTATION_LAYER_ASSIGNMENT (  '', '', ( #2977 ) ) ;
#5591 = CARTESIAN_POINT ( 'NONE',  ( 2.719999999999999751, 2.500000000000000000, 3.749999999999996447 ) ) ;
#5592 =( BOUNDED_SURFACE ( )  B_SPLINE_SURFACE ( 3, 2, ( 
 ( #625, #4391, #5337 ),
 ( #135, #197, #2980 ),
 ( #3003, #3901, #3452 ),
 ( #3951, #1052, #3927 ),
 ( #1580, #4871, #2541 ),
 ( #5809, #3023, #4783 ),
 ( #5250, #2447, #5716 ),
 ( #115, #3409, #3887 ),
 ( #1511, #4813, #1995 ),
 ( #3600, #782, #832 ) ),
 .UNSPECIFIED., .F., .F., .T. ) 
 B_SPLINE_SURFACE_WITH_KNOTS ( ( 4, 2, 2, 2, 4 ),
 ( 3, 3 ),
 ( 3.141592653589793116, 3.710860323656771875, 4.280127993723750635, 4.849395663790729394, 5.418663333857708153 ),
 ( 0.000000000000000000, 1.000000000000000000 ),
 .UNSPECIFIED. ) 
 GEOMETRIC_REPRESENTATION_ITEM ( )  RATIONAL_B_SPLINE_SURFACE ( (
 ( 1.000000000000000000, 0.7660444431189760151, 1.000000000000000000),
 ( 1.000000000000000000, 0.7660683936080703305, 1.000000000000000000),
 ( 1.000000000000000000, 0.7629196951093706325, 1.000000000000000000),
 ( 1.000000000000000000, 0.7511893859691112230, 1.000000000000000000),
 ( 1.000000000000000000, 0.7425880927493752059, 1.000000000000000000),
 ( 1.000000000000000000, 0.7221614042794090027, 1.000000000000000000),
 ( 1.000000000000000000, 0.7103514041829386283, 1.000000000000000000),
 ( 1.000000000000000000, 0.6869913587974070257, 1.000000000000000000),
 ( 1.000000000000000000, 0.6754762804326170933, 1.000000000000000000),
 ( 1.000000000000000000, 0.6660711904421177110, 1.000000000000000000) ) ) 
 REPRESENTATION_ITEM ( '' )  SURFACE ( )  );
#5593 = CYLINDRICAL_SURFACE ( 'NONE', #4414, 0.2999999999999999334 ) ;
#5594 = ORIENTED_EDGE ( 'NONE', *, *, #5735, .F. ) ;
#5595 = CARTESIAN_POINT ( 'NONE',  ( -3.532955957713348027, -1.497407685865203453, -0.7401307525767969464 ) ) ;
#5596 = DIRECTION ( 'NONE',  ( 0.000000000000000000, 0.000000000000000000, -1.000000000000000000 ) ) ;
#5597 = ORIENTED_EDGE ( 'NONE', *, *, #776, .F. ) ;
#5598 = COLOUR_RGB ( '',0.7921568627450980005, 0.8196078431372548767, 0.9333333333333333481 ) ;
#5599 = DIRECTION ( 'NONE',  ( 0.000000000000000000, 0.000000000000000000, -1.000000000000000000 ) ) ;
#5600 = ORIENTED_EDGE ( 'NONE', *, *, #3018, .F. ) ;
#5601 = ORIENTED_EDGE ( 'NONE', *, *, #3831, .F. ) ;
#5602 = DIRECTION ( 'NONE',  ( 0.000000000000000000, 1.000000000000000000, 0.000000000000000000 ) ) ;
#5603 = FACE_OUTER_BOUND ( 'NONE', #4338, .T. ) ;
#5604 = EDGE_CURVE ( 'NONE', #4413, #1102, #3400, .T. ) ;
#5605 = CYLINDRICAL_SURFACE ( 'NONE', #1649, 0.3800000000000001155 ) ;
#5606 = CIRCLE ( 'NONE', #3385, 0.3800000000000001155 ) ;
#5607 =( LENGTH_UNIT ( ) NAMED_UNIT ( * ) SI_UNIT ( .MILLI., .METRE. ) );
#5608 =( GEOMETRIC_REPRESENTATION_CONTEXT ( 3 ) GLOBAL_UNCERTAINTY_ASSIGNED_CONTEXT ( ( #1789 ) ) GLOBAL_UNIT_ASSIGNED_CONTEXT ( ( #2746, #1345, #3254 ) ) REPRESENTATION_CONTEXT ( 'NONE', 'WORKASPACE' ) );
#5609 = FILL_AREA_STYLE_COLOUR ( '', #1850 ) ;
#5610 = DIRECTION ( 'NONE',  ( -1.000000000000000000, -0.000000000000000000, -0.000000000000000000 ) ) ;
#5611 = CARTESIAN_POINT ( 'NONE',  ( -1.055851992280485430, -2.376138686830560509, 2.047547586468146719 ) ) ;
#5612 = AXIS2_PLACEMENT_3D ( 'NONE', #5475, #4050, #766 ) ;
#5613 = SURFACE_STYLE_USAGE ( .BOTH. , #1860 ) ;
#5614 = FILL_AREA_STYLE_COLOUR ( '', #3550 ) ;
#5615 =( LENGTH_UNIT ( ) NAMED_UNIT ( * ) SI_UNIT ( .MILLI., .METRE. ) );
#5616 = COLOUR_RGB ( '',1.000000000000000000, 1.000000000000000000, 1.000000000000000000 ) ;
#5617 = AXIS2_PLACEMENT_3D ( 'NONE', #5050, #2236, #3197 ) ;
#5618 = EDGE_CURVE ( 'NONE', #3179, #1459, #2947, .T. ) ;
#5619 = ORIENTED_EDGE ( 'NONE', *, *, #5002, .F. ) ;
#5620 = CARTESIAN_POINT ( 'NONE',  ( 1.557398423240634155, 1.118425105698586552, 2.269107736697037137 ) ) ;
#5621 = CARTESIAN_POINT ( 'NONE',  ( -1.899999999999999467, -1.811448412258778395, 3.692861864266439476 ) ) ;
#5622 = UNCERTAINTY_MEASURE_WITH_UNIT (LENGTH_MEASURE( 1.000000000000000082E-05 ), #4122, 'distance_accuracy_value', 'NONE');
#5623 = EDGE_CURVE ( 'NONE', #3482, #1102, #5574, .T. ) ;
#5624 = STYLED_ITEM ( 'NONE', ( #3014 ), #4199 ) ;
#5625 = EDGE_CURVE ( 'NONE', #3293, #3103, #2013, .T. ) ;
#5626 =( LENGTH_UNIT ( ) NAMED_UNIT ( * ) SI_UNIT ( .MILLI., .METRE. ) );
#5627 = DIRECTION ( 'NONE',  ( 1.224646799147353207E-16, 0.000000000000000000, -1.000000000000000000 ) ) ;
#5628 = CARTESIAN_POINT ( 'NONE',  ( 2.631370849898481357, 1.990981124534627611, 1.782842712474647984 ) ) ;
#5629 = CARTESIAN_POINT ( 'NONE',  ( -2.415813150359157557, -1.513482948727749688, 1.313905180198239098 ) ) ;
#5630 = DIRECTION ( 'NONE',  ( 0.000000000000000000, 0.000000000000000000, -1.000000000000000000 ) ) ;
#5631 = ADVANCED_FACE ( 'NONE', ( #637 ), #5354, .T. ) ;
#5632 = SURFACE_STYLE_FILL_AREA ( #3820 ) ;
#5633 = CARTESIAN_POINT ( 'NONE',  ( -2.243898705754917788, -2.060830130809083283, 3.749999963139773129 ) ) ;
#5634 = MECHANICAL_DESIGN_GEOMETRIC_PRESENTATION_REPRESENTATION (  '', ( #4265 ), #5955 ) ;
#5635 = LINE ( 'NONE', #1663, #5857 ) ;
#5636 = CARTESIAN_POINT ( 'NONE',  ( -2.719999999999999751, -2.120000000000000107, 3.369999999999996110 ) ) ;
#5637 = STYLED_ITEM ( 'NONE', ( #4684 ), #5177 ) ;
#5638 = CARTESIAN_POINT ( 'NONE',  ( 1.894321100167401628, 2.120000000000000107, 2.847050551997083012 ) ) ;
#5639 =( NAMED_UNIT ( * ) PLANE_ANGLE_UNIT ( ) SI_UNIT ( $, .RADIAN. ) );
#5640 = CARTESIAN_POINT ( 'NONE',  ( -1.313592224914723161, -1.981657005663684856, 2.415983359525621932 ) ) ;
#5641 = STYLED_ITEM ( 'NONE', ( #3511 ), #418 ) ;
#5642 = CARTESIAN_POINT ( 'NONE',  ( -2.685948503462651793, -1.663300536078213154, 3.749999999999996447 ) ) ;
#5643 = AXIS2_PLACEMENT_3D ( 'NONE', #5937, #5858, #3160 ) ;
#5644 = FACE_OUTER_BOUND ( 'NONE', #2361, .T. ) ;
#5645 = CARTESIAN_POINT ( 'NONE',  ( 2.719999999999999751, 2.103960780543711717, 3.369999999999996110 ) ) ;
#5646 = AXIS2_PLACEMENT_3D ( 'NONE', #5017, #1702, #5947 ) ;
#5647 = CARTESIAN_POINT ( 'NONE',  ( -2.333712006467806077, -1.299999999999999600, 1.880140256369017271 ) ) ;
#5648 = ORIENTED_EDGE ( 'NONE', *, *, #2251, .T. ) ;
#5649 = CARTESIAN_POINT ( 'NONE',  ( -1.791298172409514722, -1.341272281901021879, 2.383072152930623577 ) ) ;
#5650 = CARTESIAN_POINT ( 'NONE',  ( 2.877919977996279827E-16, -1.588484854837450833, -2.419459271066770167 ) ) ;
#5651 = MECHANICAL_DESIGN_GEOMETRIC_PRESENTATION_REPRESENTATION (  '', ( #2003 ), #3078 ) ;
#5652 = FILL_AREA_STYLE ('',( #522 ) ) ;
#5653 = EDGE_CURVE ( 'NONE', #2593, #3771, #4403, .T. ) ;
#5654 = ORIENTED_EDGE ( 'NONE', *, *, #3227, .T. ) ;
#5655 = CARTESIAN_POINT ( 'NONE',  ( -0.3600390530802817235, 1.194561753633566870, -2.750000000000001332 ) ) ;
#5656 = PRESENTATION_LAYER_ASSIGNMENT (  '', '', ( #2604 ) ) ;
#5657 = CIRCLE ( 'NONE', #622, 0.3800000000000001710 ) ;
#5658 = VERTEX_POINT ( 'NONE', #2124 ) ;
#5659 = ORIENTED_EDGE ( 'NONE', *, *, #204, .F. ) ;
#5660 = LINE ( 'NONE', #30, #1261 ) ;
#5661 = MECHANICAL_DESIGN_GEOMETRIC_PRESENTATION_REPRESENTATION (  '', ( #5048 ), #506 ) ;
#5662 = ADVANCED_FACE ( 'NONE', ( #5644 ), #1093, .T. ) ;
#5663 =( NAMED_UNIT ( * ) SI_UNIT ( $, .STERADIAN. ) SOLID_ANGLE_UNIT ( ) );
#5664 = ORIENTED_EDGE ( 'NONE', *, *, #3750, .F. ) ;
#5665 =( GEOMETRIC_REPRESENTATION_CONTEXT ( 3 ) GLOBAL_UNCERTAINTY_ASSIGNED_CONTEXT ( ( #5471 ) ) GLOBAL_UNIT_ASSIGNED_CONTEXT ( ( #800, #4124, #848 ) ) REPRESENTATION_CONTEXT ( 'NONE', 'WORKASPACE' ) );
#5666 = CARTESIAN_POINT ( 'NONE',  ( -2.631370849898482689, -1.299999999999999600, 1.782842712474649316 ) ) ;
#5667 = UNCERTAINTY_MEASURE_WITH_UNIT (LENGTH_MEASURE( 1.000000000000000082E-05 ), #282, 'distance_accuracy_value', 'NONE');
#5668 = CARTESIAN_POINT ( 'NONE',  ( -2.294176566084541236, -1.451950297511051646, 1.528326567952172699 ) ) ;
#5669 = CARTESIAN_POINT ( 'NONE',  ( 1.808392587802123419, 2.267473959965859098, 1.431279296566628112 ) ) ;
#5670 = CARTESIAN_POINT ( 'NONE',  ( -1.313905117247536669, -1.679999999999999716, 2.415813184596594443 ) ) ;
#5671 = CARTESIAN_POINT ( 'NONE',  ( -3.100000000000000089, -1.679999999999999716, 3.369999999999996110 ) ) ;
#5672 = VERTEX_POINT ( 'NONE', #3874 ) ;
#5673 = SURFACE_STYLE_USAGE ( .BOTH. , #2355 ) ;
#5674 = FILL_AREA_STYLE ('',( #554 ) ) ;
#5675 = COLOUR_RGB ( '',1.000000000000000000, 1.000000000000000000, 1.000000000000000000 ) ;
#5676 =( GEOMETRIC_REPRESENTATION_CONTEXT ( 3 ) GLOBAL_UNCERTAINTY_ASSIGNED_CONTEXT ( ( #3886 ) ) GLOBAL_UNIT_ASSIGNED_CONTEXT ( ( #927, #5564, #4197 ) ) REPRESENTATION_CONTEXT ( 'NONE', 'WORKASPACE' ) );
#5677 = CYLINDRICAL_SURFACE ( 'NONE', #1952, 0.3800000000000001710 ) ;
#5678 = VERTEX_POINT ( 'NONE', #4450 ) ;
#5679 = CARTESIAN_POINT ( 'NONE',  ( 2.631370849898481357, 1.300000000000000044, 1.782842712474647984 ) ) ;
#5680 =( GEOMETRIC_REPRESENTATION_CONTEXT ( 3 ) GLOBAL_UNCERTAINTY_ASSIGNED_CONTEXT ( ( #4427 ) ) GLOBAL_UNIT_ASSIGNED_CONTEXT ( ( #4699, #5702, #1889 ) ) REPRESENTATION_CONTEXT ( 'NONE', 'WORKASPACE' ) );
#5681 = SURFACE_STYLE_FILL_AREA ( #5484 ) ;
#5682 = FILL_AREA_STYLE ('',( #1439 ) ) ;
#5683 = CARTESIAN_POINT ( 'NONE',  ( 2.280000000000000249, 1.696039219456288327, 3.749999999999996447 ) ) ;
#5684 = DIRECTION ( 'NONE',  ( 0.000000000000000000, 0.000000000000000000, 1.000000000000000000 ) ) ;
#5685 =( NAMED_UNIT ( * ) PLANE_ANGLE_UNIT ( ) SI_UNIT ( $, .RADIAN. ) );
#5686 = ORIENTED_EDGE ( 'NONE', *, *, #2160, .T. ) ;
#5687 = COLOUR_RGB ( '',1.000000000000000000, 1.000000000000000000, 1.000000000000000000 ) ;
#5688 = DIRECTION ( 'NONE',  ( -1.000000000000000000, 0.000000000000000000, 0.000000000000000000 ) ) ;
#5689 =( LENGTH_UNIT ( ) NAMED_UNIT ( * ) SI_UNIT ( .MILLI., .METRE. ) );
#5690 = DIRECTION ( 'NONE',  ( 0.000000000000000000, 0.000000000000000000, 1.000000000000000000 ) ) ;
#5691 = CARTESIAN_POINT ( 'NONE',  ( 0.4614045175258676967, 2.023298562962319913, 2.750000000000000444 ) ) ;
#5692 = PRESENTATION_LAYER_ASSIGNMENT (  '', '', ( #4878 ) ) ;
#5693 = CARTESIAN_POINT ( 'NONE',  ( 1.313905117247538223, 1.972943487486412462, 2.415813184596593555 ) ) ;
#5694 = ADVANCED_FACE ( 'NONE', ( #3977 ), #3219, .F. ) ;
#5695 = DIRECTION ( 'NONE',  ( 0.000000000000000000, -0.000000000000000000, 1.000000000000000000 ) ) ;
#5696 = UNCERTAINTY_MEASURE_WITH_UNIT (LENGTH_MEASURE( 1.000000000000000082E-05 ), #202, 'distance_accuracy_value', 'NONE');
#5697 = B_SPLINE_CURVE_WITH_KNOTS ( 'NONE', 3,
 ( #3937, #3871, #1485, #1519, #1061, #1078, #5240, #5308 ),
 .UNSPECIFIED., .F., .F.,
 ( 4, 2, 2, 4 ),
 ( -5.065376202542979982E-06, 0.0003780483363355036878, 0.0005696051926045266663, 0.0007611620488735496449 ),
 .UNSPECIFIED. ) ;
#5698 = CARTESIAN_POINT ( 'NONE',  ( -1.359320497693579100, 1.588956009672187308, -2.416787219218447191 ) ) ;
#5699 = SURFACE_STYLE_USAGE ( .BOTH. , #2416 ) ;
#5700 = CARTESIAN_POINT ( 'NONE',  ( -1.899999999999999245, -1.679999999999999716, 3.749999999999996447 ) ) ;
#5701 = EDGE_CURVE ( 'NONE', #5463, #1636, #5635, .T. ) ;
#5702 =( NAMED_UNIT ( * ) PLANE_ANGLE_UNIT ( ) SI_UNIT ( $, .RADIAN. ) );
#5703 = CARTESIAN_POINT ( 'NONE',  ( -2.415813184596579344, -1.806908619139222294, 1.313905117247563314 ) ) ;
#5704 = FILL_AREA_STYLE_COLOUR ( '', #4152 ) ;
#5705 = DIRECTION ( 'NONE',  ( -0.000000000000000000, -1.000000000000000000, 0.000000000000000000 ) ) ;
#5706 = DIRECTION ( 'NONE',  ( -0.7071067811865512365, 0.000000000000000000, 0.7071067811865436870 ) ) ;
#5707 = SURFACE_STYLE_USAGE ( .BOTH. , #4738 ) ;
#5708 = MECHANICAL_DESIGN_GEOMETRIC_PRESENTATION_REPRESENTATION (  '', ( #1314 ), #2698 ) ;
#5709 = FILL_AREA_STYLE_COLOUR ( '', #4476 ) ;
#5710 = ADVANCED_FACE ( 'NONE', ( #498 ), #5924, .F. ) ;
#5711 = CARTESIAN_POINT ( 'NONE',  ( -1.384952186028544974, 1.246860685913608435, -2.402912572112794187 ) ) ;
#5712 = VERTEX_POINT ( 'NONE', #5989 ) ;
#5713 = PRESENTATION_LAYER_ASSIGNMENT (  '', '', ( #2553 ) ) ;
#5714 = DIRECTION ( 'NONE',  ( 1.000000000000000000, 0.000000000000000000, -0.000000000000000000 ) ) ;
#5715 = SURFACE_STYLE_FILL_AREA ( #3210 ) ;
#5716 = CARTESIAN_POINT ( 'NONE',  ( -2.795501014345161295, -1.587631926140127270, -0.1413479835170646792 ) ) ;
#5717 = CARTESIAN_POINT ( 'NONE',  ( 1.782842712474619784, 2.045841206191270967, 2.631370849898500452 ) ) ;
#5718 = ADVANCED_FACE ( 'NONE', ( #2053 ), #4739, .T. ) ;
#5719 =( NAMED_UNIT ( * ) PLANE_ANGLE_UNIT ( ) SI_UNIT ( $, .RADIAN. ) );
#5720 = PRESENTATION_LAYER_ASSIGNMENT (  '', '', ( #4949 ) ) ;
#5721 = ORIENTED_EDGE ( 'NONE', *, *, #275, .T. ) ;
#5722 = CARTESIAN_POINT ( 'NONE',  ( -1.808392587802122753, -2.267473959965859542, 1.431279296566629000 ) ) ;
#5723 = CARTESIAN_POINT ( 'NONE',  ( 2.716008807648083501, 2.499933720857093089, 2.749624112301811252 ) ) ;
#5724 = FILL_AREA_STYLE ('',( #1516 ) ) ;
#5725 = AXIS2_PLACEMENT_3D ( 'NONE', #714, #3585, #4078 ) ;
#5726 = CARTESIAN_POINT ( 'NONE',  ( -1.609120323021627774, -2.015209261777566319, 2.457648460445508221 ) ) ;
#5727 = CARTESIAN_POINT ( 'NONE',  ( 2.081907805381481236, 1.050000000000000044, 1.796708070302926563 ) ) ;
#5728 =( BOUNDED_CURVE ( )  B_SPLINE_CURVE ( 3, ( #5722, #548, #2451, #2936 ),
 .UNSPECIFIED., .F., .F. ) 
 B_SPLINE_CURVE_WITH_KNOTS ( ( 4, 4 ),
 ( 0.8781029117727803257, 3.141592653589793116 ),
 .UNSPECIFIED. ) 
 CURVE ( )  GEOMETRIC_REPRESENTATION_ITEM ( )  RATIONAL_B_SPLINE_CURVE ( ( 1.000000000000000000, 0.6167207178091720365, 0.6167207178091720365, 1.000000000000000000 ) ) 
 REPRESENTATION_ITEM ( '' )  );
#5729 = EDGE_LOOP ( 'NONE', ( #3403, #3268, #2847, #3699 ) ) ;
#5730 = CARTESIAN_POINT ( 'NONE',  ( -1.528407983352095600, -1.451797698973490869, 2.294122555283649501 ) ) ;
#5731 = CARTESIAN_POINT ( 'NONE',  ( 2.432210634895237700, 2.500000000000000444, 3.378528212460670144 ) ) ;
#5732 = VERTEX_POINT ( 'NONE', #4645 ) ;
#5733 = DIRECTION ( 'NONE',  ( 1.000000000000000000, 0.000000000000000000, 0.000000000000000000 ) ) ;
#5734 = CYLINDRICAL_SURFACE ( 'NONE', #3867, 0.3799999999999998934 ) ;
#5735 = EDGE_CURVE ( 'NONE', #1102, #5451, #3919, .T. ) ;
#5736 =( LENGTH_UNIT ( ) NAMED_UNIT ( * ) SI_UNIT ( .MILLI., .METRE. ) );
#5737 = ORIENTED_EDGE ( 'NONE', *, *, #2378, .F. ) ;
#5738 = ORIENTED_EDGE ( 'NONE', *, *, #689, .F. ) ;
#5739 = B_SPLINE_CURVE_WITH_KNOTS ( 'NONE', 3,
 ( #2323, #6034, #2247, #5519, #3693, #859 ),
 .UNSPECIFIED., .F., .F.,
 ( 4, 2, 4 ),
 ( 0.000000000000000000, 0.0002044523773157520883, 0.0004089047546315048272 ),
 .UNSPECIFIED. ) ;
#5740 = EDGE_CURVE ( 'NONE', #106, #3620, #3755, .T. ) ;
#5741 = VERTEX_POINT ( 'NONE', #2775 ) ;
#5742 =( GEOMETRIC_REPRESENTATION_CONTEXT ( 3 ) GLOBAL_UNCERTAINTY_ASSIGNED_CONTEXT ( ( #1626 ) ) GLOBAL_UNIT_ASSIGNED_CONTEXT ( ( #5376, #5842, #3515 ) ) REPRESENTATION_CONTEXT ( 'NONE', 'WORKASPACE' ) );
#5743 = EDGE_CURVE ( 'NONE', #1651, #4413, #5348, .T. ) ;
#5744 = FACE_OUTER_BOUND ( 'NONE', #4195, .T. ) ;
#5745 = ORIENTED_EDGE ( 'NONE', *, *, #3478, .F. ) ;
#5746 = FILL_AREA_STYLE_COLOUR ( '', #835 ) ;
#5747 =( NAMED_UNIT ( * ) SI_UNIT ( $, .STERADIAN. ) SOLID_ANGLE_UNIT ( ) );
#5748 = VECTOR ( 'NONE', #851, 1000.000000000000000 ) ;
#5749 = CARTESIAN_POINT ( 'NONE',  ( 3.367778697655221505E-16, -2.023298562962320357, 2.750000000000000444 ) ) ;
#5750 = SURFACE_SIDE_STYLE ('',( #5866 ) ) ;
#5751 = CIRCLE ( 'NONE', #1902, 0.3800000000000001710 ) ;
#5752 = UNCERTAINTY_MEASURE_WITH_UNIT (LENGTH_MEASURE( 1.000000000000000082E-05 ), #1578, 'distance_accuracy_value', 'NONE');
#5753 = CARTESIAN_POINT ( 'NONE',  ( -1.796708070302905247, -1.049999999999999600, 2.081907805381499887 ) ) ;
#5754 = ADVANCED_FACE ( 'NONE', ( #1158 ), #3774, .F. ) ;
#5755 = ORIENTED_EDGE ( 'NONE', *, *, #4807, .T. ) ;
#5756 = CARTESIAN_POINT ( 'NONE',  ( -2.362670273047593028, -2.365208070679267749, 1.985556981812105048 ) ) ;
#5757 = VECTOR ( 'NONE', #2555, 1000.000000000000000 ) ;
#5758 =( NAMED_UNIT ( * ) PLANE_ANGLE_UNIT ( ) SI_UNIT ( $, .RADIAN. ) );
#5759 = DIRECTION ( 'NONE',  ( 1.000000000000000000, 0.000000000000000000, 0.000000000000000000 ) ) ;
#5760 = CARTESIAN_POINT ( 'NONE',  ( 1.500000000000000000, 2.500000000000000000, 2.914213562373118016 ) ) ;
#5761 = EDGE_LOOP ( 'NONE', ( #3112, #592, #5211, #2290, #1618 ) ) ;
#5762 = FILL_AREA_STYLE_COLOUR ( '', #783 ) ;
#5763 = VECTOR ( 'NONE', #2199, 1000.000000000000000 ) ;
#5764 = ADVANCED_FACE ( 'NONE', ( #6077 ), #4536, .T. ) ;
#5765 = CARTESIAN_POINT ( 'NONE',  ( 3.090753943997285980, 2.120000000000000107, 2.742452421083585890 ) ) ;
#5766 = PRESENTATION_LAYER_ASSIGNMENT (  '', '', ( #3656 ) ) ;
#5767 = EDGE_LOOP ( 'NONE', ( #669, #4998, #67 ) ) ;
#5768 = DIRECTION ( 'NONE',  ( 0.000000000000000000, 8.673617379884035472E-16, 1.000000000000000000 ) ) ;
#5769 = CARTESIAN_POINT ( 'NONE',  ( 1.500000000000000000, 1.680000000000000160, 2.914213562373118016 ) ) ;
#5770 = PRESENTATION_LAYER_ASSIGNMENT (  '', '', ( #5029 ) ) ;
#5771 =( GEOMETRIC_REPRESENTATION_CONTEXT ( 3 ) GLOBAL_UNCERTAINTY_ASSIGNED_CONTEXT ( ( #1708 ) ) GLOBAL_UNIT_ASSIGNED_CONTEXT ( ( #2915, #3453, #97 ) ) REPRESENTATION_CONTEXT ( 'NONE', 'WORKASPACE' ) );
#5772 = EDGE_LOOP ( 'NONE', ( #2362, #264, #814, #966, #4426, #523 ) ) ;
#5773 = DIRECTION ( 'NONE',  ( 1.000000000000000000, 0.000000000000000000, 0.000000000000000000 ) ) ;
#5774 = CARTESIAN_POINT ( 'NONE',  ( -2.279999999999999361, -1.299999999999999600, 2.914213562373119348 ) ) ;
#5775 = AXIS2_PLACEMENT_3D ( 'NONE', #5645, #2060, #2002 ) ;
#5776 = DIRECTION ( 'NONE',  ( 0.000000000000000000, -1.000000000000000000, 0.000000000000000000 ) ) ;
#5777 = CARTESIAN_POINT ( 'NONE',  ( 2.364252274731074355, 2.499999999999999556, 3.369999999999996554 ) ) ;
#5778 = UNCERTAINTY_MEASURE_WITH_UNIT (LENGTH_MEASURE( 1.000000000000000082E-05 ), #146, 'distance_accuracy_value', 'NONE');
#5779 = AXIS2_PLACEMENT_3D ( 'NONE', #2650, #3145, #376 ) ;
#5780 = DIRECTION ( 'NONE',  ( -1.000000000000000000, -0.000000000000000000, -7.132909029509894478E-17 ) ) ;
#5781 = B_SPLINE_CURVE_WITH_KNOTS ( 'NONE', 3,
 ( #1442, #1009, #995, #5703 ),
 .UNSPECIFIED., .F., .F.,
 ( 4, 4 ),
 ( 0.000000000000000000, 9.460916192837540031E-05 ),
 .UNSPECIFIED. ) ;
#5782 = CARTESIAN_POINT ( 'NONE',  ( 3.099999999999999201, 1.713783658502199270, 3.733548926643208254 ) ) ;
#5783 = SURFACE_STYLE_USAGE ( .BOTH. , #3055 ) ;
#5784 = VERTEX_POINT ( 'NONE', #4745 ) ;
#5785 = DIRECTION ( 'NONE',  ( 6.395241105176019481E-16, 1.000000000000000000, -6.395241105176097381E-16 ) ) ;
#5786 = COLOUR_RGB ( '',1.000000000000000000, 1.000000000000000000, 1.000000000000000000 ) ;
#5787 = EDGE_CURVE ( 'NONE', #1688, #3117, #284, .T. ) ;
#5788 = AXIS2_PLACEMENT_3D ( 'NONE', #760, #5059, #390 ) ;
#5789 = ADVANCED_FACE ( 'NONE', ( #5192 ), #968, .T. ) ;
#5790 = PRESENTATION_STYLE_ASSIGNMENT (( #2732 ) ) ;
#5791 = COLOUR_RGB ( '',1.000000000000000000, 1.000000000000000000, 1.000000000000000000 ) ;
#5792 = DIRECTION ( 'NONE',  ( -0.000000000000000000, 0.000000000000000000, 1.000000000000000000 ) ) ;
#5793 = DIRECTION ( 'NONE',  ( 0.000000000000000000, 0.000000000000000000, 1.000000000000000000 ) ) ;
#5794 = SURFACE_SIDE_STYLE ('',( #2097 ) ) ;
#5795 = CARTESIAN_POINT ( 'NONE',  ( 1.552371932677534483, 2.419567804003486700, 2.293846349132969475 ) ) ;
#5796 = FILL_AREA_STYLE ('',( #4425 ) ) ;
#5797 = CIRCLE ( 'NONE', #3595, 0.3800000000000001155 ) ;
#5798 = LINE ( 'NONE', #3005, #4546 ) ;
#5799 = ORIENTED_EDGE ( 'NONE', *, *, #2086, .F. ) ;
#5800 = COLOUR_RGB ( '',1.000000000000000000, 1.000000000000000000, 1.000000000000000000 ) ;
#5801 = CARTESIAN_POINT ( 'NONE',  ( 3.100000000000006750, 2.086243987478273443, 3.733574561574644957 ) ) ;
#5802 = CARTESIAN_POINT ( 'NONE',  ( -2.588655117459720323, -2.499999999999999556, 3.692892036792946531 ) ) ;
#5803 = MECHANICAL_DESIGN_GEOMETRIC_PRESENTATION_REPRESENTATION (  '', ( #2553 ), #4226 ) ;
#5804 = VERTEX_POINT ( 'NONE', #4251 ) ;
#5805 = EDGE_LOOP ( 'NONE', ( #302, #2522, #3858, #2085 ) ) ;
#5806 = PLANE ( 'NONE',  #1437 ) ;
#5807 =( NAMED_UNIT ( * ) SI_UNIT ( $, .STERADIAN. ) SOLID_ANGLE_UNIT ( ) );
#5808 = CARTESIAN_POINT ( 'NONE',  ( 3.099999999999999645, 1.967789365104763100, 3.378528212460670144 ) ) ;
#5809 = CARTESIAN_POINT ( 'NONE',  ( -2.320658726484614132, -1.900660651189921779, -0.6490223526882519245 ) ) ;
#5810 = FACE_OUTER_BOUND ( 'NONE', #963, .T. ) ;
#5811 = AXIS2_PLACEMENT_3D ( 'NONE', #4772, #1146, #5369 ) ;
#5812 =( NAMED_UNIT ( * ) SI_UNIT ( $, .STERADIAN. ) SOLID_ANGLE_UNIT ( ) );
#5813 = CARTESIAN_POINT ( 'NONE',  ( 2.340673160867346780, 2.499999999999999112, 3.716906007445571980 ) ) ;
#5814 = EDGE_LOOP ( 'NONE', ( #3548, #5601, #584 ) ) ;
#5815 = CARTESIAN_POINT ( 'NONE',  ( 2.388882684985831339, 1.981555027345031084, -0.1902475478904400996 ) ) ;
#5816 = VERTEX_POINT ( 'NONE', #2898 ) ;
#5817 = CARTESIAN_POINT ( 'NONE',  ( -2.081907805381480348, -1.049999999999999822, 1.796708070302927673 ) ) ;
#5818 = PRESENTATION_STYLE_ASSIGNMENT (( #1628 ) ) ;
#5819 = ORIENTED_EDGE ( 'NONE', *, *, #1732, .T. ) ;
#5820 = ORIENTED_EDGE ( 'NONE', *, *, #4761, .F. ) ;
#5821 = SURFACE_STYLE_FILL_AREA ( #4574 ) ;
#5822 = EDGE_CURVE ( 'NONE', #2919, #1976, #63, .T. ) ;
#5823 = EDGE_LOOP ( 'NONE', ( #2641, #4017, #2716, #4570 ) ) ;
#5824 =( GEOMETRIC_REPRESENTATION_CONTEXT ( 3 ) GLOBAL_UNCERTAINTY_ASSIGNED_CONTEXT ( ( #923 ) ) GLOBAL_UNIT_ASSIGNED_CONTEXT ( ( #1086, #1510, #4307 ) ) REPRESENTATION_CONTEXT ( 'NONE', 'WORKASPACE' ) );
#5825 = EDGE_CURVE ( 'NONE', #4593, #901, #3899, .T. ) ;
#5826 = ORIENTED_EDGE ( 'NONE', *, *, #3560, .F. ) ;
#5827 = CARTESIAN_POINT ( 'NONE',  ( 2.719999999999999751, 2.120000000000000107, 3.369999999999996110 ) ) ;
#5828 = FILL_AREA_STYLE ('',( #5455 ) ) ;
#5829 = CARTESIAN_POINT ( 'NONE',  ( -1.899999999999999245, -1.696039219456287217, 3.369999999999996110 ) ) ;
#5830 = CARTESIAN_POINT ( 'NONE',  ( 0.000000000000000000, 0.000000000000000000, 3.749999999999996447 ) ) ;
#5831 = SPHERICAL_SURFACE ( 'NONE', #116, 0.3800000000000000044 ) ;
#5832 = CARTESIAN_POINT ( 'NONE',  ( 2.408458417006281049, 2.188235210901873451, 3.750000036924225011 ) ) ;
#5833 = CARTESIAN_POINT ( 'NONE',  ( 1.787845007100875572, 2.271779955830754538, 1.455699812630557810 ) ) ;
#5834 = EDGE_LOOP ( 'NONE', ( #4513, #3405, #1840, #1026, #4093 ) ) ;
#5835 = PRESENTATION_LAYER_ASSIGNMENT (  '', '', ( #4578 ) ) ;
#5836 = CARTESIAN_POINT ( 'NONE',  ( 2.719999999999999751, 2.120000000000000107, 3.749999999999996447 ) ) ;
#5837 = ORIENTED_EDGE ( 'NONE', *, *, #4759, .T. ) ;
#5838 =( NAMED_UNIT ( * ) PLANE_ANGLE_UNIT ( ) SI_UNIT ( $, .RADIAN. ) );
#5839 = CARTESIAN_POINT ( 'NONE',  ( 3.099999999999999645, 1.740704934618818589, 3.716900407159895448 ) ) ;
#5840 = CARTESIAN_POINT ( 'NONE',  ( -2.659295065381188206, -2.500000000000000000, 3.716900407159888342 ) ) ;
#5841 = PRESENTATION_LAYER_ASSIGNMENT (  '', '', ( #5532 ) ) ;
#5842 =( NAMED_UNIT ( * ) PLANE_ANGLE_UNIT ( ) SI_UNIT ( $, .RADIAN. ) );
#5843 = CARTESIAN_POINT ( 'NONE',  ( 1.470642449073892966, 2.164999670404623267, 2.268860307803588050 ) ) ;
#5844 = PRESENTATION_LAYER_ASSIGNMENT (  '', '', ( #2354 ) ) ;
#5845 = CARTESIAN_POINT ( 'NONE',  ( -2.350000000000000089, 1.948612563757637695, -0.3770735427270492379 ) ) ;
#5846 = FILL_AREA_STYLE ('',( #5356 ) ) ;
#5847 = AXIS2_PLACEMENT_3D ( 'NONE', #2257, #2318, #4629 ) ;
#5848 = CARTESIAN_POINT ( 'NONE',  ( 2.546479191630675487, 2.199984217534125985, 3.749999999643655713 ) ) ;
#5849 = UNCERTAINTY_MEASURE_WITH_UNIT (LENGTH_MEASURE( 1.000000000000000082E-05 ), #5873, 'distance_accuracy_value', 'NONE');
#5850 = EDGE_CURVE ( 'NONE', #1976, #2972, #4320, .T. ) ;
#5851 = CARTESIAN_POINT ( 'NONE',  ( 2.703960780543711362, 1.300000000000000044, 3.369999999999996110 ) ) ;
#5852 = EDGE_CURVE ( 'NONE', #5804, #5897, #5781, .T. ) ;
#5853 = AXIS2_PLACEMENT_3D ( 'NONE', #1888, #5175, #3432 ) ;
#5854 = CARTESIAN_POINT ( 'NONE',  ( 3.047059730934813082, 2.431386546445565955, 2.360873768274664997 ) ) ;
#5855 = FILL_AREA_STYLE_COLOUR ( '', #4250 ) ;
#5856 =( LENGTH_UNIT ( ) NAMED_UNIT ( * ) SI_UNIT ( .MILLI., .METRE. ) );
#5857 = VECTOR ( 'NONE', #4046, 1000.000000000000000 ) ;
#5858 = DIRECTION ( 'NONE',  ( 0.000000000000000000, 1.000000000000000000, 0.000000000000000000 ) ) ;
#5859 = EDGE_LOOP ( 'NONE', ( #3196, #1478, #3323, #98, #3640 ) ) ;
#5860 = CARTESIAN_POINT ( 'NONE',  ( -1.745231341011713289, -2.472450580568233303, 2.593759478435594623 ) ) ;
#5861 = DIRECTION ( 'NONE',  ( 0.000000000000000000, 0.000000000000000000, 1.000000000000000000 ) ) ;
#5862 = CARTESIAN_POINT ( 'NONE',  ( -2.678424856787906982, 1.717390213037051083, 0.7198066917654928343 ) ) ;
#5863 = LINE ( 'NONE', #482, #4616 ) ;
#5864 = ORIENTED_EDGE ( 'NONE', *, *, #1417, .F. ) ;
#5865 =( NAMED_UNIT ( * ) SI_UNIT ( $, .STERADIAN. ) SOLID_ANGLE_UNIT ( ) );
#5866 = SURFACE_STYLE_FILL_AREA ( #3495 ) ;
#5867 = PRESENTATION_STYLE_ASSIGNMENT (( #2216 ) ) ;
#5868 = SURFACE_SIDE_STYLE ('',( #839 ) ) ;
#5869 = DIRECTION ( 'NONE',  ( -0.7016738431598601444, -0.1237240302064796238, -0.7016738431598673609 ) ) ;
#5870 = AXIS2_PLACEMENT_3D ( 'NONE', #1297, #732, #4997 ) ;
#5871 = VERTEX_POINT ( 'NONE', #2918 ) ;
#5872 = ORIENTED_EDGE ( 'NONE', *, *, #1959, .F. ) ;
#5873 =( LENGTH_UNIT ( ) NAMED_UNIT ( * ) SI_UNIT ( .MILLI., .METRE. ) );
#5874 = AXIS2_PLACEMENT_3D ( 'NONE', #2865, #52, #511 ) ;
#5875 = DIRECTION ( 'NONE',  ( 0.000000000000000000, 0.000000000000000000, -1.000000000000000000 ) ) ;
#5876 = ORIENTED_EDGE ( 'NONE', *, *, #5852, .T. ) ;
#5877 = UNCERTAINTY_MEASURE_WITH_UNIT (LENGTH_MEASURE( 1.000000000000000082E-05 ), #1480, 'distance_accuracy_value', 'NONE');
#5878 = CARTESIAN_POINT ( 'NONE',  ( -3.100000000000000089, -2.500000000000000000, 2.750000000000000444 ) ) ;
#5879 = FILL_AREA_STYLE ('',( #4040 ) ) ;
#5880 = PRESENTATION_LAYER_ASSIGNMENT (  '', '', ( #312 ) ) ;
#5881 = CARTESIAN_POINT ( 'NONE',  ( 3.099999999999998757, 1.831857708001808582, 3.378504732217503026 ) ) ;
#5882 = CARTESIAN_POINT ( 'NONE',  ( 2.455871511874248458, 2.500000000000000000, 3.685384098565851918 ) ) ;
#5883 = CARTESIAN_POINT ( 'NONE',  ( 2.465914902230887051, 1.300000000000000044, 3.378513995163114458 ) ) ;
#5884 = ORIENTED_EDGE ( 'NONE', *, *, #49, .T. ) ;
#5885 =( NAMED_UNIT ( * ) PLANE_ANGLE_UNIT ( ) SI_UNIT ( $, .RADIAN. ) );
#5886 = STYLED_ITEM ( 'NONE', ( #977 ), #3308 ) ;
#5887 =( LENGTH_UNIT ( ) NAMED_UNIT ( * ) SI_UNIT ( .MILLI., .METRE. ) );
#5888 = CIRCLE ( 'NONE', #5853, 0.2500000000000001110 ) ;
#5889 = CARTESIAN_POINT ( 'NONE',  ( 0.6549121124103715053, 2.489609106062014021, 2.691070312120142471 ) ) ;
#5890 = CIRCLE ( 'NONE', #193, 0.2499999999999998612 ) ;
#5891 = PRESENTATION_STYLE_ASSIGNMENT (( #290 ) ) ;
#5892 = FILL_AREA_STYLE_COLOUR ( '', #2567 ) ;
#5893 = LINE ( 'NONE', #492, #3714 ) ;
#5894 = CARTESIAN_POINT ( 'NONE',  ( -3.100000000000000089, -2.103960780543711717, 3.749999999999996447 ) ) ;
#5895 = STYLED_ITEM ( 'NONE', ( #3039 ), #4245 ) ;
#5896 = CARTESIAN_POINT ( 'NONE',  ( -2.279999999999999361, -2.500000000000000000, 2.914213562373119348 ) ) ;
#5897 = VERTEX_POINT ( 'NONE', #5214 ) ;
#5898 = CARTESIAN_POINT ( 'NONE',  ( -1.499999999999999556, -2.120000000000000107, 2.914213562373118904 ) ) ;
#5899 = CARTESIAN_POINT ( 'NONE',  ( 1.474047684343449127, 2.336242184217897755, 1.821283276534618079 ) ) ;
#5900 = CARTESIAN_POINT ( 'NONE',  ( 2.362670273047593028, 1.300000000000000044, 2.051543289325534314 ) ) ;
#5901 = EDGE_LOOP ( 'NONE', ( #375, #5549, #2008, #5204 ) ) ;
#5902 = SURFACE_STYLE_USAGE ( .BOTH. , #1740 ) ;
#5903 = CARTESIAN_POINT ( 'NONE',  ( 2.703960780543712250, 1.300000000000000044, 3.749999999999997335 ) ) ;
#5904 = DIRECTION ( 'NONE',  ( 1.000000000000000000, 0.000000000000000000, 0.000000000000000000 ) ) ;
#5905 = EDGE_CURVE ( 'NONE', #5513, #5658, #4841, .T. ) ;
#5906 = ORIENTED_EDGE ( 'NONE', *, *, #5931, .T. ) ;
#5907 = DIRECTION ( 'NONE',  ( -0.000000000000000000, 0.000000000000000000, 1.000000000000000000 ) ) ;
#5908 = CARTESIAN_POINT ( 'NONE',  ( -2.892019319099823349, -2.026025134705050412, 2.043491181675993307 ) ) ;
#5909 =( NAMED_UNIT ( * ) SI_UNIT ( $, .STERADIAN. ) SOLID_ANGLE_UNIT ( ) );
#5910 = MECHANICAL_DESIGN_GEOMETRIC_PRESENTATION_REPRESENTATION (  '', ( #2664 ), #2149 ) ;
#5911 =( BOUNDED_CURVE ( )  B_SPLINE_CURVE ( 3, ( #924, #4654, #1805, #874 ),
 .UNSPECIFIED., .F., .F. ) 
 B_SPLINE_CURVE_WITH_KNOTS ( ( 4, 4 ),
 ( 3.926990816987245836, 4.586121344722654314 ),
 .UNSPECIFIED. ) 
 CURVE ( )  GEOMETRIC_REPRESENTATION_ITEM ( )  RATIONAL_B_SPLINE_CURVE ( ( 1.000000000000000000, 0.9641220848919582753, 0.9641220848919582753, 1.000000000000000000 ) ) 
 REPRESENTATION_ITEM ( '' )  );
#5912 =( NAMED_UNIT ( * ) SI_UNIT ( $, .STERADIAN. ) SOLID_ANGLE_UNIT ( ) );
#5913 = PLANE ( 'NONE',  #151 ) ;
#5914 = CARTESIAN_POINT ( 'NONE',  ( 2.325783511472033993, 1.878839352128927498, 1.477255374048173753 ) ) ;
#5915 = AXIS2_PLACEMENT_3D ( 'NONE', #1173, #5869, #5706 ) ;
#5916 = CARTESIAN_POINT ( 'NONE',  ( -2.254375959005732621, -2.470747646400733633, 2.584101658851444938 ) ) ;
#5917 = COLOUR_RGB ( '',0.7921568627450980005, 0.8196078431372548767, 0.9333333333333333481 ) ;
#5918 = CARTESIAN_POINT ( 'NONE',  ( 2.333712006467778100, 1.300000000000000044, 1.880140256368991514 ) ) ;
#5919 = CARTESIAN_POINT ( 'NONE',  ( 2.271172151325252297, 1.300000000000000044, 1.960045167603192695 ) ) ;
#5920 = UNCERTAINTY_MEASURE_WITH_UNIT (LENGTH_MEASURE( 1.000000000000000082E-05 ), #4034, 'distance_accuracy_value', 'NONE');
#5921 = CARTESIAN_POINT ( 'NONE',  ( -1.841925671052633717, -2.066156149601170444, 2.690453808476516606 ) ) ;
#5922 = AXIS2_PLACEMENT_3D ( 'NONE', #3340, #4686, #1445 ) ;
#5923 =( LENGTH_UNIT ( ) NAMED_UNIT ( * ) SI_UNIT ( .MILLI., .METRE. ) );
#5924 =( BOUNDED_SURFACE ( )  B_SPLINE_SURFACE ( 3, 2, ( 
 ( #3135, #5423, #5449 ),
 ( #3154, #1287, #2210 ),
 ( #1714, #1263, #2704 ),
 ( #5470, #803, #3617 ),
 ( #781, #2663, #4568 ),
 ( #5933, #1746, #2177 ),
 ( #4485, #2690, #301 ),
 ( #762, #4541, #369 ),
 ( #3583, #1734, #2148 ),
 ( #2621, #740, #5485 ) ),
 .UNSPECIFIED., .F., .F., .F. ) 
 B_SPLINE_SURFACE_WITH_KNOTS ( ( 4, 2, 2, 2, 4 ),
 ( 3, 3 ),
 ( -2.710505431213761085E-20, 0.0003065909123240199096, 0.0006131818246480398192, 0.0009197727369720596746, 0.001226363649296079638 ),
 ( 0.000000000000000000, 1.000000000000000000 ),
 .UNSPECIFIED. ) 
 GEOMETRIC_REPRESENTATION_ITEM ( )  RATIONAL_B_SPLINE_SURFACE ( (
 ( 1.000000000000000000, 0.7996203632984812959, 1.000000000000000000),
 ( 1.000000000000000000, 0.7924251178707266696, 1.000000000000000000),
 ( 1.000000000000000000, 0.8034072541557170100, 1.000000000000000000),
 ( 1.000000000000000000, 0.8456296425962527286, 1.000000000000000000),
 ( 1.000000000000000000, 0.8759949474203426734, 1.000000000000000000),
 ( 1.000000000000000000, 0.9309413785954353537, 1.000000000000000000),
 ( 1.000000000000000000, 0.9559659733923443481, 1.000000000000000000),
 ( 1.000000000000000000, 0.9901640819542713023, 1.000000000000000000),
 ( 1.000000000000000000, 1.000066114546769080, 1.000000000000000000),
 ( 1.000000000000000000, 1.000000000000000000, 1.000000000000000000) ) ) 
 REPRESENTATION_ITEM ( '' )  SURFACE ( )  );
#5925 = SURFACE_SIDE_STYLE ('',( #1724 ) ) ;
#5926 = FILL_AREA_STYLE_COLOUR ( '', #4800 ) ;
#5927 = SURFACE_SIDE_STYLE ('',( #2383 ) ) ;
#5928 = EDGE_CURVE ( 'NONE', #4593, #4262, #1308, .T. ) ;
#5929 = PRESENTATION_LAYER_ASSIGNMENT (  '', '', ( #5624 ) ) ;
#5931 = EDGE_CURVE ( 'NONE', #6030, #5431, #2490, .T. ) ;
#5930 =( NAMED_UNIT ( * ) PLANE_ANGLE_UNIT ( ) SI_UNIT ( $, .RADIAN. ) );
#5932 = FILL_AREA_STYLE_COLOUR ( '', #336 ) ;
#5933 = CARTESIAN_POINT ( 'NONE',  ( -1.383154508968708729, -2.317828108149227795, 2.121861082488145644 ) ) ;
#5934 = VERTEX_POINT ( 'NONE', #1876 ) ;
#5935 = CARTESIAN_POINT ( 'NONE',  ( -3.099999999999999645, -1.713783658502201712, 3.733548926643215360 ) ) ;
#5936 = VECTOR ( 'NONE', #4494, 1000.000000000000114 ) ;
#5937 = CARTESIAN_POINT ( 'NONE',  ( -2.279999999999999361, -2.103960780543710829, 3.369999999999996110 ) ) ;
#5938 = LINE ( 'NONE', #2724, #572 ) ;
#5939 = COLOUR_RGB ( '',1.000000000000000000, 1.000000000000000000, 1.000000000000000000 ) ;
#5940 = FILL_AREA_STYLE ('',( #1720 ) ) ;
#5941 = ORIENTED_EDGE ( 'NONE', *, *, #984, .T. ) ;
#5942 = CARTESIAN_POINT ( 'NONE',  ( -2.716008807648081724, -2.499933720857093089, 2.749624112301811252 ) ) ;
#5943 = SURFACE_STYLE_FILL_AREA ( #4063 ) ;
#5944 = PRESENTATION_STYLE_ASSIGNMENT (( #1774 ) ) ;
#5945 = DIRECTION ( 'NONE',  ( 1.000000000000000000, 0.000000000000000000, 0.000000000000000000 ) ) ;
#5946 = EDGE_CURVE ( 'NONE', #2445, #2965, #2942, .T. ) ;
#5947 = DIRECTION ( 'NONE',  ( 1.000000000000000000, 0.000000000000000000, 0.000000000000000000 ) ) ;
#5948 = ORIENTED_EDGE ( 'NONE', *, *, #2686, .F. ) ;
#5949 = ORIENTED_EDGE ( 'NONE', *, *, #1380, .T. ) ;
#5950 = CARTESIAN_POINT ( 'NONE',  ( 2.660860126413364224, 1.643906838420351679, 3.749999963075768328 ) ) ;
#5951 = ORIENTED_EDGE ( 'NONE', *, *, #6059, .T. ) ;
#5952 = FACE_OUTER_BOUND ( 'NONE', #1356, .T. ) ;
#5953 =( LENGTH_UNIT ( ) NAMED_UNIT ( * ) SI_UNIT ( .MILLI., .METRE. ) );
#5954 = VERTEX_POINT ( 'NONE', #2453 ) ;
#5955 =( GEOMETRIC_REPRESENTATION_CONTEXT ( 3 ) GLOBAL_UNCERTAINTY_ASSIGNED_CONTEXT ( ( #537 ) ) GLOBAL_UNIT_ASSIGNED_CONTEXT ( ( #3040, #211, #1137 ) ) REPRESENTATION_CONTEXT ( 'NONE', 'WORKASPACE' ) );
#5956 = CARTESIAN_POINT ( 'NONE',  ( 0.000000000000000000, 1.588484854837449722, -2.419459271066770167 ) ) ;
#5957 = VERTEX_POINT ( 'NONE', #5817 ) ;
#5958 = CARTESIAN_POINT ( 'NONE',  ( 2.280000000000000249, 2.120000000000000107, 3.369999999999996110 ) ) ;
#5959 = SURFACE_STYLE_FILL_AREA ( #4947 ) ;
#5960 = CARTESIAN_POINT ( 'NONE',  ( -2.533935511664342943, -1.299999999999999600, 3.378518974520776652 ) ) ;
#5961 =( GEOMETRIC_REPRESENTATION_CONTEXT ( 3 ) GLOBAL_UNCERTAINTY_ASSIGNED_CONTEXT ( ( #2294 ) ) GLOBAL_UNIT_ASSIGNED_CONTEXT ( ( #3516, #287, #4517 ) ) REPRESENTATION_CONTEXT ( 'NONE', 'WORKASPACE' ) );
#5962 = CARTESIAN_POINT ( 'NONE',  ( -3.099999999999999645, -1.944128488125743681, 3.685384098565845257 ) ) ;
#5963 = ORIENTED_EDGE ( 'NONE', *, *, #3537, .F. ) ;
#5964 = CARTESIAN_POINT ( 'NONE',  ( -2.405199522796683365, -1.900863014915504579, 1.310616467326896961 ) ) ;
#5965 = UNCERTAINTY_MEASURE_WITH_UNIT (LENGTH_MEASURE( 1.000000000000000082E-05 ), #1778, 'distance_accuracy_value', 'NONE');
#5966 = ORIENTED_EDGE ( 'NONE', *, *, #3964, .F. ) ;
#5967 = FILL_AREA_STYLE_COLOUR ( '', #507 ) ;
#5968 =( NAMED_UNIT ( * ) PLANE_ANGLE_UNIT ( ) SI_UNIT ( $, .RADIAN. ) );
#5969 = STYLED_ITEM ( 'NONE', ( #1123 ), #2371 ) ;
#5970 = COLOUR_RGB ( '',1.000000000000000000, 1.000000000000000000, 1.000000000000000000 ) ;
#5971 = CARTESIAN_POINT ( 'NONE',  ( -1.960045167603168936, -1.299999999999999600, 2.271172151325272726 ) ) ;
#5972 = SURFACE_SIDE_STYLE ('',( #3573 ) ) ;
#5973 =( NAMED_UNIT ( * ) PLANE_ANGLE_UNIT ( ) SI_UNIT ( $, .RADIAN. ) );
#5974 = ORIENTED_EDGE ( 'NONE', *, *, #5078, .T. ) ;
#5975 = ORIENTED_EDGE ( 'NONE', *, *, #12, .T. ) ;
#5976 = STYLED_ITEM ( 'NONE', ( #4387 ), #5789 ) ;
#5977 = CARTESIAN_POINT ( 'NONE',  ( 1.808474227700732184, 2.480690444936060057, 2.640490071421425888 ) ) ;
#5978 = PRESENTATION_STYLE_ASSIGNMENT (( #2423 ) ) ;
#5979 = EDGE_CURVE ( 'NONE', #4212, #13, #5268, .T. ) ;
#5980 = LINE ( 'NONE', #2920, #3057 ) ;
#5981 = CARTESIAN_POINT ( 'NONE',  ( 2.314080124404402916, 1.663273992654538347, 3.749999999999996447 ) ) ;
#5982 = STYLED_ITEM ( 'NONE', ( #5790 ), #3811 ) ;
#5983 = LINE ( 'NONE', #5447, #1419 ) ;
#5984 = CARTESIAN_POINT ( 'NONE',  ( 1.500000000000000000, 1.300000000000000044, 2.914213562373118016 ) ) ;
#5985 = DIRECTION ( 'NONE',  ( 0.000000000000000000, 0.000000000000000000, 1.000000000000000000 ) ) ;
#5986 = FILL_AREA_STYLE_COLOUR ( '', #879 ) ;
#5987 = CARTESIAN_POINT ( 'NONE',  ( -2.296039219456288194, -1.299999999999999600, 3.369999999999996110 ) ) ;
#5988 = EDGE_LOOP ( 'NONE', ( #3556, #647, #5820, #3262, #761, #384, #2659, #4551 ) ) ;
#5989 = CARTESIAN_POINT ( 'NONE',  ( -1.433351036997312367, -1.679999999999999716, 2.385432565014466544 ) ) ;
#5990 = DIRECTION ( 'NONE',  ( 0.7016738431598600334, 0.1237240302064796099, 0.7016738431598673609 ) ) ;
#5991 =( NAMED_UNIT ( * ) PLANE_ANGLE_UNIT ( ) SI_UNIT ( $, .RADIAN. ) );
#5992 = AXIS2_PLACEMENT_3D ( 'NONE', #4073, #778, #3171 ) ;
#5993 =( LENGTH_UNIT ( ) NAMED_UNIT ( * ) SI_UNIT ( .MILLI., .METRE. ) );
#5994 = CARTESIAN_POINT ( 'NONE',  ( 2.402912572024157534, -1.817613950279431512, 1.384952186242535799 ) ) ;
#5995 = DIRECTION ( 'NONE',  ( 0.000000000000000000, 0.000000000000000000, 1.000000000000000000 ) ) ;
#5996 = CARTESIAN_POINT ( 'NONE',  ( 2.326552506016132504, 1.680000000000000160, 1.478024368592295135 ) ) ;
#5997 = CARTESIAN_POINT ( 'NONE',  ( -2.279999999999999361, -2.103960780543710829, 3.749999999999996447 ) ) ;
#5998 = CARTESIAN_POINT ( 'NONE',  ( 1.782842712474619784, 2.045841206191270967, 2.631370849898500452 ) ) ;
#5999 = MECHANICAL_DESIGN_GEOMETRIC_PRESENTATION_REPRESENTATION (  '', ( #2307 ), #845 ) ;
#6000 =( BOUNDED_SURFACE ( )  B_SPLINE_SURFACE ( 3, 2, ( 
 ( #618, #3441, #5277 ),
 ( #1193, #5795, #1683 ),
 ( #3938, #139, #595 ),
 ( #2173, #5889, #3565 ),
 ( #3011, #4481, #1079 ),
 ( #2498, #4045, #5446 ) ),
 .UNSPECIFIED., .F., .F., .F. ) 
 B_SPLINE_SURFACE_WITH_KNOTS ( ( 4, 2, 4 ),
 ( 3, 3 ),
 ( 2.446854898194988692, 2.794223775892390904, 3.141592653589793116 ),
 ( 0.000000000000000000, 1.000000000000000000 ),
 .UNSPECIFIED. ) 
 GEOMETRIC_REPRESENTATION_ITEM ( )  RATIONAL_B_SPLINE_SURFACE ( (
 ( 1.000000000000000000, 0.6582551620979028018, 1.000000000000000000),
 ( 1.000000000000000000, 0.6533616921958198542, 1.000000000000000000),
 ( 1.000000000000000000, 0.6494545196194642100, 1.000000000000000000),
 ( 1.000000000000000000, 0.6441633054200087694, 1.000000000000000000),
 ( 1.000000000000000000, 0.6427811192225983961, 1.000000000000000000),
 ( 1.000000000000000000, 0.6427876096865416944, 1.000000000000000000) ) ) 
 REPRESENTATION_ITEM ( '' )  SURFACE ( )  );
#6001 =( NAMED_UNIT ( * ) SI_UNIT ( $, .STERADIAN. ) SOLID_ANGLE_UNIT ( ) );
#6002 = FILL_AREA_STYLE ('',( #3597 ) ) ;
#6003 = DIRECTION ( 'NONE',  ( -1.000000000000000000, 0.000000000000000000, 0.000000000000000000 ) ) ;
#6004 = PRESENTATION_LAYER_ASSIGNMENT (  '', '', ( #2664 ) ) ;
#6005 = CYLINDRICAL_SURFACE ( 'NONE', #2566, 0.2999999999999999334 ) ;
#6006 = CARTESIAN_POINT ( 'NONE',  ( -2.703960780543710918, -1.299999999999999600, 3.369999999999996110 ) ) ;
#6007 =( LENGTH_UNIT ( ) NAMED_UNIT ( * ) SI_UNIT ( .MILLI., .METRE. ) );
#6008 = AXIS2_PLACEMENT_3D ( 'NONE', #478, #3786, #4729 ) ;
#6009 = CARTESIAN_POINT ( 'NONE',  ( -2.063761583719426085, -2.257558471120284960, 1.483801202852767176 ) ) ;
#6010 = ADVANCED_FACE ( 'NONE', ( #142 ), #3239, .T. ) ;
#6011 = CARTESIAN_POINT ( 'NONE',  ( 3.100000000000000089, 1.300000000000000044, 3.369999999999996110 ) ) ;
#6012 = COLOUR_RGB ( '',1.000000000000000000, 1.000000000000000000, 1.000000000000000000 ) ;
#6013 = CARTESIAN_POINT ( 'NONE',  ( -2.262718640089762978, -2.500000000000000000, 2.750933814518028875 ) ) ;
#6014 = PRESENTATION_LAYER_ASSIGNMENT (  '', '', ( #2009 ) ) ;
#6015 = FILL_AREA_STYLE ('',( #2717 ) ) ;
#6016 = DIRECTION ( 'NONE',  ( 0.000000000000000000, 0.000000000000000000, 1.000000000000000000 ) ) ;
#6017 = ORIENTED_EDGE ( 'NONE', *, *, #1891, .T. ) ;
#6018 = FILL_AREA_STYLE ('',( #5553 ) ) ;
#6019 = AXIS2_PLACEMENT_3D ( 'NONE', #514, #1033, #4316 ) ;
#6020 = EDGE_CURVE ( 'NONE', #3634, #3562, #5313, .T. ) ;
#6021 = CARTESIAN_POINT ( 'NONE',  ( -0.5441455965748845935, -2.408805572831706154, 2.232810703149975762 ) ) ;
#6022 = CARTESIAN_POINT ( 'NONE',  ( 3.099999999999999645, 2.120000000000000107, 2.914213562373118016 ) ) ;
#6023 = ORIENTED_EDGE ( 'NONE', *, *, #2063, .T. ) ;
#6024 = SURFACE_SIDE_STYLE ('',( #5009 ) ) ;
#6025 =( LENGTH_UNIT ( ) NAMED_UNIT ( * ) SI_UNIT ( .MILLI., .METRE. ) );
#6026 = ORIENTED_EDGE ( 'NONE', *, *, #3249, .F. ) ;
#6027 = ORIENTED_EDGE ( 'NONE', *, *, #2050, .F. ) ;
#6028 = DIRECTION ( 'NONE',  ( 0.000000000000000000, 0.04763736882306901510, -0.9988646960883215131 ) ) ;
#6029 = CARTESIAN_POINT ( 'NONE',  ( -2.403829026145866798, -2.058784453745194032, 1.571723306825783650 ) ) ;
#6030 = VERTEX_POINT ( 'NONE', #2962 ) ;
#6031 = PRESENTATION_STYLE_ASSIGNMENT (( #428 ) ) ;
#6032 = CARTESIAN_POINT ( 'NONE',  ( 1.674869084826771326, 1.049999999999999822, 2.187056115943874612 ) ) ;
#6033 = EDGE_CURVE ( 'NONE', #1017, #6030, #3663, .T. ) ;
#6034 = CARTESIAN_POINT ( 'NONE',  ( -1.899999999999999467, -1.764252274731075154, 3.369999999999998330 ) ) ;
#6035 = ORIENTED_EDGE ( 'NONE', *, *, #4983, .F. ) ;
#6036 = LINE ( 'NONE', #3296, #5448 ) ;
#6037 = DIRECTION ( 'NONE',  ( 0.000000000000000000, 0.000000000000000000, 1.000000000000000000 ) ) ;
#6038 = ADVANCED_FACE ( 'NONE', ( #3302 ), #5304, .T. ) ;
#6039 = MECHANICAL_DESIGN_GEOMETRIC_PRESENTATION_REPRESENTATION (  '', ( #3815 ), #4127 ) ;
#6040 =( LENGTH_UNIT ( ) NAMED_UNIT ( * ) SI_UNIT ( .MILLI., .METRE. ) );
#6041 = EDGE_LOOP ( 'NONE', ( #2967, #505, #4491, #5738 ) ) ;
#6042 = DIRECTION ( 'NONE',  ( -5.188895745013400325E-16, 0.000000000000000000, -1.000000000000000000 ) ) ;
#6043 = UNCERTAINTY_MEASURE_WITH_UNIT (LENGTH_MEASURE( 1.000000000000000082E-05 ), #5626, 'distance_accuracy_value', 'NONE');
#6044 = CARTESIAN_POINT ( 'NONE',  ( -2.455675475091659177, -1.299999999999992051, 3.685404267465086203 ) ) ;
#6045 = CARTESIAN_POINT ( 'NONE',  ( 2.087219286295294375E-15, -2.417221664167204409, 2.280540728933230898 ) ) ;
#6046 = LINE ( 'NONE', #4792, #1188 ) ;
#6047 = DIRECTION ( 'NONE',  ( 0.000000000000000000, 0.000000000000000000, -1.000000000000000000 ) ) ;
#6048 = DIRECTION ( 'NONE',  ( 0.000000000000000000, 0.000000000000000000, 1.000000000000000000 ) ) ;
#6049 = CARTESIAN_POINT ( 'NONE',  ( 0.000000000000000000, -2.023298562962320801, 2.750000000000000888 ) ) ;
#6050 = ORIENTED_EDGE ( 'NONE', *, *, #1021, .F. ) ;
#6051 =( GEOMETRIC_REPRESENTATION_CONTEXT ( 3 ) GLOBAL_UNCERTAINTY_ASSIGNED_CONTEXT ( ( #1339 ) ) GLOBAL_UNIT_ASSIGNED_CONTEXT ( ( #5856, #4466, #1267 ) ) REPRESENTATION_CONTEXT ( 'NONE', 'WORKASPACE' ) );
#6052 =( NAMED_UNIT ( * ) SI_UNIT ( $, .STERADIAN. ) SOLID_ANGLE_UNIT ( ) );
#6053 = DIRECTION ( 'NONE',  ( 0.04758340845477505854, -0.9977332501624129879, -0.04758340845477564834 ) ) ;
#6054 =( LENGTH_UNIT ( ) NAMED_UNIT ( * ) SI_UNIT ( .MILLI., .METRE. ) );
#6055 = SURFACE_STYLE_FILL_AREA ( #2168 ) ;
#6056 = ORIENTED_EDGE ( 'NONE', *, *, #3868, .F. ) ;
#6057 = EDGE_CURVE ( 'NONE', #2224, #4737, #4757, .T. ) ;
#6058 = DIRECTION ( 'NONE',  ( 0.7071067811865515695, 0.000000000000000000, 0.7071067811865435759 ) ) ;
#6059 = EDGE_CURVE ( 'NONE', #1636, #1541, #429, .T. ) ;
#6060 = EDGE_CURVE ( 'NONE', #4889, #4963, #4038, .T. ) ;
#6061 =( GEOMETRIC_REPRESENTATION_CONTEXT ( 3 ) GLOBAL_UNCERTAINTY_ASSIGNED_CONTEXT ( ( #5506 ) ) GLOBAL_UNIT_ASSIGNED_CONTEXT ( ( #4969, #3195, #4096 ) ) REPRESENTATION_CONTEXT ( 'NONE', 'WORKASPACE' ) );
#6062 = ORIENTED_EDGE ( 'NONE', *, *, #4677, .F. ) ;
#6063 = CARTESIAN_POINT ( 'NONE',  ( -2.279999999999999361, -1.679999999999999716, 3.369999999999996110 ) ) ;
#6064 = CARTESIAN_POINT ( 'NONE',  ( -2.703960780543712250, -1.299999999999999600, 3.369999999999996110 ) ) ;
#6065 = CARTESIAN_POINT ( 'NONE',  ( 1.313592360542863435, 1.981653219217953898, 2.415983285760601618 ) ) ;
#6066 = FILL_AREA_STYLE ('',( #426 ) ) ;
#6067 =( LENGTH_UNIT ( ) NAMED_UNIT ( * ) SI_UNIT ( .MILLI., .METRE. ) );
#6068 = CARTESIAN_POINT ( 'NONE',  ( 1.661320464260629848, -1.623703130348853385, -2.219726505440350106 ) ) ;
#6069 = FACE_OUTER_BOUND ( 'NONE', #3826, .T. ) ;
#6070 = DIRECTION ( 'NONE',  ( 0.000000000000000000, 0.000000000000000000, 1.000000000000000000 ) ) ;
#6071 = PRESENTATION_LAYER_ASSIGNMENT (  '', '', ( #1869 ) ) ;
#6072 = UNCERTAINTY_MEASURE_WITH_UNIT (LENGTH_MEASURE( 1.000000000000000082E-05 ), #5405, 'distance_accuracy_value', 'NONE');
#6073 = CARTESIAN_POINT ( 'NONE',  ( 1.603107675674927179, 2.158301593864151879, 2.418713098749370349 ) ) ;
#6074 = FACE_OUTER_BOUND ( 'NONE', #3704, .T. ) ;
#6075 = AXIS2_PLACEMENT_3D ( 'NONE', #1039, #2046, #2457 ) ;
#6076 = FILL_AREA_STYLE_COLOUR ( '', #4755 ) ;
#6077 = FACE_OUTER_BOUND ( 'NONE', #5823, .T. ) ;
#6078 = CARTESIAN_POINT ( 'NONE',  ( -2.544128488125750653, -1.300000000000006928, 3.685384098565852806 ) ) ;
#6079 = CARTESIAN_POINT ( 'NONE',  ( 1.313038150008968508, 1.990356405407216478, 2.415964991751323954 ) ) ;
#6080 =( NAMED_UNIT ( * ) PLANE_ANGLE_UNIT ( ) SI_UNIT ( $, .RADIAN. ) );
ENDSEC;
END-ISO-10303-21;
